{
  "type": "FeatureCollection",
  "features": [
    {
      "type": "Feature",
      "geometry": {
        "type": "LineString",
        "coordinates": [
          [
            -116.1114,
            74.7751
          ],
          [
            -116.2241,
            74.6274
          ],
          [
            -116.3349,
            74.4797
          ],
          [
            -116.4439,
            74.3319
          ],
          [
            -116.5511,
            74.184
          ],
          [
            -116.6566,
            74.0361
          ],
          [
            -116.7605,
            73.8882
          ],
          [
            -116.8626,
            73.7402
          ],
          [
            -116.9632,
            73.5922
          ],
          [
            -117.0623,
            73.4441
          ],
          [
            -117.1598,
            73.2961
          ],
          [
            -117.2559,
            73.1479
          ],
          [
            -117.3505,
            72.9998
          ],
          [
            -117.4438,
            72.8516
          ],
          [
            -117.5357,
            72.7033
          ],
          [
            -117.6263,
            72.5551
          ],
          [
            -117.7156,
            72.4068
          ],
          [
            -117.8036,
            72.2584
          ],
          [
            -117.8904,
            72.1101
          ],
          [
            -117.976,
            71.9617
          ],
          [
            -118.0604,
            71.8132
          ],
          [
            -118.1437,
            71.6648
          ],
          [
            -118.2259,
            71.5163
          ],
          [
            -118.307,
            71.3678
          ],
          [
            -118.3871,
            71.2193
          ],
          [
            -118.4661,
            71.0707
          ],
          [
            -118.5441,
            70.9221
          ],
          [
            -118.6211,
            70.7735
          ],
          [
            -118.6971,
            70.6248
          ],
          [
            -118.7722,
            70.4762
          ],
          [
            -118.8464,
            70.3275
          ],
          [
            -118.9197,
            70.1788
          ],
          [
            -118.9921,
            70.03
          ],
          [
            -119.0636,
            69.8813
          ],
          [
            -119.1343,
            69.7325
          ],
          [
            -119.2042,
            69.5837
          ],
          [
            -119.2732,
            69.4348
          ],
          [
            -119.3415,
            69.286
          ],
          [
            -119.409,
            69.1371
          ],
          [
            -119.4757,
            68.9882
          ],
          [
            -119.5417,
            68.8393
          ],
          [
            -119.607,
            68.6904
          ],
          [
            -119.6716,
            68.5414
          ],
          [
            -119.7354,
            68.3924
          ],
          [
            -119.7986,
            68.2434
          ],
          [
            -119.8611,
            68.0944
          ],
          [
            -119.923,
            67.9454
          ],
          [
            -119.9842,
            67.7963
          ],
          [
            -120.0448,
            67.6473
          ],
          [
            -120.1048,
            67.4982
          ],
          [
            -120.1642,
            67.3491
          ],
          [
            -120.223,
            67.2
          ],
          [
            -120.2812,
            67.0508
          ],
          [
            -120.3388,
            66.9017
          ],
          [
            -120.3959,
            66.7525
          ],
          [
            -120.4525,
            66.6033
          ],
          [
            -120.5084,
            66.4541
          ],
          [
            -120.5639,
            66.3049
          ],
          [
            -120.6189,
            66.1557
          ],
          [
            -120.6733,
            66.0065
          ],
          [
            -120.7273,
            65.8572
          ],
          [
            -120.7807,
            65.7079
          ],
          [
            -120.8337,
            65.5586
          ],
          [
            -120.8862,
            65.4093
          ],
          [
            -120.9383,
            65.26
          ],
          [
            -120.9898,
            65.1107
          ],
          [
            -121.041,
            64.9613
          ],
          [
            -121.0917,
            64.812
          ],
          [
            -121.142,
            64.6626
          ],
          [
            -121.1918,
            64.5132
          ],
          [
            -121.2413,
            64.3638
          ],
          [
            -121.2903,
            64.2144
          ],
          [
            -121.3389,
            64.065
          ],
          [
            -121.3872,
            63.9155
          ],
          [
            -121.435,
            63.7661
          ],
          [
            -121.4825,
            63.6166
          ],
          [
            -121.5295,
            63.4671
          ],
          [
            -121.5763,
            63.3177
          ],
          [
            -121.6226,
            63.1682
          ],
          [
            -121.6686,
            63.0186
          ],
          [
            -121.7143,
            62.8691
          ],
          [
            -121.7596,
            62.7196
          ],
          [
            -121.8046,
            62.57
          ],
          [
            -121.8492,
            62.4205
          ],
          [
            -121.8935,
            62.2709
          ],
          [
            -121.9375,
            62.1213
          ],
          [
            -121.9811,
            61.9717
          ],
          [
            -122.0245,
            61.8221
          ],
          [
            -122.0675,
            61.6725
          ],
          [
            -122.1103,
            61.5229
          ],
          [
            -122.1527,
            61.3732
          ],
          [
            -122.1949,
            61.2236
          ],
          [
            -122.2368,
            61.0739
          ],
          [
            -122.2783,
            60.9243
          ],
          [
            -122.3196,
            60.7746
          ],
          [
            -122.3607,
            60.6249
          ],
          [
            -122.4014,
            60.4752
          ],
          [
            -122.4419,
            60.3255
          ],
          [
            -122.4821,
            60.1758
          ],
          [
            -122.5221,
            60.026
          ],
          [
            -122.5618,
            59.8763
          ],
          [
            -122.6012,
            59.7265
          ],
          [
            -122.6404,
            59.5768
          ],
          [
            -122.6794,
            59.427
          ],
          [
            -122.7181,
            59.2772
          ],
          [
            -122.7566,
            59.1274
          ],
          [
            -122.7949,
            58.9776
          ],
          [
            -122.8329,
            58.8278
          ],
          [
            -122.8707,
            58.678
          ],
          [
            -122.9082,
            58.5282
          ],
          [
            -122.9456,
            58.3784
          ],
          [
            -122.9827,
            58.2285
          ],
          [
            -123.0196,
            58.0787
          ],
          [
            -123.0564,
            57.9288
          ],
          [
            -123.0929,
            57.7789
          ],
          [
            -123.1291,
            57.629
          ],
          [
            -123.1652,
            57.4791
          ],
          [
            -123.2011,
            57.3292
          ],
          [
            -123.2368,
            57.1793
          ],
          [
            -123.2723,
            57.0294
          ],
          [
            -123.3076,
            56.8795
          ],
          [
            -123.3427,
            56.7296
          ],
          [
            -123.3777,
            56.5796
          ],
          [
            -123.4124,
            56.4297
          ],
          [
            -123.447,
            56.2797
          ],
          [
            -123.4814,
            56.1297
          ],
          [
            -123.5156,
            55.9798
          ],
          [
            -123.5496,
            55.8298
          ],
          [
            -123.5835,
            55.6798
          ],
          [
            -123.6172,
            55.5298
          ],
          [
            -123.6507,
            55.3798
          ],
          [
            -123.6841,
            55.2297
          ],
          [
            -123.7173,
            55.0797
          ],
          [
            -123.7503,
            54.9297
          ],
          [
            -123.7832,
            54.7796
          ],
          [
            -123.8159,
            54.6296
          ],
          [
            -123.8426,
            54.5065
          ],
          [
            -123.8735,
            54.3636
          ],
          [
            -123.9058,
            54.2136
          ],
          [
            -123.938,
            54.0635
          ],
          [
            -123.97,
            53.9134
          ],
          [
            -124.0018,
            53.7633
          ],
          [
            -124.0335,
            53.6132
          ],
          [
            -124.0651,
            53.4631
          ],
          [
            -124.0965,
            53.3129
          ],
          [
            -124.1278,
            53.1628
          ],
          [
            -124.159,
            53.0127
          ],
          [
            -124.19,
            52.8625
          ],
          [
            -124.2209,
            52.7124
          ],
          [
            -124.2516,
            52.5622
          ],
          [
            -124.2822,
            52.412
          ],
          [
            -124.3127,
            52.2618
          ],
          [
            -124.3431,
            52.1117
          ],
          [
            -124.3733,
            51.9615
          ],
          [
            -124.4034,
            51.8113
          ],
          [
            -124.4334,
            51.661
          ],
          [
            -124.4633,
            51.5108
          ],
          [
            -124.4931,
            51.3606
          ],
          [
            -124.5227,
            51.2104
          ],
          [
            -124.5522,
            51.0601
          ],
          [
            -124.5816,
            50.9099
          ],
          [
            -124.6109,
            50.7596
          ],
          [
            -124.6401,
            50.6093
          ],
          [
            -124.6691,
            50.4591
          ],
          [
            -124.6981,
            50.3088
          ],
          [
            -124.7269,
            50.1585
          ],
          [
            -124.7556,
            50.0082
          ],
          [
            -124.7843,
            49.8579
          ],
          [
            -124.8128,
            49.7076
          ],
          [
            -124.8412,
            49.5573
          ],
          [
            -124.8695,
            49.4069
          ],
          [
            -124.8977,
            49.2566
          ],
          [
            -124.9259,
            49.1063
          ],
          [
            -124.9539,
            48.9559
          ],
          [
            -124.9818,
            48.8056
          ],
          [
            -125.0096,
            48.6552
          ],
          [
            -125.0373,
            48.5048
          ],
          [
            -125.0649,
            48.3544
          ],
          [
            -125.0925,
            48.2041
          ],
          [
            -125.1199,
            48.0537
          ],
          [
            -125.1473,
            47.9033
          ],
          [
            -125.1745,
            47.7529
          ],
          [
            -125.2017,
            47.6024
          ],
          [
            -125.2288,
            47.452
          ],
          [
            -125.2557,
            47.3016
          ],
          [
            -125.2827,
            47.1512
          ],
          [
            -125.3095,
            47.0007
          ],
          [
            -125.3362,
            46.8503
          ],
          [
            -125.3628,
            46.6998
          ],
          [
            -125.3894,
            46.5493
          ],
          [
            -125.4159,
            46.3989
          ],
          [
            -125.4423,
            46.2484
          ],
          [
            -125.4686,
            46.0979
          ],
          [
            -125.4948,
            45.9474
          ],
          [
            -125.521,
            45.7969
          ],
          [
            -125.5471,
            45.6464
          ],
          [
            -125.5731,
            45.4959
          ],
          [
            -125.599,
            45.3453
          ],
          [
            -125.6249,
            45.1948
          ],
          [
            -125.6506,
            45.0443
          ],
          [
            -125.6763,
            44.8937
          ],
          [
            -125.702,
            44.7431
          ],
          [
            -125.7275,
            44.5926
          ],
          [
            -125.753,
            44.442
          ],
          [
            -125.7784,
            44.2914
          ],
          [
            -125.8037,
            44.1409
          ],
          [
            -125.829,
            43.9903
          ],
          [
            -125.8542,
            43.8397
          ],
          [
            -125.8794,
            43.6891
          ],
          [
            -125.9044,
            43.5384
          ],
          [
            -125.9294,
            43.3878
          ],
          [
            -125.9543,
            43.2372
          ],
          [
            -125.9792,
            43.0866
          ],
          [
            -126.004,
            42.9359
          ],
          [
            -126.0288,
            42.7853
          ],
          [
            -126.0534,
            42.6346
          ],
          [
            -126.078,
            42.484
          ],
          [
            -126.1026,
            42.3333
          ],
          [
            -126.1271,
            42.1826
          ],
          [
            -126.1515,
            42.0319
          ],
          [
            -126.1759,
            41.8812
          ],
          [
            -126.2002,
            41.7305
          ],
          [
            -126.2244,
            41.5798
          ],
          [
            -126.2486,
            41.4291
          ],
          [
            -126.2727,
            41.2784
          ],
          [
            -126.2968,
            41.1277
          ],
          [
            -126.3208,
            40.9769
          ],
          [
            -126.3448,
            40.8262
          ],
          [
            -126.3687,
            40.6754
          ],
          [
            -126.3925,
            40.5247
          ],
          [
            -126.4163,
            40.3739
          ],
          [
            -126.4401,
            40.2231
          ],
          [
            -126.4637,
            40.0724
          ],
          [
            -126.4874,
            39.9216
          ],
          [
            -126.511,
            39.7708
          ],
          [
            -126.5345,
            39.62
          ],
          [
            -126.558,
            39.4692
          ],
          [
            -126.5814,
            39.3184
          ],
          [
            -126.6047,
            39.1675
          ],
          [
            -126.6281,
            39.0167
          ],
          [
            -126.6513,
            38.8659
          ],
          [
            -126.6746,
            38.715
          ],
          [
            -126.6977,
            38.5642
          ],
          [
            -126.7209,
            38.4133
          ],
          [
            -126.7439,
            38.2624
          ],
          [
            -126.767,
            38.1116
          ],
          [
            -126.7899,
            37.9607
          ],
          [
            -126.8129,
            37.8098
          ],
          [
            -126.8358,
            37.6589
          ],
          [
            -126.8586,
            37.508
          ],
          [
            -126.8814,
            37.3571
          ],
          [
            -126.9042,
            37.2062
          ],
          [
            -126.9269,
            37.0553
          ],
          [
            -126.9495,
            36.9043
          ],
          [
            -126.9722,
            36.7534
          ],
          [
            -126.9948,
            36.6024
          ],
          [
            -127.0173,
            36.4515
          ],
          [
            -127.0398,
            36.3005
          ],
          [
            -127.0622,
            36.1496
          ],
          [
            -127.0846,
            35.9986
          ],
          [
            -127.107,
            35.8476
          ],
          [
            -127.1293,
            35.6966
          ],
          [
            -127.1516,
            35.5456
          ],
          [
            -127.1739,
            35.3946
          ],
          [
            -127.1961,
            35.2436
          ],
          [
            -127.2183,
            35.0926
          ],
          [
            -127.2404,
            34.9416
          ],
          [
            -127.2625,
            34.7905
          ],
          [
            -127.2845,
            34.6395
          ],
          [
            -127.3065,
            34.4885
          ],
          [
            -127.3285,
            34.3374
          ],
          [
            -127.3505,
            34.1864
          ],
          [
            -127.3724,
            34.0353
          ],
          [
            -127.3942,
            33.8842
          ],
          [
            -127.4161,
            33.7331
          ],
          [
            -127.4379,
            33.582
          ],
          [
            -127.4596,
            33.4309
          ],
          [
            -127.4813,
            33.2798
          ],
          [
            -127.503,
            33.1287
          ],
          [
            -127.5247,
            32.9776
          ],
          [
            -127.5463,
            32.8265
          ],
          [
            -127.5679,
            32.6753
          ],
          [
            -127.5894,
            32.5242
          ],
          [
            -127.611,
            32.3731
          ],
          [
            -127.6325,
            32.2219
          ],
          [
            -127.6539,
            32.0707
          ],
          [
            -127.6753,
            31.9196
          ],
          [
            -127.6967,
            31.7684
          ],
          [
            -127.7181,
            31.6172
          ],
          [
            -127.7394,
            31.466
          ],
          [
            -127.7607,
            31.3148
          ],
          [
            -127.782,
            31.1636
          ],
          [
            -127.8032,
            31.0124
          ],
          [
            -127.8244,
            30.8612
          ],
          [
            -127.8456,
            30.71
          ],
          [
            -127.8667,
            30.5587
          ],
          [
            -127.8878,
            30.4075
          ],
          [
            -127.9089,
            30.2562
          ],
          [
            -127.93,
            30.105
          ],
          [
            -127.951,
            29.9537
          ],
          [
            -127.972,
            29.8024
          ],
          [
            -127.9749,
            29.7813
          ]
        ]
      },
      "properties": {
        "product_id": "R_5496101_001_SS19_700_A",
        "instrument": "SHARAD_HIGHRES",
        "orbit_number": 54961,
        "start_lat": 74.775119,
        "start_lon": -116.111397,
        "stop_lat": 29.781253,
        "stop_lon": -127.974938
      }
    },
    {
      "type": "Feature",
      "geometry": {
        "type": "LineString",
        "coordinates": [
          [
            -116.4272,
            74.761
          ],
          [
            -116.5398,
            74.6133
          ],
          [
            -116.6506,
            74.4656
          ],
          [
            -116.7595,
            74.3179
          ],
          [
            -116.8666,
            74.1701
          ],
          [
            -116.9721,
            74.0222
          ],
          [
            -117.0758,
            73.8743
          ],
          [
            -117.1779,
            73.7264
          ],
          [
            -117.2785,
            73.5784
          ],
          [
            -117.3775,
            73.4304
          ],
          [
            -117.4749,
            73.2824
          ],
          [
            -117.571,
            73.1343
          ],
          [
            -117.6656,
            72.9862
          ],
          [
            -117.7588,
            72.838
          ],
          [
            -117.8506,
            72.6899
          ],
          [
            -117.9411,
            72.5416
          ],
          [
            -118.0304,
            72.3934
          ],
          [
            -118.1184,
            72.2451
          ],
          [
            -118.2051,
            72.0968
          ],
          [
            -118.2907,
            71.9484
          ],
          [
            -118.3751,
            71.8
          ],
          [
            -118.4584,
            71.6516
          ],
          [
            -118.5405,
            71.5032
          ],
          [
            -118.6216,
            71.3547
          ],
          [
            -118.7016,
            71.2062
          ],
          [
            -118.7806,
            71.0577
          ],
          [
            -118.8586,
            70.9092
          ],
          [
            -118.9356,
            70.7606
          ],
          [
            -119.0116,
            70.612
          ],
          [
            -119.0867,
            70.4634
          ],
          [
            -119.1608,
            70.3147
          ],
          [
            -119.2341,
            70.166
          ],
          [
            -119.3065,
            70.0173
          ],
          [
            -119.378,
            69.8686
          ],
          [
            -119.4487,
            69.7199
          ],
          [
            -119.5185,
            69.5711
          ],
          [
            -119.5876,
            69.4223
          ],
          [
            -119.6558,
            69.2735
          ],
          [
            -119.7233,
            69.1247
          ],
          [
            -119.79,
            68.9758
          ],
          [
            -119.856,
            68.827
          ],
          [
            -119.9213,
            68.6781
          ],
          [
            -119.9858,
            68.5292
          ],
          [
            -120.0497,
            68.3802
          ],
          [
            -120.1129,
            68.2313
          ],
          [
            -120.1754,
            68.0823
          ],
          [
            -120.2373,
            67.9333
          ],
          [
            -120.2985,
            67.7843
          ],
          [
            -120.3591,
            67.6353
          ],
          [
            -120.4191,
            67.4863
          ],
          [
            -120.4785,
            67.3372
          ],
          [
            -120.5372,
            67.1881
          ],
          [
            -120.5954,
            67.039
          ],
          [
            -120.6531,
            66.8899
          ],
          [
            -120.7102,
            66.7408
          ],
          [
            -120.7667,
            66.5917
          ],
          [
            -120.8227,
            66.4425
          ],
          [
            -120.8782,
            66.2933
          ],
          [
            -120.9331,
            66.1441
          ],
          [
            -120.9876,
            65.9949
          ],
          [
            -121.0415,
            65.8457
          ],
          [
            -121.095,
            65.6965
          ],
          [
            -121.148,
            65.5472
          ],
          [
            -121.2005,
            65.398
          ],
          [
            -121.2525,
            65.2487
          ],
          [
            -121.3041,
            65.0994
          ],
          [
            -121.3553,
            64.9501
          ],
          [
            -121.406,
            64.8008
          ],
          [
            -121.4563,
            64.6514
          ],
          [
            -121.5061,
            64.5021
          ],
          [
            -121.5556,
            64.3527
          ],
          [
            -121.6046,
            64.2034
          ],
          [
            -121.6532,
            64.054
          ],
          [
            -121.7015,
            63.9046
          ],
          [
            -121.7493,
            63.7552
          ],
          [
            -121.7968,
            63.6057
          ],
          [
            -121.8439,
            63.4563
          ],
          [
            -121.8906,
            63.3069
          ],
          [
            -121.937,
            63.1574
          ],
          [
            -121.983,
            63.0079
          ],
          [
            -122.0287,
            62.8584
          ],
          [
            -122.074,
            62.7089
          ],
          [
            -122.119,
            62.5594
          ],
          [
            -122.1636,
            62.4099
          ],
          [
            -122.2079,
            62.2604
          ],
          [
            -122.2519,
            62.1108
          ],
          [
            -122.2956,
            61.9613
          ],
          [
            -122.339,
            61.8117
          ],
          [
            -122.382,
            61.6621
          ],
          [
            -122.4248,
            61.5125
          ],
          [
            -122.4672,
            61.3629
          ],
          [
            -122.5094,
            61.2133
          ],
          [
            -122.5513,
            61.0637
          ],
          [
            -122.5928,
            60.9141
          ],
          [
            -122.6342,
            60.7644
          ],
          [
            -122.6752,
            60.6148
          ],
          [
            -122.716,
            60.4651
          ],
          [
            -122.7564,
            60.3155
          ],
          [
            -122.7967,
            60.1658
          ],
          [
            -122.8367,
            60.0161
          ],
          [
            -122.8764,
            59.8664
          ],
          [
            -122.9158,
            59.7167
          ],
          [
            -122.9551,
            59.5669
          ],
          [
            -122.994,
            59.4172
          ],
          [
            -123.0328,
            59.2675
          ],
          [
            -123.0713,
            59.1177
          ],
          [
            -123.1095,
            58.9679
          ],
          [
            -123.1476,
            58.8182
          ],
          [
            -123.1854,
            58.6684
          ],
          [
            -123.2229,
            58.5186
          ],
          [
            -123.2603,
            58.3688
          ],
          [
            -123.2975,
            58.219
          ],
          [
            -123.3344,
            58.0692
          ],
          [
            -123.3711,
            57.9193
          ],
          [
            -123.4076,
            57.7695
          ],
          [
            -123.4439,
            57.6197
          ],
          [
            -123.48,
            57.4698
          ],
          [
            -123.5159,
            57.3199
          ],
          [
            -123.5516,
            57.1701
          ],
          [
            -123.5871,
            57.0202
          ],
          [
            -123.6225,
            56.8703
          ],
          [
            -123.6576,
            56.7204
          ],
          [
            -123.6925,
            56.5705
          ],
          [
            -123.7273,
            56.4206
          ],
          [
            -123.7619,
            56.2706
          ],
          [
            -123.7963,
            56.1207
          ],
          [
            -123.8305,
            55.9707
          ],
          [
            -123.8645,
            55.8208
          ],
          [
            -123.8984,
            55.6708
          ],
          [
            -123.9321,
            55.5209
          ],
          [
            -123.9657,
            55.3709
          ],
          [
            -123.999,
            55.2209
          ],
          [
            -124.0323,
            55.0709
          ],
          [
            -124.0653,
            54.9209
          ],
          [
            -124.0982,
            54.7709
          ],
          [
            -124.1309,
            54.6209
          ],
          [
            -124.1635,
            54.4708
          ],
          [
            -124.1959,
            54.3208
          ],
          [
            -124.2282,
            54.1707
          ],
          [
            -124.2557,
            54.0423
          ],
          [
            -124.287,
            53.8958
          ],
          [
            -124.3188,
            53.7458
          ],
          [
            -124.3505,
            53.5957
          ],
          [
            -124.3821,
            53.4456
          ],
          [
            -124.4135,
            53.2955
          ],
          [
            -124.4448,
            53.1454
          ],
          [
            -124.476,
            52.9953
          ],
          [
            -124.507,
            52.8452
          ],
          [
            -124.5379,
            52.695
          ],
          [
            -124.5686,
            52.5449
          ],
          [
            -124.5993,
            52.3948
          ],
          [
            -124.6298,
            52.2446
          ],
          [
            -124.6601,
            52.0945
          ],
          [
            -124.6904,
            51.9443
          ],
          [
            -124.7205,
            51.7941
          ],
          [
            -124.7505,
            51.6439
          ],
          [
            -124.7804,
            51.4937
          ],
          [
            -124.8101,
            51.3435
          ],
          [
            -124.8398,
            51.1933
          ],
          [
            -124.8693,
            51.0431
          ],
          [
            -124.8987,
            50.8929
          ],
          [
            -124.928,
            50.7427
          ],
          [
            -124.9572,
            50.5924
          ],
          [
            -124.9862,
            50.4422
          ],
          [
            -125.0152,
            50.2919
          ],
          [
            -125.044,
            50.1417
          ],
          [
            -125.0728,
            49.9914
          ],
          [
            -125.1014,
            49.8411
          ],
          [
            -125.1299,
            49.6908
          ],
          [
            -125.1584,
            49.5406
          ],
          [
            -125.1867,
            49.3903
          ],
          [
            -125.2149,
            49.24
          ],
          [
            -125.243,
            49.0896
          ],
          [
            -125.271,
            48.9393
          ],
          [
            -125.299,
            48.789
          ],
          [
            -125.3268,
            48.6386
          ],
          [
            -125.3545,
            48.4883
          ],
          [
            -125.3821,
            48.338
          ],
          [
            -125.4097,
            48.1876
          ],
          [
            -125.4371,
            48.0372
          ],
          [
            -125.4645,
            47.8868
          ],
          [
            -125.4917,
            47.7365
          ],
          [
            -125.5189,
            47.5861
          ],
          [
            -125.546,
            47.4357
          ],
          [
            -125.573,
            47.2853
          ],
          [
            -125.5999,
            47.1349
          ],
          [
            -125.6267,
            46.9844
          ],
          [
            -125.6535,
            46.834
          ],
          [
            -125.6801,
            46.6836
          ],
          [
            -125.7067,
            46.5331
          ],
          [
            -125.7332,
            46.3827
          ],
          [
            -125.7596,
            46.2322
          ],
          [
            -125.7859,
            46.0818
          ],
          [
            -125.8121,
            45.9313
          ],
          [
            -125.8383,
            45.7808
          ],
          [
            -125.8644,
            45.6303
          ],
          [
            -125.8904,
            45.4798
          ],
          [
            -125.9163,
            45.3293
          ],
          [
            -125.9422,
            45.1788
          ],
          [
            -125.968,
            45.0283
          ],
          [
            -125.9937,
            44.8778
          ],
          [
            -126.0193,
            44.7272
          ],
          [
            -126.0449,
            44.5767
          ],
          [
            -126.0704,
            44.4262
          ],
          [
            -126.0958,
            44.2756
          ],
          [
            -126.1211,
            44.125
          ],
          [
            -126.1464,
            43.9745
          ],
          [
            -126.1716,
            43.8239
          ],
          [
            -126.1968,
            43.6733
          ],
          [
            -126.2218,
            43.5227
          ],
          [
            -126.2468,
            43.3721
          ],
          [
            -126.2718,
            43.2215
          ],
          [
            -126.2967,
            43.0709
          ],
          [
            -126.3215,
            42.9203
          ],
          [
            -126.3462,
            42.7697
          ],
          [
            -126.3709,
            42.619
          ],
          [
            -126.3955,
            42.4684
          ],
          [
            -126.4201,
            42.3177
          ],
          [
            -126.4446,
            42.1671
          ],
          [
            -126.469,
            42.0164
          ],
          [
            -126.4934,
            41.8657
          ],
          [
            -126.5177,
            41.7151
          ],
          [
            -126.5419,
            41.5644
          ],
          [
            -126.5661,
            41.4137
          ],
          [
            -126.5903,
            41.263
          ],
          [
            -126.6143,
            41.1123
          ],
          [
            -126.6384,
            40.9615
          ],
          [
            -126.6623,
            40.8108
          ],
          [
            -126.6862,
            40.6601
          ],
          [
            -126.7101,
            40.5093
          ],
          [
            -126.7339,
            40.3586
          ],
          [
            -126.7576,
            40.2078
          ],
          [
            -126.7813,
            40.0571
          ],
          [
            -126.805,
            39.9063
          ],
          [
            -126.8286,
            39.7555
          ],
          [
            -126.8521,
            39.6048
          ],
          [
            -126.8756,
            39.454
          ],
          [
            -126.899,
            39.3032
          ],
          [
            -126.9224,
            39.1524
          ],
          [
            -126.9457,
            39.0016
          ],
          [
            -126.969,
            38.8507
          ],
          [
            -126.9922,
            38.6999
          ],
          [
            -127.0154,
            38.5491
          ],
          [
            -127.0385,
            38.3982
          ],
          [
            -127.0616,
            38.2474
          ],
          [
            -127.0847,
            38.0965
          ],
          [
            -127.1077,
            37.9457
          ],
          [
            -127.1306,
            37.7948
          ],
          [
            -127.1535,
            37.6439
          ],
          [
            -127.1764,
            37.493
          ],
          [
            -127.1992,
            37.3421
          ],
          [
            -127.2219,
            37.1912
          ],
          [
            -127.2446,
            37.0403
          ],
          [
            -127.2673,
            36.8894
          ],
          [
            -127.2899,
            36.7385
          ],
          [
            -127.3125,
            36.5876
          ],
          [
            -127.3351,
            36.4366
          ],
          [
            -127.3576,
            36.2857
          ],
          [
            -127.38,
            36.1347
          ],
          [
            -127.4025,
            35.9838
          ],
          [
            -127.4248,
            35.8328
          ],
          [
            -127.4472,
            35.6818
          ],
          [
            -127.4695,
            35.5309
          ],
          [
            -127.4917,
            35.3799
          ],
          [
            -127.5139,
            35.2289
          ],
          [
            -127.5361,
            35.0779
          ],
          [
            -127.5583,
            34.9269
          ],
          [
            -127.5804,
            34.7758
          ],
          [
            -127.6024,
            34.6248
          ],
          [
            -127.6244,
            34.4738
          ],
          [
            -127.6464,
            34.3227
          ],
          [
            -127.6684,
            34.1717
          ],
          [
            -127.6903,
            34.0206
          ],
          [
            -127.7122,
            33.8696
          ],
          [
            -127.734,
            33.7185
          ],
          [
            -127.7558,
            33.5674
          ],
          [
            -127.7776,
            33.4163
          ],
          [
            -127.7993,
            33.2652
          ],
          [
            -127.821,
            33.1141
          ],
          [
            -127.8427,
            32.963
          ],
          [
            -127.8643,
            32.8119
          ],
          [
            -127.8859,
            32.6608
          ],
          [
            -127.9074,
            32.5097
          ],
          [
            -127.929,
            32.3585
          ],
          [
            -127.9505,
            32.2074
          ],
          [
            -127.9719,
            32.0562
          ],
          [
            -127.9934,
            31.9051
          ],
          [
            -128.0148,
            31.7539
          ],
          [
            -128.0361,
            31.6027
          ],
          [
            -128.0575,
            31.4516
          ],
          [
            -128.0788,
            31.3004
          ],
          [
            -128.1,
            31.1492
          ],
          [
            -128.1213,
            30.998
          ],
          [
            -128.1425,
            30.8468
          ],
          [
            -128.1637,
            30.6955
          ],
          [
            -128.1848,
            30.5443
          ],
          [
            -128.206,
            30.3931
          ],
          [
            -128.227,
            30.2418
          ],
          [
            -128.2481,
            30.0906
          ],
          [
            -128.2691,
            29.9393
          ],
          [
            -128.2902,
            29.7881
          ],
          [
            -128.2931,
            29.7669
          ]
        ]
      },
      "properties": {
        "product_id": "R_5663601_001_SS19_700_A",
        "instrument": "SHARAD_HIGHRES",
        "orbit_number": 56636,
        "start_lat": 74.760997,
        "start_lon": -116.427225,
        "stop_lat": 29.766882,
        "stop_lon": -128.293089
      }
    },
    {
      "type": "Feature",
      "properties": {
        "instrument": "SHARAD_HIGHRES",
        "product_id": "R_3898101_001_SS19_700_A",
        "dat_file": "r_3898101_001_ss19_700_a.dat",
        "lbl_file": "r_3898101_001_ss19_700_a.lbl"
      },
      "geometry": {
        "type": "LineString",
        "coordinates": [
          [
            -165.4023,
            51.237
          ],
          [
            -165.4486,
            50.9965
          ],
          [
            -165.5003,
            50.726
          ],
          [
            -165.5857,
            50.275
          ],
          [
            -165.6421,
            49.9744
          ],
          [
            -165.6925,
            49.7037
          ],
          [
            -165.7481,
            49.403
          ],
          [
            -165.7868,
            49.1925
          ],
          [
            -165.8418,
            48.8917
          ],
          [
            -165.8855,
            48.651
          ],
          [
            -165.9506,
            48.29
          ],
          [
            -165.9937,
            48.0493
          ],
          [
            -166.0526,
            47.7183
          ],
          [
            -166.1058,
            47.4174
          ],
          [
            -166.1481,
            47.1766
          ],
          [
            -166.2059,
            46.8455
          ],
          [
            -166.2425,
            46.6348
          ],
          [
            -166.2945,
            46.3338
          ],
          [
            -166.341,
            46.0629
          ],
          [
            -166.4078,
            45.6714
          ],
          [
            -166.4639,
            45.3402
          ],
          [
            -166.5247,
            44.9788
          ],
          [
            -166.5901,
            44.5873
          ],
          [
            -166.6301,
            44.3463
          ],
          [
            -166.6898,
            43.9848
          ],
          [
            -166.7195,
            43.804
          ],
          [
            -166.7737,
            43.4726
          ],
          [
            -166.8276,
            43.1411
          ],
          [
            -166.8909,
            42.7493
          ],
          [
            -166.9393,
            42.4479
          ],
          [
            -167.0326,
            41.8628
          ]
        ]
      }
    },
    {
      "type": "Feature",
      "properties": {
        "instrument": "SHARAD_HIGHRES",
        "product_id": "R_1403201_001_SS19_700_A",
        "dat_file": "r_1403201_001_ss19_700_a.dat",
        "lbl_file": "r_1403201_001_ss19_700_a.lbl"
      },
      "geometry": {
        "type": "LineString",
        "coordinates": [
          [
            -162.1107,
            59.6232
          ],
          [
            -162.1337,
            59.5334
          ],
          [
            -162.1945,
            59.2937
          ],
          [
            -162.2322,
            59.144
          ],
          [
            -162.2846,
            58.9343
          ],
          [
            -162.3587,
            58.6346
          ],
          [
            -162.3881,
            58.5148
          ],
          [
            -162.4393,
            58.3047
          ],
          [
            -162.4828,
            58.1249
          ],
          [
            -162.526,
            57.9451
          ],
          [
            -162.5689,
            57.7653
          ],
          [
            -162.6115,
            57.5855
          ],
          [
            -162.6679,
            57.3457
          ],
          [
            -162.6959,
            57.2257
          ],
          [
            -162.7238,
            57.1058
          ],
          [
            -162.7723,
            56.896
          ],
          [
            -162.8136,
            56.7161
          ],
          [
            -162.8478,
            56.5662
          ],
          [
            -162.8954,
            56.3563
          ],
          [
            -162.9292,
            56.2063
          ],
          [
            -162.9561,
            56.0864
          ],
          [
            -163.0096,
            55.8464
          ],
          [
            -163.0428,
            55.6965
          ],
          [
            -163.0956,
            55.4565
          ],
          [
            -163.148,
            55.2165
          ],
          [
            -163.1935,
            55.0065
          ],
          [
            -163.2644,
            54.6765
          ],
          [
            -163.3409,
            54.3165
          ],
          [
            -163.4103,
            53.9864
          ],
          [
            -163.4541,
            53.7763
          ],
          [
            -163.51,
            53.5062
          ],
          [
            -163.59,
            53.1159
          ],
          [
            -163.6266,
            52.9358
          ],
          [
            -163.6751,
            52.6957
          ],
          [
            -163.7473,
            52.3354
          ],
          [
            -163.795,
            52.0952
          ],
          [
            -163.8306,
            51.915
          ],
          [
            -163.9071,
            51.5246
          ],
          [
            -163.9596,
            51.2543
          ],
          [
            -163.9944,
            51.0741
          ],
          [
            -164.0463,
            50.8037
          ],
          [
            -164.0807,
            50.6235
          ],
          [
            -164.132,
            50.3531
          ],
          [
            -164.2055,
            49.9625
          ],
          [
            -164.2783,
            49.5719
          ],
          [
            -164.3283,
            49.3014
          ],
          [
            -164.3725,
            49.061
          ],
          [
            -164.4383,
            48.7003
          ],
          [
            -164.5144,
            48.2795
          ],
          [
            -164.5898,
            47.8586
          ],
          [
            -164.6379,
            47.588
          ],
          [
            -164.6857,
            47.3174
          ],
          [
            -164.7438,
            46.9866
          ],
          [
            -164.8067,
            46.6257
          ],
          [
            -164.9002,
            46.0843
          ],
          [
            -164.9517,
            45.7834
          ],
          [
            -164.9978,
            45.5127
          ],
          [
            -165.0284,
            45.3322
          ],
          [
            -165.0842,
            45.0012
          ],
          [
            -165.1698,
            44.4896
          ],
          [
            -165.2347,
            44.0984
          ],
          [
            -165.3189,
            43.5867
          ],
          [
            -165.4121,
            43.0147
          ],
          [
            -165.4802,
            42.5932
          ],
          [
            -165.543,
            42.2018
          ],
          [
            -165.6293,
            41.6597
          ],
          [
            -165.6579,
            41.479
          ],
          [
            -165.7338,
            40.997
          ],
          [
            -165.8138,
            40.4849
          ],
          [
            -165.8932,
            39.9727
          ],
          [
            -165.972,
            39.4604
          ],
          [
            -166.0594,
            38.8877
          ],
          [
            -166.1461,
            38.315
          ],
          [
            -166.2186,
            37.8326
          ],
          [
            -166.3041,
            37.2597
          ],
          [
            -166.3934,
            36.6566
          ],
          [
            -166.4821,
            36.0533
          ],
          [
            -166.5745,
            35.4198
          ],
          [
            -166.6401,
            34.9672
          ],
          [
            -166.74,
            34.2731
          ],
          [
            -166.7789,
            34.0014
          ],
          [
            -166.8477,
            33.5185
          ],
          [
            -166.8949,
            33.1864
          ],
          [
            -166.9376,
            32.8845
          ],
          [
            -167.0184,
            32.3107
          ],
          [
            -167.0903,
            31.7973
          ],
          [
            -167.187,
            31.1026
          ],
          [
            -167.2789,
            30.438
          ],
          [
            -167.3648,
            29.8131
          ]
        ]
      }
    },
    {
      "type": "Feature",
      "properties": {
        "instrument": "SHARAD_HIGHRES",
        "product_id": "R_0749201_001_SS19_700_A",
        "dat_file": "r_0749201_001_ss19_700_a.dat",
        "lbl_file": "r_0749201_001_ss19_700_a.lbl"
      },
      "geometry": {
        "type": "LineString",
        "coordinates": [
          [
            -161.8832,
            59.6382
          ],
          [
            -161.9296,
            59.4586
          ],
          [
            -161.9832,
            59.249
          ],
          [
            -162.0288,
            59.0693
          ],
          [
            -162.059,
            58.9495
          ],
          [
            -162.0966,
            58.7998
          ],
          [
            -162.1488,
            58.5901
          ],
          [
            -162.2154,
            58.3202
          ],
          [
            -162.2374,
            58.2304
          ],
          [
            -162.303,
            57.9608
          ],
          [
            -162.3751,
            57.6612
          ],
          [
            -162.4535,
            57.3316
          ],
          [
            -162.5099,
            57.0918
          ],
          [
            -162.5519,
            56.912
          ],
          [
            -162.5867,
            56.7622
          ],
          [
            -162.6351,
            56.5524
          ],
          [
            -162.6968,
            56.2826
          ],
          [
            -162.7444,
            56.0728
          ],
          [
            -162.7849,
            55.8929
          ],
          [
            -162.8319,
            55.683
          ],
          [
            -162.8719,
            55.5031
          ],
          [
            -162.9512,
            55.1433
          ],
          [
            -162.9905,
            54.9634
          ],
          [
            -163.0555,
            54.6635
          ],
          [
            -163.1263,
            54.3335
          ],
          [
            -163.1646,
            54.1536
          ],
          [
            -163.2027,
            53.9736
          ],
          [
            -163.2469,
            53.7636
          ],
          [
            -163.2908,
            53.5536
          ],
          [
            -163.322,
            53.4035
          ],
          [
            -163.384,
            53.1035
          ],
          [
            -163.4332,
            52.8634
          ],
          [
            -163.5003,
            52.5333
          ],
          [
            -163.5306,
            52.3833
          ],
          [
            -163.6028,
            52.0231
          ],
          [
            -163.6802,
            51.6328
          ],
          [
            -163.7568,
            51.2426
          ],
          [
            -163.8094,
            50.9723
          ],
          [
            -163.8674,
            50.6721
          ],
          [
            -163.9364,
            50.3117
          ],
          [
            -164.0048,
            49.9513
          ],
          [
            -164.0782,
            49.5608
          ],
          [
            -164.1565,
            49.1403
          ],
          [
            -164.223,
            48.7798
          ],
          [
            -164.2999,
            48.3591
          ],
          [
            -164.3652,
            47.9985
          ],
          [
            -164.4354,
            47.6078
          ],
          [
            -164.4783,
            47.3674
          ],
          [
            -164.5263,
            47.0968
          ],
          [
            -164.574,
            46.8263
          ],
          [
            -164.6477,
            46.4054
          ],
          [
            -164.6791,
            46.225
          ],
          [
            -164.7519,
            45.804
          ],
          [
            -164.8087,
            45.4733
          ],
          [
            -164.86,
            45.1725
          ],
          [
            -164.8906,
            44.9921
          ],
          [
            -164.9617,
            44.571
          ],
          [
            -165.0021,
            44.3303
          ],
          [
            -165.0473,
            44.0596
          ],
          [
            -165.1321,
            43.5481
          ],
          [
            -165.2112,
            43.0666
          ],
          [
            -165.2407,
            42.8861
          ],
          [
            -165.3043,
            42.4948
          ],
          [
            -165.3578,
            42.1637
          ],
          [
            -165.411,
            41.8326
          ],
          [
            -165.4783,
            41.4111
          ],
          [
            -165.5499,
            40.9595
          ],
          [
            -165.5879,
            40.7186
          ],
          [
            -165.6399,
            40.3873
          ],
          [
            -165.7338,
            39.785
          ],
          [
            -165.8176,
            39.2428
          ],
          [
            -165.8685,
            38.9114
          ],
          [
            -165.9696,
            38.2485
          ],
          [
            -166.038,
            37.7965
          ],
          [
            -166.1331,
            37.1636
          ],
          [
            -166.1826,
            36.832
          ],
          [
            -166.2453,
            36.4099
          ],
          [
            -166.321,
            35.8974
          ],
          [
            -166.3609,
            35.626
          ],
          [
            -166.4227,
            35.2038
          ],
          [
            -166.4798,
            34.8117
          ],
          [
            -166.5541,
            34.2989
          ],
          [
            -166.6063,
            33.9369
          ],
          [
            -166.6583,
            33.5748
          ],
          [
            -166.7488,
            32.9412
          ],
          [
            -166.8259,
            32.3979
          ],
          [
            -166.8643,
            32.1263
          ],
          [
            -166.9323,
            31.6433
          ],
          [
            -167.0042,
            31.13
          ],
          [
            -167.1177,
            30.3147
          ],
          [
            -167.1831,
            29.8417
          ]
        ]
      }
    },
    {
      "type": "Feature",
      "properties": {
        "instrument": "SHARAD_HIGHRES",
        "product_id": "R_3854602_001_SS19_700_A",
        "dat_file": "r_3854602_001_ss19_700_a.dat",
        "lbl_file": "r_3854602_001_ss19_700_a.lbl"
      },
      "geometry": {
        "type": "LineString",
        "coordinates": [
          [
            -176.5631,
            52.7932
          ],
          [
            -176.6117,
            52.5527
          ],
          [
            -176.6479,
            52.3724
          ],
          [
            -176.7138,
            52.0417
          ],
          [
            -176.7732,
            51.741
          ],
          [
            -176.8086,
            51.5606
          ],
          [
            -176.8614,
            51.29
          ],
          [
            -176.937,
            50.899
          ],
          [
            -176.9889,
            50.6283
          ],
          [
            -177.0233,
            50.4478
          ],
          [
            -177.0803,
            50.147
          ],
          [
            -177.1425,
            49.816
          ],
          [
            -177.2098,
            49.455
          ],
          [
            -177.2876,
            49.0337
          ],
          [
            -177.3701,
            48.5822
          ],
          [
            -177.4355,
            48.221
          ],
          [
            -177.5165,
            47.7695
          ],
          [
            -177.5754,
            47.4383
          ],
          [
            -177.6286,
            47.1372
          ],
          [
            -177.6709,
            46.8963
          ],
          [
            -177.7244,
            46.5894
          ]
        ]
      }
    },
    {
      "type": "Feature",
      "properties": {
        "instrument": "SHARAD_HIGHRES",
        "product_id": "R_0277201_001_SS19_700_A",
        "dat_file": "r_0277201_001_ss19_700_a.dat",
        "lbl_file": "r_0277201_001_ss19_700_a.lbl"
      },
      "geometry": {
        "type": "LineString",
        "coordinates": [
          [
            -178.1556,
            49.6384
          ],
          [
            -178.2277,
            49.2476
          ],
          [
            -178.2827,
            48.947
          ],
          [
            -178.3319,
            48.6764
          ],
          [
            -178.37,
            48.4656
          ],
          [
            -178.4348,
            48.1048
          ],
          [
            -178.4991,
            47.7439
          ],
          [
            -178.5946,
            47.2025
          ],
          [
            -178.6629,
            46.8114
          ],
          [
            -178.6994,
            46.6009
          ],
          [
            -178.7514,
            46.3
          ],
          [
            -178.8287,
            45.8487
          ],
          [
            -178.8901,
            45.4876
          ],
          [
            -178.9561,
            45.0964
          ],
          [
            -179.0166,
            44.7352
          ],
          [
            -179.0517,
            44.5245
          ],
          [
            -179.1016,
            44.2235
          ],
          [
            -179.1562,
            43.8923
          ],
          [
            -179.2203,
            43.5009
          ],
          [
            -179.2742,
            43.1697
          ],
          [
            -179.3278,
            42.8385
          ],
          [
            -179.3811,
            42.5072
          ],
          [
            -179.4437,
            42.1157
          ],
          [
            -179.5107,
            41.694
          ],
          [
            -179.5725,
            41.3023
          ],
          [
            -179.6198,
            41.0011
          ],
          [
            -179.695,
            40.519
          ],
          [
            -179.7324,
            40.2779
          ],
          [
            -179.7836,
            39.9464
          ],
          [
            -179.8438,
            39.5546
          ],
          [
            -179.9266,
            39.0121
          ],
          [
            -179.9841,
            38.6322
          ]
        ]
      }
    },
    {
      "type": "Feature",
      "properties": {
        "instrument": "SHARAD_HIGHRES",
        "product_id": "R_0355001_001_SS19_700_A",
        "dat_file": "r_0355001_001_ss19_700_a.dat",
        "lbl_file": "r_0355001_001_ss19_700_a.lbl"
      },
      "geometry": {
        "type": "LineString",
        "coordinates": [
          [
            -178.0463,
            49.6573
          ],
          [
            -178.1185,
            49.2664
          ],
          [
            -178.1955,
            48.8455
          ],
          [
            -178.2446,
            48.5749
          ],
          [
            -178.4293,
            47.552
          ],
          [
            -178.602,
            46.559
          ],
          [
            -178.653,
            46.2586
          ],
          [
            -178.6944,
            46.0179
          ],
          [
            -178.7304,
            45.8072
          ],
          [
            -178.8172,
            45.2956
          ],
          [
            -178.8578,
            45.0545
          ],
          [
            -178.9183,
            44.6933
          ],
          [
            -179.0033,
            44.1815
          ],
          [
            -179.0628,
            43.8202
          ],
          [
            -179.1269,
            43.4287
          ],
          [
            -179.171,
            43.1577
          ],
          [
            -179.2343,
            42.7662
          ],
          [
            -179.3069,
            42.3144
          ],
          [
            -179.3837,
            41.8324
          ],
          [
            -179.4457,
            41.4407
          ],
          [
            -179.4931,
            41.1394
          ],
          [
            -179.5403,
            40.8381
          ],
          [
            -179.6107,
            40.386
          ],
          [
            -179.6806,
            39.934
          ],
          [
            -179.7316,
            39.6024
          ],
          [
            -179.8053,
            39.1201
          ],
          [
            -179.842,
            38.8789
          ],
          [
            -179.9377,
            38.2457
          ],
          [
            -179.988,
            37.9106
          ]
        ]
      }
    },
    {
      "type": "Feature",
      "properties": {
        "instrument": "SHARAD_HIGHRES",
        "product_id": "R_6539402_001_SS4_700_A",
        "dat_file": "r_6539402_001_ss4_700_a.dat",
        "lbl_file": "r_6539402_001_ss4_700_a.lbl"
      },
      "geometry": {
        "type": "LineString",
        "coordinates": [
          [
            179.917,
            31.9551
          ],
          [
            179.8657,
            31.5924
          ],
          [
            179.8061,
            31.1693
          ],
          [
            179.7467,
            30.746
          ],
          [
            179.696,
            30.3832
          ],
          [
            -168.6121,
            74.6888
          ],
          [
            -168.6568,
            74.6297
          ],
          [
            -168.7454,
            74.5115
          ],
          [
            -168.7892,
            74.4524
          ],
          [
            -168.876,
            74.3341
          ],
          [
            -168.919,
            74.275
          ],
          [
            -169.0041,
            74.1567
          ],
          [
            -169.0463,
            74.0975
          ],
          [
            -169.0882,
            74.0384
          ],
          [
            -169.1298,
            73.9792
          ],
          [
            -169.1711,
            73.92
          ],
          [
            -169.2122,
            73.8609
          ],
          [
            -169.2936,
            73.7425
          ],
          [
            -169.374,
            73.6241
          ],
          [
            -169.4138,
            73.5649
          ],
          [
            -169.4927,
            73.4464
          ],
          [
            -169.5318,
            73.3872
          ],
          [
            -169.6093,
            73.2687
          ],
          [
            -169.6858,
            73.1502
          ],
          [
            -169.7237,
            73.091
          ],
          [
            -169.7614,
            73.0317
          ],
          [
            -169.8362,
            72.9131
          ],
          [
            -169.8732,
            72.8539
          ],
          [
            -169.9466,
            72.7353
          ],
          [
            -169.983,
            72.676
          ],
          [
            -170.0552,
            72.5574
          ],
          [
            -170.0909,
            72.4981
          ],
          [
            -170.1619,
            72.3794
          ],
          [
            -170.197,
            72.3201
          ],
          [
            -170.2668,
            72.2014
          ],
          [
            -170.3014,
            72.1421
          ],
          [
            -170.37,
            72.0234
          ],
          [
            -170.404,
            71.964
          ],
          [
            -170.4714,
            71.8453
          ],
          [
            -170.5049,
            71.7859
          ],
          [
            -170.5713,
            71.6671
          ],
          [
            -170.6369,
            71.5484
          ],
          [
            -170.6695,
            71.489
          ],
          [
            -170.7341,
            71.3702
          ],
          [
            -170.7981,
            71.2513
          ],
          [
            -170.8614,
            71.1325
          ],
          [
            -170.8928,
            71.0731
          ],
          [
            -170.9551,
            70.9542
          ],
          [
            -170.986,
            70.8948
          ],
          [
            -171.0474,
            70.7759
          ],
          [
            -171.1081,
            70.657
          ],
          [
            -171.1383,
            70.5975
          ],
          [
            -171.1981,
            70.4786
          ],
          [
            -171.2574,
            70.3596
          ],
          [
            -171.3161,
            70.2407
          ],
          [
            -171.3742,
            70.1217
          ],
          [
            -171.403,
            70.0622
          ],
          [
            -171.4888,
            69.8837
          ],
          [
            -171.5452,
            69.7647
          ],
          [
            -171.6012,
            69.6456
          ],
          [
            -171.6566,
            69.5266
          ],
          [
            -171.7115,
            69.4075
          ],
          [
            -171.7388,
            69.348
          ],
          [
            -171.793,
            69.2289
          ],
          [
            -171.8199,
            69.1693
          ],
          [
            -171.8733,
            69.0502
          ],
          [
            -171.9263,
            68.9311
          ],
          [
            -171.9788,
            68.812
          ],
          [
            -172.0308,
            68.6929
          ],
          [
            -172.0824,
            68.5737
          ],
          [
            -172.1335,
            68.4545
          ],
          [
            -172.1842,
            68.3354
          ],
          [
            -172.2345,
            68.2162
          ],
          [
            -172.2843,
            68.097
          ],
          [
            -172.3091,
            68.0374
          ],
          [
            -172.3828,
            67.8585
          ],
          [
            -172.4314,
            67.7393
          ],
          [
            -172.4796,
            67.62
          ],
          [
            -172.5512,
            67.4411
          ],
          [
            -172.5984,
            67.3219
          ],
          [
            -172.6453,
            67.2026
          ],
          [
            -172.6918,
            67.0833
          ],
          [
            -172.7379,
            66.964
          ],
          [
            -172.7609,
            66.9043
          ],
          [
            -172.8065,
            66.785
          ],
          [
            -172.8517,
            66.6657
          ],
          [
            -172.8966,
            66.5463
          ],
          [
            -172.9412,
            66.427
          ],
          [
            -172.9854,
            66.3076
          ],
          [
            -173.0293,
            66.1882
          ],
          [
            -173.0729,
            66.0689
          ],
          [
            -173.1591,
            65.8301
          ],
          [
            -173.2229,
            65.6509
          ],
          [
            -173.2651,
            65.5315
          ],
          [
            -173.3278,
            65.3524
          ],
          [
            -173.3692,
            65.2329
          ],
          [
            -173.4103,
            65.1135
          ],
          [
            -173.4512,
            64.994
          ],
          [
            -173.512,
            64.8148
          ],
          [
            -173.5721,
            64.6355
          ],
          [
            -173.6119,
            64.516
          ],
          [
            -173.6514,
            64.3965
          ],
          [
            -173.6906,
            64.277
          ],
          [
            -173.7296,
            64.1575
          ],
          [
            -173.7876,
            63.9782
          ],
          [
            -173.845,
            63.7989
          ],
          [
            -173.883,
            63.6793
          ],
          [
            -173.9395,
            63.5
          ],
          [
            -173.9769,
            63.3804
          ],
          [
            -174.0509,
            63.1412
          ],
          [
            -174.1241,
            62.902
          ],
          [
            -174.1964,
            62.6628
          ],
          [
            -174.2322,
            62.5432
          ],
          [
            -174.3032,
            62.3039
          ],
          [
            -174.3734,
            62.0646
          ],
          [
            -174.4255,
            61.8851
          ],
          [
            -174.4771,
            61.7056
          ],
          [
            -174.5453,
            61.4662
          ],
          [
            -174.6128,
            61.2268
          ],
          [
            -174.6795,
            60.9874
          ],
          [
            -174.729,
            60.8078
          ],
          [
            -174.7945,
            60.5683
          ],
          [
            -174.8431,
            60.3887
          ],
          [
            -174.8914,
            60.209
          ],
          [
            -174.9552,
            59.9695
          ],
          [
            -175.0026,
            59.7898
          ],
          [
            -175.034,
            59.67
          ],
          [
            -175.0808,
            59.4903
          ],
          [
            -175.1118,
            59.3705
          ],
          [
            -175.158,
            59.1908
          ],
          [
            -175.2039,
            59.0111
          ],
          [
            -175.2495,
            58.8314
          ],
          [
            -175.2797,
            58.7115
          ],
          [
            -175.3247,
            58.5318
          ],
          [
            -175.3694,
            58.352
          ],
          [
            -175.4138,
            58.1722
          ],
          [
            -175.4579,
            57.9924
          ],
          [
            -175.5017,
            57.8126
          ],
          [
            -175.5452,
            57.6327
          ],
          [
            -175.5884,
            57.4529
          ],
          [
            -175.6313,
            57.273
          ],
          [
            -175.6881,
            57.0332
          ],
          [
            -175.7584,
            56.7334
          ],
          [
            -175.8418,
            56.3736
          ],
          [
            -175.8968,
            56.1337
          ],
          [
            -175.9649,
            55.8337
          ],
          [
            -176.0189,
            55.5938
          ],
          [
            -176.0725,
            55.3538
          ],
          [
            -176.1389,
            55.0538
          ],
          [
            -176.2177,
            54.6938
          ],
          [
            -176.2956,
            54.3337
          ],
          [
            -176.3599,
            54.0335
          ],
          [
            -176.3854,
            53.9135
          ],
          [
            -176.4362,
            53.6734
          ],
          [
            -176.4741,
            53.4933
          ],
          [
            -176.5367,
            53.1931
          ],
          [
            -176.5741,
            53.0129
          ],
          [
            -176.6482,
            52.6526
          ],
          [
            -176.7215,
            52.2923
          ],
          [
            -176.7458,
            52.1722
          ],
          [
            -176.7941,
            51.9319
          ],
          [
            -176.866,
            51.5715
          ],
          [
            -176.9254,
            51.2711
          ],
          [
            -176.9608,
            51.0908
          ],
          [
            -177.0311,
            50.7303
          ],
          [
            -177.1008,
            50.3697
          ],
          [
            -177.1563,
            50.08
          ],
          [
            -177.1872,
            49.9177
          ],
          [
            -177.2555,
            49.557
          ],
          [
            -177.2894,
            49.3767
          ],
          [
            -177.3568,
            49.016
          ],
          [
            -177.4347,
            48.595
          ],
          [
            -177.5009,
            48.2342
          ],
          [
            -177.5883,
            47.753
          ],
          [
            -177.6424,
            47.4523
          ],
          [
            -177.6963,
            47.1515
          ],
          [
            -177.7817,
            46.6702
          ],
          [
            -177.8557,
            46.2489
          ],
          [
            -177.9291,
            45.8277
          ],
          [
            -178.0019,
            45.4063
          ],
          [
            -178.0741,
            44.9849
          ],
          [
            -178.1457,
            44.5635
          ],
          [
            -178.1965,
            44.2624
          ],
          [
            -178.2571,
            43.9011
          ],
          [
            -178.3373,
            43.4193
          ],
          [
            -178.397,
            43.0579
          ],
          [
            -178.4366,
            42.8169
          ],
          [
            -178.5055,
            42.3952
          ],
          [
            -178.6031,
            41.7926
          ],
          [
            -178.6612,
            41.431
          ],
          [
            -178.7477,
            40.8886
          ],
          [
            -178.805,
            40.5269
          ],
          [
            -178.843,
            40.2857
          ],
          [
            -178.9092,
            39.8637
          ],
          [
            -178.9937,
            39.3209
          ],
          [
            -179.0961,
            38.6575
          ],
          [
            -179.1331,
            38.4162
          ],
          [
            -179.2159,
            37.8732
          ],
          [
            -179.2708,
            37.5112
          ],
          [
            -179.3254,
            37.1491
          ],
          [
            -179.3888,
            36.7267
          ],
          [
            -179.4788,
            36.1231
          ],
          [
            -179.5414,
            35.7005
          ],
          [
            -179.5948,
            35.3382
          ],
          [
            -179.6745,
            34.7947
          ],
          [
            -179.7449,
            34.3116
          ],
          [
            -179.8324,
            33.7075
          ],
          [
            -179.902,
            33.2242
          ]
        ]
      }
    },
    {
      "type": "Feature",
      "properties": {
        "instrument": "SHARAD_HIGHRES",
        "product_id": "R_6591502_001_SS4_700_A",
        "dat_file": "r_6591502_001_ss4_700_a.dat",
        "lbl_file": "r_6591502_001_ss4_700_a.lbl"
      },
      "geometry": {
        "type": "LineString",
        "coordinates": [
          [
            179.9246,
            63.1113
          ],
          [
            179.8689,
            63.2907
          ],
          [
            179.7938,
            63.5299
          ],
          [
            179.7559,
            63.6494
          ],
          [
            179.7177,
            63.769
          ],
          [
            179.6793,
            63.8885
          ],
          [
            179.6213,
            64.0679
          ],
          [
            179.543,
            64.3069
          ],
          [
            179.4636,
            64.5459
          ],
          [
            179.4034,
            64.7252
          ],
          [
            179.3426,
            64.9044
          ],
          [
            179.3017,
            65.0239
          ],
          [
            179.2605,
            65.1434
          ],
          [
            179.1982,
            65.3225
          ],
          [
            179.1352,
            65.5017
          ],
          [
            179.0928,
            65.6211
          ],
          [
            179.0072,
            65.8599
          ],
          [
            178.9421,
            66.039
          ],
          [
            178.8983,
            66.1584
          ],
          [
            178.8542,
            66.2778
          ],
          [
            178.8098,
            66.3972
          ],
          [
            178.765,
            66.5165
          ],
          [
            178.7199,
            66.6359
          ],
          [
            178.6745,
            66.7552
          ],
          [
            178.6056,
            66.9342
          ],
          [
            178.5593,
            67.0535
          ],
          [
            178.5125,
            67.1728
          ],
          [
            178.4655,
            67.2921
          ],
          [
            178.4418,
            67.3517
          ],
          [
            178.3941,
            67.471
          ],
          [
            178.3461,
            67.5902
          ],
          [
            178.2733,
            67.7691
          ],
          [
            178.1996,
            67.9479
          ],
          [
            178.1748,
            68.0076
          ],
          [
            178.0999,
            68.1864
          ],
          [
            178.0747,
            68.246
          ],
          [
            178.024,
            68.3651
          ],
          [
            177.9471,
            68.5439
          ],
          [
            177.8953,
            68.663
          ],
          [
            177.8692,
            68.7226
          ],
          [
            177.843,
            68.7822
          ],
          [
            177.7903,
            68.9013
          ],
          [
            177.7103,
            69.08
          ],
          [
            177.6834,
            69.1395
          ],
          [
            177.6292,
            69.2586
          ],
          [
            177.5745,
            69.3777
          ],
          [
            177.5194,
            69.4967
          ],
          [
            177.4916,
            69.5563
          ],
          [
            177.4357,
            69.6753
          ],
          [
            177.3508,
            69.8538
          ],
          [
            177.2647,
            70.0323
          ],
          [
            177.2066,
            70.1513
          ],
          [
            177.1773,
            70.2108
          ],
          [
            177.1479,
            70.2703
          ],
          [
            177.0887,
            70.3892
          ],
          [
            177.0588,
            70.4487
          ],
          [
            176.9987,
            70.5676
          ],
          [
            176.9684,
            70.6271
          ],
          [
            176.9074,
            70.746
          ],
          [
            176.8147,
            70.9243
          ],
          [
            176.7835,
            70.9837
          ],
          [
            176.7206,
            71.1026
          ],
          [
            176.6889,
            71.162
          ],
          [
            176.625,
            71.2808
          ],
          [
            176.5928,
            71.3402
          ],
          [
            176.5279,
            71.459
          ],
          [
            176.4292,
            71.6372
          ],
          [
            176.3625,
            71.7559
          ],
          [
            176.3289,
            71.8153
          ],
          [
            176.2612,
            71.934
          ],
          [
            176.1927,
            72.0527
          ],
          [
            176.1234,
            72.1714
          ],
          [
            176.0885,
            72.2307
          ],
          [
            176.018,
            72.3494
          ],
          [
            175.9825,
            72.4087
          ],
          [
            175.9109,
            72.5273
          ],
          [
            175.8747,
            72.5866
          ],
          [
            175.8384,
            72.6459
          ],
          [
            175.7651,
            72.7645
          ],
          [
            175.6909,
            72.8831
          ],
          [
            175.6535,
            72.9423
          ],
          [
            175.578,
            73.0609
          ],
          [
            175.5016,
            73.1794
          ],
          [
            175.4243,
            73.2978
          ],
          [
            175.346,
            73.4163
          ],
          [
            175.2668,
            73.5347
          ],
          [
            175.2268,
            73.5939
          ],
          [
            175.1461,
            73.7123
          ],
          [
            175.0643,
            73.8307
          ],
          [
            175.0231,
            73.8898
          ],
          [
            174.9398,
            74.0082
          ],
          [
            174.8554,
            74.1265
          ],
          [
            174.8128,
            74.1856
          ],
          [
            174.7268,
            74.3039
          ],
          [
            174.6396,
            74.4221
          ],
          [
            174.5956,
            74.4812
          ],
          [
            174.5513,
            74.5403
          ],
          [
            174.5067,
            74.5994
          ],
          [
            174.4617,
            74.6585
          ],
          [
            -173.7387,
            29.93
          ],
          [
            -173.8233,
            30.5349
          ],
          [
            -173.9169,
            31.2003
          ],
          [
            -173.9939,
            31.7445
          ],
          [
            -174.0541,
            32.1678
          ],
          [
            -174.1492,
            32.8328
          ],
          [
            -174.2537,
            33.558
          ],
          [
            -174.3238,
            34.0415
          ],
          [
            -174.3678,
            34.3436
          ],
          [
            -174.4474,
            34.8873
          ],
          [
            -174.5275,
            35.4309
          ],
          [
            -174.5812,
            35.7933
          ],
          [
            -174.6441,
            36.216
          ],
          [
            -174.6983,
            36.5783
          ],
          [
            -174.7983,
            37.2423
          ],
          [
            -174.8624,
            37.6649
          ],
          [
            -174.9084,
            37.9666
          ],
          [
            -174.9731,
            38.389
          ],
          [
            -175.0475,
            38.8717
          ],
          [
            -175.0849,
            39.1131
          ],
          [
            -175.1695,
            39.656
          ],
          [
            -175.2643,
            40.2591
          ],
          [
            -175.3216,
            40.6209
          ],
          [
            -175.3696,
            40.9224
          ],
          [
            -175.4178,
            41.2239
          ],
          [
            -175.4857,
            41.6458
          ],
          [
            -175.5247,
            41.887
          ],
          [
            -175.5933,
            42.3089
          ],
          [
            -175.6624,
            42.7307
          ],
          [
            -175.732,
            43.1525
          ],
          [
            -175.772,
            43.3935
          ],
          [
            -175.8122,
            43.6345
          ],
          [
            -175.8829,
            44.0561
          ],
          [
            -175.9644,
            44.538
          ],
          [
            -176.0054,
            44.7789
          ],
          [
            -176.0466,
            45.0197
          ],
          [
            -176.088,
            45.2606
          ],
          [
            -176.1296,
            45.5014
          ],
          [
            -176.1714,
            45.7422
          ],
          [
            -176.2239,
            46.0432
          ],
          [
            -176.3086,
            46.5248
          ],
          [
            -176.362,
            46.8257
          ],
          [
            -176.4049,
            47.0664
          ],
          [
            -176.4914,
            47.5478
          ],
          [
            -176.5569,
            47.9087
          ],
          [
            -176.6229,
            48.2697
          ],
          [
            -176.6672,
            48.5103
          ],
          [
            -176.7006,
            48.6907
          ],
          [
            -176.7791,
            49.1117
          ],
          [
            -176.8356,
            49.4123
          ],
          [
            -176.8925,
            49.713
          ],
          [
            -176.9384,
            49.9535
          ],
          [
            -176.9845,
            50.1939
          ],
          [
            -177.0425,
            50.4945
          ],
          [
            -177.101,
            50.795
          ],
          [
            -177.1765,
            51.1796
          ],
          [
            -177.2241,
            51.42
          ],
          [
            -177.26,
            51.6003
          ],
          [
            -177.3202,
            51.9007
          ],
          [
            -177.3809,
            52.2011
          ],
          [
            -177.4176,
            52.3813
          ],
          [
            -177.4791,
            52.6816
          ],
          [
            -177.5287,
            52.9218
          ],
          [
            -177.5537,
            53.042
          ],
          [
            -177.5912,
            53.2221
          ],
          [
            -177.6416,
            53.4623
          ],
          [
            -177.6796,
            53.6424
          ],
          [
            -177.7179,
            53.8226
          ],
          [
            -177.782,
            54.1227
          ],
          [
            -177.8208,
            54.3028
          ],
          [
            -177.8729,
            54.5429
          ],
          [
            -177.9122,
            54.723
          ],
          [
            -177.9782,
            55.0231
          ],
          [
            -178.0048,
            55.1431
          ],
          [
            -178.0583,
            55.3831
          ],
          [
            -178.1122,
            55.6231
          ],
          [
            -178.1802,
            55.9231
          ],
          [
            -178.2076,
            56.0431
          ],
          [
            -178.2489,
            56.223
          ],
          [
            -178.3044,
            56.463
          ],
          [
            -178.3463,
            56.6429
          ],
          [
            -178.4026,
            56.8828
          ],
          [
            -178.4594,
            57.1227
          ],
          [
            -178.5023,
            57.3026
          ],
          [
            -178.5455,
            57.4824
          ],
          [
            -178.589,
            57.6623
          ],
          [
            -178.6328,
            57.8421
          ],
          [
            -178.7064,
            58.1418
          ],
          [
            -178.751,
            58.3217
          ],
          [
            -178.7959,
            58.5015
          ],
          [
            -178.8563,
            58.7412
          ],
          [
            -178.8867,
            58.861
          ],
          [
            -178.9326,
            59.0408
          ],
          [
            -178.9788,
            59.2205
          ],
          [
            -179.0253,
            59.4002
          ],
          [
            -179.0722,
            59.58
          ],
          [
            -179.1353,
            59.8196
          ],
          [
            -179.1671,
            59.9393
          ],
          [
            -179.2151,
            60.119
          ],
          [
            -179.2634,
            60.2987
          ],
          [
            -179.3285,
            60.5382
          ],
          [
            -179.3613,
            60.658
          ],
          [
            -179.4108,
            60.8376
          ],
          [
            -179.4774,
            61.077
          ],
          [
            -179.5448,
            61.3165
          ],
          [
            -179.5958,
            61.496
          ],
          [
            -179.6473,
            61.6756
          ],
          [
            -179.6818,
            61.7952
          ],
          [
            -179.734,
            61.9748
          ],
          [
            -179.8043,
            62.2141
          ],
          [
            -179.8576,
            62.3936
          ],
          [
            -179.8933,
            62.5132
          ],
          [
            -179.9474,
            62.6927
          ]
        ]
      }
    },
    {
      "type": "Feature",
      "properties": {
        "instrument": "SHARAD_HIGHRES",
        "product_id": "R_2758801_001_SS4_700_A",
        "dat_file": "r_2758801_001_ss4_700_a.dat",
        "lbl_file": "r_2758801_001_ss4_700_a.lbl"
      },
      "geometry": {
        "type": "LineString",
        "coordinates": [
          [
            -167.4817,
            75.0414
          ],
          [
            -167.5271,
            74.9823
          ],
          [
            -167.6169,
            74.864
          ],
          [
            -167.7055,
            74.7458
          ],
          [
            -167.7929,
            74.6275
          ],
          [
            -167.8361,
            74.5683
          ],
          [
            -167.8791,
            74.5092
          ],
          [
            -167.9642,
            74.3909
          ],
          [
            -168.0064,
            74.3317
          ],
          [
            -168.0898,
            74.2133
          ],
          [
            -168.1722,
            74.0949
          ],
          [
            -168.213,
            74.0357
          ],
          [
            -168.2535,
            73.9765
          ],
          [
            -168.3338,
            73.858
          ],
          [
            -168.3736,
            73.7988
          ],
          [
            -168.4523,
            73.6803
          ],
          [
            -168.5302,
            73.5618
          ],
          [
            -168.5687,
            73.5025
          ],
          [
            -168.6451,
            73.384
          ],
          [
            -168.6829,
            73.3247
          ],
          [
            -168.7206,
            73.2654
          ],
          [
            -168.758,
            73.2061
          ],
          [
            -168.7951,
            73.1468
          ],
          [
            -168.8321,
            73.0875
          ],
          [
            -168.9053,
            72.9689
          ],
          [
            -168.9777,
            72.8502
          ],
          [
            -169.0136,
            72.7909
          ],
          [
            -169.0847,
            72.6722
          ],
          [
            -169.12,
            72.6128
          ],
          [
            -169.1899,
            72.4941
          ],
          [
            -169.259,
            72.3754
          ],
          [
            -169.2933,
            72.316
          ],
          [
            -169.3612,
            72.1973
          ],
          [
            -169.3949,
            72.1379
          ],
          [
            -169.4618,
            72.0191
          ],
          [
            -169.5279,
            71.9003
          ],
          [
            -169.5933,
            71.7815
          ],
          [
            -169.658,
            71.6626
          ],
          [
            -169.722,
            71.5438
          ],
          [
            -169.7537,
            71.4844
          ],
          [
            -169.8167,
            71.3655
          ],
          [
            -169.8791,
            71.2466
          ],
          [
            -169.9408,
            71.1277
          ],
          [
            -170.0018,
            71.0087
          ],
          [
            -170.0623,
            70.8898
          ],
          [
            -170.0923,
            70.8303
          ],
          [
            -170.1518,
            70.7113
          ],
          [
            -170.24,
            70.5328
          ],
          [
            -170.2981,
            70.4138
          ],
          [
            -170.3556,
            70.2948
          ],
          [
            -170.4125,
            70.1758
          ],
          [
            -170.4408,
            70.1162
          ],
          [
            -170.5248,
            69.9377
          ],
          [
            -170.5801,
            69.8186
          ],
          [
            -170.635,
            69.6995
          ],
          [
            -170.6893,
            69.5804
          ],
          [
            -170.7431,
            69.4613
          ],
          [
            -170.7964,
            69.3421
          ],
          [
            -170.8493,
            69.223
          ],
          [
            -170.9277,
            69.0442
          ],
          [
            -171.005,
            68.8655
          ],
          [
            -171.056,
            68.7463
          ],
          [
            -171.1065,
            68.6271
          ],
          [
            -171.1567,
            68.5078
          ],
          [
            -171.2063,
            68.3886
          ],
          [
            -171.2556,
            68.2694
          ],
          [
            -171.3045,
            68.1501
          ],
          [
            -171.3529,
            68.0309
          ],
          [
            -171.377,
            67.9712
          ],
          [
            -171.4486,
            67.7923
          ],
          [
            -171.4723,
            67.7326
          ],
          [
            -171.5427,
            67.5537
          ],
          [
            -171.5892,
            67.4344
          ],
          [
            -171.6583,
            67.2554
          ],
          [
            -171.7265,
            67.0764
          ],
          [
            -171.7491,
            67.0167
          ],
          [
            -171.8385,
            66.7779
          ],
          [
            -171.8826,
            66.6586
          ],
          [
            -171.9265,
            66.5392
          ],
          [
            -171.9917,
            66.36
          ],
          [
            -172.0347,
            66.2406
          ],
          [
            -172.0987,
            66.0615
          ],
          [
            -172.1409,
            65.9421
          ],
          [
            -172.1829,
            65.8226
          ],
          [
            -172.2452,
            65.6434
          ],
          [
            -172.2864,
            65.5239
          ],
          [
            -172.3273,
            65.4045
          ],
          [
            -172.3679,
            65.285
          ],
          [
            -172.4083,
            65.1655
          ],
          [
            -172.4683,
            64.9862
          ],
          [
            -172.5079,
            64.8667
          ],
          [
            -172.5669,
            64.6874
          ],
          [
            -172.6059,
            64.5679
          ],
          [
            -172.6639,
            64.3885
          ],
          [
            -172.7213,
            64.2092
          ],
          [
            -172.7593,
            64.0896
          ],
          [
            -172.797,
            63.9701
          ],
          [
            -172.8345,
            63.8505
          ],
          [
            -172.8903,
            63.6711
          ],
          [
            -172.9272,
            63.5515
          ],
          [
            -173.0003,
            63.3122
          ],
          [
            -173.0725,
            63.073
          ],
          [
            -173.1083,
            62.9533
          ],
          [
            -173.1615,
            62.7739
          ],
          [
            -173.1968,
            62.6542
          ],
          [
            -173.2318,
            62.5346
          ],
          [
            -173.284,
            62.355
          ],
          [
            -173.3357,
            62.1755
          ],
          [
            -173.3699,
            62.0558
          ],
          [
            -173.4209,
            61.8763
          ],
          [
            -173.4546,
            61.7566
          ],
          [
            -173.5049,
            61.577
          ],
          [
            -173.5547,
            61.3974
          ],
          [
            -173.5877,
            61.2777
          ],
          [
            -173.6369,
            61.098
          ],
          [
            -173.7018,
            60.8585
          ],
          [
            -173.734,
            60.7388
          ],
          [
            -173.782,
            60.5591
          ],
          [
            -173.8138,
            60.4393
          ],
          [
            -173.8769,
            60.1997
          ],
          [
            -173.9238,
            60.02
          ],
          [
            -173.9703,
            59.8403
          ],
          [
            -174.0165,
            59.6606
          ],
          [
            -174.0471,
            59.5408
          ],
          [
            -174.0927,
            59.361
          ],
          [
            -174.153,
            59.1213
          ],
          [
            -174.2127,
            58.8816
          ],
          [
            -174.2571,
            58.7018
          ],
          [
            -174.3012,
            58.522
          ],
          [
            -174.345,
            58.3422
          ],
          [
            -174.3885,
            58.1624
          ],
          [
            -174.4317,
            57.9825
          ],
          [
            -174.4889,
            57.7427
          ],
          [
            -174.5596,
            57.4429
          ],
          [
            -174.6156,
            57.203
          ],
          [
            -174.6573,
            57.0231
          ],
          [
            -174.7125,
            56.7832
          ],
          [
            -174.7536,
            56.6033
          ],
          [
            -174.835,
            56.2433
          ],
          [
            -174.8619,
            56.1234
          ],
          [
            -174.9154,
            55.8834
          ],
          [
            -174.942,
            55.7634
          ],
          [
            -175.008,
            55.4634
          ],
          [
            -175.0473,
            55.2833
          ],
          [
            -175.0993,
            55.0433
          ],
          [
            -175.1638,
            54.7432
          ],
          [
            -175.2404,
            54.383
          ],
          [
            -175.3161,
            54.0228
          ],
          [
            -175.3537,
            53.8427
          ],
          [
            -175.391,
            53.6626
          ],
          [
            -175.4282,
            53.4824
          ],
          [
            -175.4897,
            53.1822
          ],
          [
            -175.5385,
            52.9419
          ],
          [
            -175.587,
            52.7017
          ],
          [
            -175.6591,
            52.3413
          ],
          [
            -175.6949,
            52.1611
          ],
          [
            -175.7305,
            51.9808
          ],
          [
            -175.7895,
            51.6804
          ],
          [
            -175.8246,
            51.5002
          ],
          [
            -175.848,
            51.38
          ],
          [
            -175.9176,
            51.0194
          ],
          [
            -175.9751,
            50.7189
          ],
          [
            -176.0435,
            50.3583
          ],
          [
            -176.1226,
            49.9375
          ],
          [
            -176.1674,
            49.697
          ],
          [
            -176.223,
            49.3964
          ],
          [
            -176.2673,
            49.1558
          ],
          [
            -176.3113,
            48.9153
          ],
          [
            -176.3986,
            48.4342
          ],
          [
            -176.4742,
            48.0131
          ],
          [
            -176.5491,
            47.592
          ],
          [
            -176.6233,
            47.1708
          ],
          [
            -176.6969,
            46.7496
          ],
          [
            -176.7282,
            46.5691
          ],
          [
            -176.8009,
            46.1478
          ],
          [
            -176.8832,
            45.6662
          ],
          [
            -176.9749,
            45.1244
          ],
          [
            -177.0556,
            44.6427
          ],
          [
            -177.1356,
            44.1609
          ],
          [
            -177.2149,
            43.679
          ],
          [
            -177.2543,
            43.4381
          ],
          [
            -177.3033,
            43.1369
          ],
          [
            -177.3618,
            42.7754
          ],
          [
            -177.4489,
            42.2331
          ],
          [
            -177.5352,
            41.6907
          ],
          [
            -177.6018,
            41.2688
          ],
          [
            -177.6397,
            41.0276
          ],
          [
            -177.7244,
            40.485
          ],
          [
            -177.7898,
            40.0629
          ],
          [
            -177.8733,
            39.5202
          ],
          [
            -177.9378,
            39.098
          ],
          [
            -177.9653,
            38.917
          ],
          [
            -178.0475,
            38.3741
          ],
          [
            -178.1381,
            37.7707
          ],
          [
            -178.2011,
            37.3483
          ],
          [
            -178.2816,
            36.8051
          ],
          [
            -178.3172,
            36.5636
          ],
          [
            -178.3969,
            36.0203
          ],
          [
            -178.4849,
            35.4165
          ],
          [
            -178.5809,
            34.7522
          ],
          [
            -178.6244,
            34.4502
          ],
          [
            -178.6763,
            34.0877
          ],
          [
            -178.7624,
            33.4835
          ],
          [
            -178.8309,
            33.0001
          ],
          [
            -178.9245,
            32.3353
          ],
          [
            -179.0175,
            31.6704
          ],
          [
            -179.1099,
            31.0053
          ],
          [
            -179.1851,
            30.4611
          ],
          [
            -179.2267,
            30.1587
          ],
          [
            -179.3096,
            29.5538
          ],
          [
            -179.3941,
            28.9336
          ]
        ]
      }
    },
    {
      "type": "Feature",
      "properties": {
        "instrument": "SHARAD_HIGHRES",
        "product_id": "R_0753201_001_SS19_700_A",
        "dat_file": "r_0753201_001_ss19_700_a.dat",
        "lbl_file": "r_0753201_001_ss19_700_a.lbl"
      },
      "geometry": {
        "type": "LineString",
        "coordinates": [
          [
            -174.2042,
            59.6932
          ],
          [
            -174.2427,
            59.5435
          ],
          [
            -174.2809,
            59.3938
          ],
          [
            -174.3641,
            59.0643
          ],
          [
            -174.3941,
            58.9445
          ],
          [
            -174.4462,
            58.7348
          ],
          [
            -174.498,
            58.5248
          ],
          [
            -174.5346,
            58.375
          ],
          [
            -174.5784,
            58.1952
          ],
          [
            -174.6146,
            58.0454
          ],
          [
            -174.6506,
            57.8955
          ],
          [
            -174.7078,
            57.6558
          ],
          [
            -174.7362,
            57.5359
          ],
          [
            -174.7856,
            57.3261
          ],
          [
            -174.8416,
            57.0863
          ],
          [
            -174.8833,
            56.9065
          ],
          [
            -174.9316,
            56.6966
          ],
          [
            -174.9727,
            56.5167
          ],
          [
            -175.0339,
            56.2469
          ],
          [
            -175.0744,
            56.067
          ],
          [
            -175.1213,
            55.8571
          ],
          [
            -175.1745,
            55.6172
          ],
          [
            -175.2339,
            55.3472
          ],
          [
            -175.2732,
            55.1673
          ],
          [
            -175.3511,
            54.8073
          ],
          [
            -175.3833,
            54.6573
          ],
          [
            -175.4345,
            54.4173
          ],
          [
            -175.4663,
            54.2673
          ],
          [
            -175.5169,
            54.0273
          ],
          [
            -175.5921,
            53.6672
          ],
          [
            -175.6665,
            53.3071
          ],
          [
            -175.7034,
            53.127
          ],
          [
            -175.7523,
            52.8869
          ],
          [
            -175.7827,
            52.7368
          ],
          [
            -175.8371,
            52.4666
          ],
          [
            -175.909,
            52.1064
          ],
          [
            -175.992,
            51.686
          ],
          [
            -176.0624,
            51.3257
          ],
          [
            -176.1321,
            50.9653
          ],
          [
            -176.161,
            50.8151
          ],
          [
            -176.2298,
            50.4547
          ],
          [
            -176.264,
            50.2744
          ],
          [
            -176.315,
            50.0041
          ],
          [
            -176.3488,
            49.8238
          ],
          [
            -176.4048,
            49.5234
          ],
          [
            -176.4715,
            49.1628
          ],
          [
            -176.5486,
            48.7421
          ],
          [
            -176.6304,
            48.2913
          ],
          [
            -176.7221,
            47.7803
          ],
          [
            -176.7809,
            47.4496
          ],
          [
            -176.8234,
            47.2091
          ],
          [
            -176.8604,
            46.9986
          ],
          [
            -176.9025,
            46.7581
          ],
          [
            -176.9444,
            46.5175
          ],
          [
            -177.0379,
            45.9762
          ],
          [
            -177.1048,
            45.5852
          ],
          [
            -177.1814,
            45.1339
          ],
          [
            -177.2674,
            44.6225
          ],
          [
            -177.3476,
            44.1411
          ],
          [
            -177.437,
            43.5994
          ],
          [
            -177.4912,
            43.2683
          ],
          [
            -177.55,
            42.9071
          ],
          [
            -177.5987,
            42.6061
          ],
          [
            -177.6858,
            42.0641
          ],
          [
            -177.753,
            41.6426
          ],
          [
            -177.8245,
            41.1909
          ],
          [
            -177.8955,
            40.7391
          ],
          [
            -177.9707,
            40.2572
          ],
          [
            -178.0081,
            40.0162
          ],
          [
            -178.0964,
            39.4437
          ],
          [
            -178.161,
            39.0219
          ],
          [
            -178.2069,
            38.7205
          ],
          [
            -178.2663,
            38.3287
          ],
          [
            -178.3254,
            37.9369
          ],
          [
            -178.3932,
            37.4847
          ],
          [
            -178.4292,
            37.2435
          ],
          [
            -178.5098,
            36.7008
          ],
          [
            -178.612,
            36.0072
          ],
          [
            -178.7265,
            35.223
          ],
          [
            -178.7921,
            34.7705
          ],
          [
            -178.8617,
            34.2877
          ],
          [
            -178.9525,
            33.654
          ],
          [
            -179.0384,
            33.0504
          ],
          [
            -179.111,
            32.5372
          ],
          [
            -179.2044,
            31.873
          ],
          [
            -179.2972,
            31.2086
          ],
          [
            -179.3936,
            30.514
          ],
          [
            -179.4869,
            29.837
          ]
        ]
      }
    },
    {
      "type": "Feature",
      "properties": {
        "instrument": "SHARAD_HIGHRES",
        "product_id": "R_0724202_001_SS19_700_A",
        "dat_file": "r_0724202_001_ss19_700_a.dat",
        "lbl_file": "r_0724202_001_ss19_700_a.lbl"
      },
      "geometry": {
        "type": "LineString",
        "coordinates": [
          [
            179.9148,
            33.4156
          ],
          [
            179.842,
            32.9025
          ],
          [
            179.7738,
            32.4195
          ],
          [
            179.6975,
            31.876
          ],
          [
            179.6342,
            31.4231
          ],
          [
            179.5628,
            30.9097
          ],
          [
            179.4709,
            30.2452
          ],
          [
            -175.3669,
            59.4648
          ],
          [
            -175.4201,
            59.255
          ],
          [
            -175.4503,
            59.1351
          ],
          [
            -175.4953,
            58.9553
          ],
          [
            -175.54,
            58.7754
          ],
          [
            -175.577,
            58.6255
          ],
          [
            -175.6212,
            58.4454
          ],
          [
            -175.6868,
            58.1756
          ],
          [
            -175.7589,
            57.8757
          ],
          [
            -175.8231,
            57.6059
          ],
          [
            -175.9007,
            57.276
          ],
          [
            -175.9635,
            57.0061
          ],
          [
            -176.0463,
            56.6461
          ],
          [
            -176.0805,
            56.4962
          ],
          [
            -176.1213,
            56.3162
          ],
          [
            -176.1753,
            56.0762
          ],
          [
            -176.2422,
            55.7761
          ],
          [
            -176.315,
            55.4461
          ],
          [
            -176.374,
            55.176
          ],
          [
            -176.426,
            54.9359
          ],
          [
            -176.4776,
            54.6958
          ],
          [
            -176.5352,
            54.4257
          ],
          [
            -176.567,
            54.2756
          ],
          [
            -176.6427,
            53.9154
          ],
          [
            -176.674,
            53.7653
          ],
          [
            -176.7238,
            53.5251
          ],
          [
            -176.7609,
            53.3449
          ],
          [
            -176.8162,
            53.0747
          ],
          [
            -176.8406,
            52.9546
          ],
          [
            -176.865,
            52.8344
          ],
          [
            -176.9195,
            52.5642
          ],
          [
            -176.9736,
            52.2939
          ],
          [
            -177.0451,
            51.9334
          ],
          [
            -177.1159,
            51.5729
          ],
          [
            -177.1744,
            51.2725
          ],
          [
            -177.2382,
            50.942
          ],
          [
            -177.3072,
            50.5815
          ],
          [
            -177.3869,
            50.1608
          ],
          [
            -177.4377,
            49.8903
          ],
          [
            -177.5272,
            49.4094
          ],
          [
            -177.5771,
            49.1388
          ],
          [
            -177.6212,
            48.8983
          ],
          [
            -177.6705,
            48.6278
          ],
          [
            -177.7466,
            48.2069
          ],
          [
            -177.822,
            47.7859
          ],
          [
            -177.8967,
            47.3649
          ],
          [
            -177.9391,
            47.1243
          ],
          [
            -177.976,
            46.9137
          ],
          [
            -178.018,
            46.6731
          ],
          [
            -178.065,
            46.4024
          ],
          [
            -178.1324,
            46.0113
          ],
          [
            -178.1942,
            45.6502
          ],
          [
            -178.2759,
            45.1688
          ],
          [
            -178.3518,
            44.7174
          ],
          [
            -178.4221,
            44.2961
          ],
          [
            -178.4968,
            43.8446
          ],
          [
            -178.5709,
            43.393
          ],
          [
            -178.6102,
            43.1522
          ],
          [
            -178.6542,
            42.8812
          ],
          [
            -178.7271,
            42.4295
          ],
          [
            -178.7802,
            42.0983
          ],
          [
            -178.8665,
            41.5562
          ],
          [
            -178.9331,
            41.1345
          ],
          [
            -179.004,
            40.6826
          ],
          [
            -179.0744,
            40.2307
          ],
          [
            -179.1629,
            39.6582
          ],
          [
            -179.2138,
            39.3267
          ],
          [
            -179.3149,
            38.6637
          ],
          [
            -179.3924,
            38.1512
          ],
          [
            -179.4829,
            37.5483
          ],
          [
            -179.5503,
            37.096
          ],
          [
            -179.5995,
            36.7643
          ],
          [
            -179.7017,
            36.0707
          ],
          [
            -179.8118,
            35.3166
          ],
          [
            -179.8556,
            35.0149
          ],
          [
            -179.9514,
            34.3511
          ]
        ]
      }
    },
    {
      "type": "Feature",
      "properties": {
        "instrument": "SHARAD_HIGHRES",
        "product_id": "R_5601801_001_SS19_700_A",
        "dat_file": "r_5601801_001_ss19_700_a.dat",
        "lbl_file": "r_5601801_001_ss19_700_a.lbl"
      },
      "geometry": {
        "type": "LineString",
        "coordinates": [
          [
            179.9606,
            40.0881
          ],
          [
            179.9096,
            39.7565
          ],
          [
            179.8129,
            39.1232
          ],
          [
            179.7216,
            38.52
          ],
          [
            179.622,
            37.8563
          ],
          [
            179.5367,
            37.283
          ],
          [
            179.452,
            36.7096
          ],
          [
            179.3679,
            36.1362
          ],
          [
            179.2625,
            35.4117
          ],
          [
            179.171,
            34.7776
          ],
          [
            179.0715,
            34.083
          ],
          [
            178.9856,
            33.4788
          ],
          [
            178.9258,
            33.0559
          ],
          [
            178.8705,
            32.6631
          ],
          [
            178.7774,
            31.9983
          ],
          [
            178.6807,
            31.3031
          ],
          [
            178.5888,
            30.638
          ],
          [
            178.5306,
            30.2146
          ],
          [
            -170.0236,
            74.7077
          ],
          [
            -170.0671,
            74.6486
          ],
          [
            -170.1103,
            74.5894
          ],
          [
            -170.1532,
            74.5302
          ],
          [
            -170.217,
            74.4414
          ],
          [
            -170.2592,
            74.3822
          ],
          [
            -170.3011,
            74.323
          ],
          [
            -170.3635,
            74.2342
          ],
          [
            -170.4047,
            74.175
          ],
          [
            -170.4661,
            74.0862
          ],
          [
            -170.547,
            73.9677
          ],
          [
            -170.587,
            73.9085
          ],
          [
            -170.6467,
            73.8196
          ],
          [
            -170.6664,
            73.79
          ],
          [
            -170.7253,
            73.7011
          ],
          [
            -170.7836,
            73.6122
          ],
          [
            -170.8222,
            73.5529
          ],
          [
            -170.8797,
            73.464
          ],
          [
            -170.9177,
            73.4047
          ],
          [
            -170.993,
            73.2861
          ],
          [
            -171.0303,
            73.2268
          ],
          [
            -171.0859,
            73.1378
          ],
          [
            -171.1774,
            72.9895
          ],
          [
            -171.2496,
            72.8708
          ],
          [
            -171.3032,
            72.7818
          ],
          [
            -171.3564,
            72.6927
          ],
          [
            -171.3916,
            72.6334
          ],
          [
            -171.444,
            72.5443
          ],
          [
            -171.5303,
            72.3959
          ],
          [
            -171.5985,
            72.2771
          ],
          [
            -171.6323,
            72.2177
          ],
          [
            -171.6994,
            72.0989
          ],
          [
            -171.7492,
            72.0098
          ],
          [
            -171.7822,
            71.9504
          ],
          [
            -171.815,
            71.8909
          ],
          [
            -171.8801,
            71.7721
          ],
          [
            -171.9284,
            71.6829
          ],
          [
            -171.9764,
            71.5938
          ],
          [
            -172.024,
            71.5046
          ],
          [
            -172.0555,
            71.4451
          ],
          [
            -172.0868,
            71.3857
          ],
          [
            -172.1335,
            71.2965
          ],
          [
            -172.1799,
            71.2073
          ],
          [
            -172.2259,
            71.1181
          ],
          [
            -172.2715,
            71.0288
          ],
          [
            -172.3168,
            70.9396
          ],
          [
            -172.3915,
            70.7909
          ],
          [
            -172.4359,
            70.7016
          ],
          [
            -172.4799,
            70.6124
          ],
          [
            -172.5237,
            70.5231
          ],
          [
            -172.5815,
            70.4041
          ],
          [
            -172.6387,
            70.285
          ],
          [
            -172.6813,
            70.1957
          ],
          [
            -172.7095,
            70.1362
          ],
          [
            -172.7655,
            70.0171
          ],
          [
            -172.8071,
            69.9278
          ],
          [
            -172.8622,
            69.8087
          ],
          [
            -172.8896,
            69.7491
          ],
          [
            -172.9439,
            69.63
          ],
          [
            -172.9843,
            69.5406
          ],
          [
            -173.0377,
            69.4215
          ],
          [
            -173.0643,
            69.3619
          ],
          [
            -173.117,
            69.2427
          ],
          [
            -173.1432,
            69.1831
          ],
          [
            -173.1952,
            69.0639
          ],
          [
            -173.2339,
            68.9745
          ],
          [
            -173.2851,
            68.8553
          ],
          [
            -173.3611,
            68.6765
          ],
          [
            -173.3862,
            68.6169
          ],
          [
            -173.4485,
            68.4678
          ],
          [
            -173.5101,
            68.3187
          ],
          [
            -173.5589,
            68.1995
          ],
          [
            -173.5953,
            68.11
          ],
          [
            -173.6554,
            67.9609
          ],
          [
            -173.703,
            67.8416
          ],
          [
            -173.762,
            67.6924
          ],
          [
            -173.832,
            67.5134
          ],
          [
            -173.8782,
            67.3941
          ],
          [
            -173.9126,
            67.3046
          ],
          [
            -173.9921,
            67.0957
          ],
          [
            -174.037,
            66.9763
          ],
          [
            -174.0816,
            66.8569
          ],
          [
            -174.1258,
            66.7375
          ],
          [
            -174.1807,
            66.5882
          ],
          [
            -174.2242,
            66.4688
          ],
          [
            -174.2566,
            66.3792
          ],
          [
            -174.2888,
            66.2897
          ],
          [
            -174.3315,
            66.1702
          ],
          [
            -174.3739,
            66.0508
          ],
          [
            -174.4264,
            65.9014
          ],
          [
            -174.4785,
            65.7521
          ],
          [
            -174.5095,
            65.6625
          ],
          [
            -174.5506,
            65.543
          ],
          [
            -174.5812,
            65.4534
          ],
          [
            -174.642,
            65.2741
          ],
          [
            -174.6721,
            65.1845
          ],
          [
            -174.732,
            65.0052
          ],
          [
            -174.7814,
            64.8557
          ],
          [
            -174.8206,
            64.7362
          ],
          [
            -174.8886,
            64.527
          ],
          [
            -174.9367,
            64.3775
          ],
          [
            -174.9749,
            64.2579
          ],
          [
            -175.0317,
            64.0785
          ],
          [
            -175.0599,
            63.9888
          ],
          [
            -175.1159,
            63.8094
          ],
          [
            -175.1437,
            63.7197
          ],
          [
            -175.1989,
            63.5403
          ],
          [
            -175.2354,
            63.4207
          ],
          [
            -175.2717,
            63.301
          ],
          [
            -175.3436,
            63.0617
          ],
          [
            -175.4058,
            62.8523
          ],
          [
            -175.4323,
            62.7626
          ],
          [
            -175.4674,
            62.6429
          ],
          [
            -175.5456,
            62.3736
          ],
          [
            -175.5886,
            62.224
          ],
          [
            -175.6228,
            62.1042
          ],
          [
            -175.6906,
            61.8648
          ],
          [
            -175.7493,
            61.6553
          ],
          [
            -175.8239,
            61.3859
          ],
          [
            -175.8976,
            61.1164
          ],
          [
            -175.9301,
            60.9966
          ],
          [
            -175.9865,
            60.787
          ],
          [
            -176.0503,
            60.5475
          ],
          [
            -176.1056,
            60.3378
          ],
          [
            -176.137,
            60.218
          ],
          [
            -176.176,
            60.0682
          ],
          [
            -176.207,
            59.9484
          ],
          [
            -176.2686,
            59.7088
          ],
          [
            -176.3447,
            59.4091
          ],
          [
            -176.4124,
            59.1395
          ],
          [
            -176.4497,
            58.9896
          ],
          [
            -176.5015,
            58.7799
          ],
          [
            -176.5529,
            58.5701
          ],
          [
            -176.5967,
            58.3902
          ],
          [
            -176.6257,
            58.2703
          ],
          [
            -176.6976,
            57.9705
          ],
          [
            -176.7616,
            57.7007
          ],
          [
            -176.825,
            57.4309
          ],
          [
            -176.8947,
            57.131
          ],
          [
            -176.9499,
            56.8911
          ],
          [
            -176.9842,
            56.7411
          ],
          [
            -177.0522,
            56.4412
          ],
          [
            -177.0994,
            56.2312
          ],
          [
            -177.1262,
            56.1112
          ],
          [
            -177.1795,
            55.8712
          ],
          [
            -177.2324,
            55.6312
          ],
          [
            -177.2914,
            55.3611
          ],
          [
            -177.3434,
            55.121
          ],
          [
            -177.3757,
            54.971
          ],
          [
            -177.4526,
            54.6108
          ],
          [
            -177.5034,
            54.3707
          ],
          [
            -177.5538,
            54.1305
          ],
          [
            -177.5976,
            53.9204
          ],
          [
            -177.6659,
            53.5901
          ],
          [
            -177.7274,
            53.2899
          ],
          [
            -177.7884,
            52.9896
          ],
          [
            -177.8187,
            52.8394
          ],
          [
            -177.8729,
            52.5691
          ],
          [
            -177.9386,
            52.2387
          ],
          [
            -178.0037,
            51.9082
          ],
          [
            -178.0799,
            51.5177
          ],
          [
            -178.1611,
            51.097
          ],
          [
            -178.2357,
            50.7063
          ],
          [
            -178.2926,
            50.4058
          ],
          [
            -178.3476,
            50.113
          ],
          [
            -178.4371,
            49.632
          ],
          [
            -178.4704,
            49.4517
          ],
          [
            -178.5201,
            49.1811
          ],
          [
            -178.5804,
            48.8503
          ],
          [
            -178.6565,
            48.4293
          ],
          [
            -178.7265,
            48.0383
          ],
          [
            -178.7853,
            47.7074
          ],
          [
            -178.8595,
            47.2862
          ],
          [
            -178.9226,
            46.9252
          ],
          [
            -179.0008,
            46.4738
          ],
          [
            -179.0422,
            46.2331
          ],
          [
            -179.1142,
            45.8117
          ],
          [
            -179.2059,
            45.2699
          ],
          [
            -179.2816,
            44.8183
          ],
          [
            -179.3317,
            44.5173
          ],
          [
            -179.3716,
            44.2764
          ],
          [
            -179.441,
            43.8548
          ],
          [
            -179.5197,
            43.3729
          ],
          [
            -179.588,
            42.9512
          ],
          [
            -179.6703,
            42.439
          ],
          [
            -179.7519,
            41.9268
          ],
          [
            -179.8186,
            41.5049
          ],
          [
            -179.8896,
            41.0528
          ],
          [
            -179.9554,
            40.6308
          ]
        ]
      }
    },
    {
      "type": "Feature",
      "properties": {
        "instrument": "SHARAD_HIGHRES",
        "product_id": "R_2822101_001_SS4_700_A",
        "dat_file": "r_2822101_001_ss4_700_a.dat",
        "lbl_file": "r_2822101_001_ss4_700_a.lbl"
      },
      "geometry": {
        "type": "LineString",
        "coordinates": [
          [
            -166.946,
            75.0739
          ],
          [
            -166.9916,
            75.0148
          ],
          [
            -167.0368,
            74.9557
          ],
          [
            -167.1265,
            74.8374
          ],
          [
            -167.1709,
            74.7783
          ],
          [
            -167.2587,
            74.6599
          ],
          [
            -167.3022,
            74.6008
          ],
          [
            -167.3453,
            74.5416
          ],
          [
            -167.4309,
            74.4233
          ],
          [
            -167.5153,
            74.3049
          ],
          [
            -167.557,
            74.2457
          ],
          [
            -167.5986,
            74.1865
          ],
          [
            -167.6808,
            74.068
          ],
          [
            -167.762,
            73.9496
          ],
          [
            -167.8022,
            73.8903
          ],
          [
            -167.8421,
            73.8311
          ],
          [
            -167.9213,
            73.7125
          ],
          [
            -167.9605,
            73.6533
          ],
          [
            -168.0381,
            73.5347
          ],
          [
            -168.1149,
            73.4162
          ],
          [
            -168.1529,
            73.3569
          ],
          [
            -168.1907,
            73.2976
          ],
          [
            -168.2656,
            73.1789
          ],
          [
            -168.3396,
            73.0603
          ],
          [
            -168.3762,
            73.001
          ],
          [
            -168.4127,
            72.9416
          ],
          [
            -168.485,
            72.823
          ],
          [
            -168.5564,
            72.7043
          ],
          [
            -168.5918,
            72.6449
          ],
          [
            -168.662,
            72.5262
          ],
          [
            -168.6968,
            72.4668
          ],
          [
            -168.7314,
            72.4074
          ],
          [
            -168.8001,
            72.2886
          ],
          [
            -168.8341,
            72.2292
          ],
          [
            -168.9016,
            72.1104
          ],
          [
            -168.9683,
            71.9916
          ],
          [
            -169.0014,
            71.9322
          ],
          [
            -169.0671,
            71.8134
          ],
          [
            -169.132,
            71.6945
          ],
          [
            -169.1643,
            71.6351
          ],
          [
            -169.2282,
            71.5162
          ],
          [
            -169.2914,
            71.3973
          ],
          [
            -169.3228,
            71.3378
          ],
          [
            -169.385,
            71.2189
          ],
          [
            -169.4467,
            71.0999
          ],
          [
            -169.5379,
            70.9215
          ],
          [
            -169.598,
            70.8025
          ],
          [
            -169.6574,
            70.6835
          ],
          [
            -169.7163,
            70.5644
          ],
          [
            -169.7746,
            70.4454
          ],
          [
            -169.8323,
            70.3264
          ],
          [
            -169.861,
            70.2668
          ],
          [
            -169.9178,
            70.1478
          ],
          [
            -169.9742,
            70.0287
          ],
          [
            -170.03,
            69.9096
          ],
          [
            -170.0853,
            69.7905
          ],
          [
            -170.14,
            69.6713
          ],
          [
            -170.1943,
            69.5522
          ],
          [
            -170.248,
            69.4331
          ],
          [
            -170.3013,
            69.3139
          ],
          [
            -170.3278,
            69.2543
          ],
          [
            -170.3803,
            69.1351
          ],
          [
            -170.4324,
            69.0159
          ],
          [
            -170.484,
            68.8967
          ],
          [
            -170.5352,
            68.7775
          ],
          [
            -170.5859,
            68.6583
          ],
          [
            -170.6362,
            68.539
          ],
          [
            -170.686,
            68.4198
          ],
          [
            -170.7108,
            68.3601
          ],
          [
            -170.7845,
            68.1812
          ],
          [
            -170.8331,
            68.0619
          ],
          [
            -170.9052,
            67.883
          ],
          [
            -170.9528,
            67.7637
          ],
          [
            -171.0235,
            67.5847
          ],
          [
            -171.0933,
            67.4056
          ],
          [
            -171.1394,
            67.2863
          ],
          [
            -171.1851,
            67.1669
          ],
          [
            -171.2305,
            67.0475
          ],
          [
            -171.2755,
            66.9281
          ],
          [
            -171.3201,
            66.8088
          ],
          [
            -171.3865,
            66.6296
          ],
          [
            -171.4521,
            66.4505
          ],
          [
            -171.4954,
            66.3311
          ],
          [
            -171.5384,
            66.2116
          ],
          [
            -171.5811,
            66.0922
          ],
          [
            -171.6235,
            65.9727
          ],
          [
            -171.7073,
            65.7337
          ],
          [
            -171.7694,
            65.5545
          ],
          [
            -171.8104,
            65.435
          ],
          [
            -171.8916,
            65.196
          ],
          [
            -171.9517,
            65.0167
          ],
          [
            -172.0113,
            64.8374
          ],
          [
            -172.0702,
            64.658
          ],
          [
            -172.1092,
            64.5385
          ],
          [
            -172.1479,
            64.4189
          ],
          [
            -172.1863,
            64.2993
          ],
          [
            -172.2625,
            64.0601
          ],
          [
            -172.3002,
            63.9405
          ],
          [
            -172.3563,
            63.7611
          ],
          [
            -172.3934,
            63.6415
          ],
          [
            -172.4486,
            63.462
          ],
          [
            -172.5033,
            63.2826
          ],
          [
            -172.5395,
            63.1629
          ],
          [
            -172.5755,
            63.0432
          ],
          [
            -172.6112,
            62.9236
          ],
          [
            -172.6644,
            62.7441
          ],
          [
            -172.6997,
            62.6244
          ],
          [
            -172.7347,
            62.5047
          ],
          [
            -172.8041,
            62.2653
          ],
          [
            -172.8385,
            62.1456
          ],
          [
            -172.8727,
            62.0258
          ],
          [
            -172.9067,
            61.9061
          ],
          [
            -172.9574,
            61.7265
          ],
          [
            -172.9742,
            61.6667
          ],
          [
            -173.0409,
            61.4272
          ],
          [
            -173.0904,
            61.2475
          ],
          [
            -173.1232,
            61.1277
          ],
          [
            -173.1721,
            60.9481
          ],
          [
            -173.2206,
            60.7684
          ],
          [
            -173.2687,
            60.5887
          ],
          [
            -173.3164,
            60.409
          ],
          [
            -173.348,
            60.2892
          ],
          [
            -173.3951,
            60.1095
          ],
          [
            -173.4263,
            59.9896
          ],
          [
            -173.4728,
            59.8099
          ],
          [
            -173.519,
            59.6301
          ],
          [
            -173.5648,
            59.4504
          ],
          [
            -173.6103,
            59.2706
          ],
          [
            -173.6404,
            59.1507
          ],
          [
            -173.6704,
            59.0308
          ],
          [
            -173.7151,
            58.851
          ],
          [
            -173.7595,
            58.6712
          ],
          [
            -173.8036,
            58.4913
          ],
          [
            -173.8474,
            58.3115
          ],
          [
            -173.8909,
            58.1316
          ],
          [
            -173.9484,
            57.8918
          ],
          [
            -173.9912,
            57.7119
          ],
          [
            -174.0619,
            57.412
          ],
          [
            -174.1179,
            57.1721
          ],
          [
            -174.1596,
            56.9921
          ],
          [
            -174.201,
            56.8122
          ],
          [
            -174.2558,
            56.5722
          ],
          [
            -174.3102,
            56.3322
          ],
          [
            -174.3909,
            55.9722
          ],
          [
            -174.4309,
            55.7922
          ],
          [
            -174.4838,
            55.5522
          ],
          [
            -174.5494,
            55.2521
          ],
          [
            -174.5755,
            55.132
          ],
          [
            -174.6402,
            54.8319
          ],
          [
            -174.6915,
            54.5918
          ],
          [
            -174.7298,
            54.4116
          ],
          [
            -174.7678,
            54.2315
          ],
          [
            -174.8182,
            53.9913
          ],
          [
            -174.8807,
            53.6911
          ],
          [
            -174.9549,
            53.3308
          ],
          [
            -175.0284,
            52.9704
          ],
          [
            -175.1011,
            52.61
          ],
          [
            -175.185,
            52.1894
          ],
          [
            -175.2325,
            51.9491
          ],
          [
            -175.2915,
            51.6486
          ],
          [
            -175.3616,
            51.288
          ],
          [
            -175.408,
            51.0476
          ],
          [
            -175.4656,
            50.7471
          ],
          [
            -175.5341,
            50.3864
          ],
          [
            -175.6133,
            49.9656
          ],
          [
            -175.7028,
            49.4845
          ],
          [
            -175.7582,
            49.1838
          ],
          [
            -175.8461,
            48.7027
          ],
          [
            -175.8788,
            48.5222
          ],
          [
            -175.933,
            48.2215
          ],
          [
            -176.019,
            47.7402
          ],
          [
            -176.0935,
            47.319
          ],
          [
            -176.1463,
            47.0181
          ],
          [
            -176.1988,
            46.7172
          ],
          [
            -176.2821,
            46.2357
          ],
          [
            -176.3646,
            45.7541
          ],
          [
            -176.4463,
            45.2724
          ],
          [
            -176.4869,
            45.0316
          ],
          [
            -176.5273,
            44.7907
          ],
          [
            -176.5975,
            44.3692
          ],
          [
            -176.6673,
            43.9475
          ],
          [
            -176.7365,
            43.5259
          ],
          [
            -176.8052,
            43.1042
          ],
          [
            -176.8345,
            42.9234
          ],
          [
            -176.8928,
            42.5619
          ],
          [
            -176.9315,
            42.3208
          ],
          [
            -177.0084,
            41.8387
          ],
          [
            -177.0847,
            41.3565
          ],
          [
            -177.1699,
            40.8139
          ],
          [
            -177.2637,
            40.2109
          ],
          [
            -177.3567,
            39.6079
          ],
          [
            -177.4397,
            39.065
          ],
          [
            -177.5038,
            38.6427
          ],
          [
            -177.5494,
            38.3411
          ],
          [
            -177.64,
            37.7377
          ],
          [
            -177.7299,
            37.1342
          ],
          [
            -177.828,
            36.4702
          ],
          [
            -177.89,
            36.0476
          ],
          [
            -177.9605,
            35.5646
          ],
          [
            -178.0131,
            35.2022
          ],
          [
            -178.0742,
            34.7795
          ],
          [
            -178.135,
            34.3567
          ],
          [
            -178.2386,
            33.6317
          ],
          [
            -178.3414,
            32.9066
          ],
          [
            -178.4095,
            32.4231
          ],
          [
            -178.4519,
            32.1209
          ],
          [
            -178.5279,
            31.5769
          ],
          [
            -178.6119,
            30.9723
          ],
          [
            -178.6871,
            30.428
          ],
          [
            -178.7722,
            29.8081
          ]
        ]
      }
    },
    {
      "type": "Feature",
      "properties": {
        "instrument": "SHARAD_HIGHRES",
        "product_id": "R_4047801_001_SS19_700_A",
        "dat_file": "r_4047801_001_ss19_700_a.dat",
        "lbl_file": "r_4047801_001_ss19_700_a.lbl"
      },
      "geometry": {
        "type": "LineString",
        "coordinates": [
          [
            -174.7648,
            43.8081
          ],
          [
            -174.8093,
            44.0789
          ],
          [
            -174.864,
            44.4099
          ],
          [
            -174.914,
            44.7108
          ],
          [
            -174.9845,
            45.132
          ],
          [
            -175.0301,
            45.4027
          ],
          [
            -175.1015,
            45.8238
          ],
          [
            -175.1323,
            46.0043
          ],
          [
            -175.1942,
            46.3651
          ],
          [
            -175.2722,
            46.8162
          ],
          [
            -175.3141,
            47.0567
          ],
          [
            -175.3615,
            47.3272
          ],
          [
            -175.4198,
            47.6579
          ],
          [
            -175.4571,
            47.8683
          ],
          [
            -175.5107,
            48.1689
          ],
          [
            -175.5972,
            48.6497
          ],
          [
            -175.6627,
            49.0102
          ],
          [
            -175.7177,
            49.3107
          ],
          [
            -175.7842,
            49.6712
          ],
          [
            -175.8569,
            50.0617
          ],
          [
            -175.8907,
            50.2419
          ],
          [
            -175.9303,
            50.4521
          ],
          [
            -175.9987,
            50.8125
          ],
          [
            -176.0677,
            51.1728
          ],
          [
            -176.1257,
            51.473
          ],
          [
            -176.1783,
            51.7432
          ],
          [
            -176.2431,
            52.0734
          ],
          [
            -176.2906,
            52.3135
          ],
          [
            -176.3324,
            52.5236
          ],
          [
            -176.3986,
            52.8537
          ],
          [
            -176.4289,
            53.0037
          ],
          [
            -176.4899,
            53.3037
          ],
          [
            -176.5514,
            53.6038
          ],
          [
            -176.6197,
            53.9337
          ],
          [
            -176.6698,
            54.1737
          ],
          [
            -176.7266,
            54.4436
          ],
          [
            -176.7711,
            54.6536
          ],
          [
            -176.8159,
            54.8635
          ],
          [
            -176.861,
            55.0734
          ],
          [
            -176.9064,
            55.2833
          ],
          [
            -176.9718,
            55.5831
          ],
          [
            -177.0312,
            55.8529
          ],
          [
            -177.0711,
            56.0327
          ],
          [
            -177.1449,
            56.3624
          ],
          [
            -177.2127,
            56.6621
          ],
          [
            -177.2606,
            56.8719
          ],
          [
            -177.3366,
            57.2015
          ],
          [
            -177.3994,
            57.4711
          ],
          [
            -177.4487,
            57.6808
          ],
          [
            -177.5198,
            57.9803
          ],
          [
            -177.5845,
            58.2499
          ],
          [
            -177.6207,
            58.3996
          ],
          [
            -177.6791,
            58.6392
          ],
          [
            -177.7085,
            58.759
          ],
          [
            -177.7603,
            58.9686
          ],
          [
            -177.805,
            59.1482
          ],
          [
            -177.8576,
            59.3578
          ],
          [
            -177.9335,
            59.6571
          ],
          [
            -178.0027,
            59.9265
          ],
          [
            -178.0414,
            60.0761
          ],
          [
            -178.1039,
            60.3155
          ],
          [
            -178.1671,
            60.5549
          ],
          [
            -178.1989,
            60.6746
          ],
          [
            -178.2309,
            60.7942
          ],
          [
            -178.2873,
            61.0037
          ],
          [
            -178.3606,
            61.2729
          ],
          [
            -178.3926,
            61.3892
          ]
        ]
      }
    },
    {
      "type": "Feature",
      "properties": {
        "instrument": "SHARAD_HIGHRES",
        "product_id": "R_7705302_001_SS4_700_A",
        "dat_file": "r_7705302_001_ss4_700_a.dat",
        "lbl_file": "r_7705302_001_ss4_700_a.lbl"
      },
      "geometry": {
        "type": "LineString",
        "coordinates": [
          [
            -166.1005,
            74.7634
          ],
          [
            -166.1885,
            74.6452
          ],
          [
            -166.232,
            74.586
          ],
          [
            -166.2753,
            74.5269
          ],
          [
            -166.3183,
            74.4678
          ],
          [
            -166.361,
            74.4086
          ],
          [
            -166.4034,
            74.3495
          ],
          [
            -166.4874,
            74.2312
          ],
          [
            -166.529,
            74.172
          ],
          [
            -166.6114,
            74.0537
          ],
          [
            -166.6522,
            73.9945
          ],
          [
            -166.733,
            73.8761
          ],
          [
            -166.8128,
            73.7577
          ],
          [
            -166.8916,
            73.6392
          ],
          [
            -166.9307,
            73.58
          ],
          [
            -166.9695,
            73.5208
          ],
          [
            -167.0464,
            73.4023
          ],
          [
            -167.1223,
            73.2838
          ],
          [
            -167.1599,
            73.2245
          ],
          [
            -167.1974,
            73.1652
          ],
          [
            -167.2715,
            73.0467
          ],
          [
            -167.3083,
            72.9874
          ],
          [
            -167.3811,
            72.8688
          ],
          [
            -167.4531,
            72.7502
          ],
          [
            -167.4888,
            72.6909
          ],
          [
            -167.5243,
            72.6316
          ],
          [
            -167.5947,
            72.5129
          ],
          [
            -167.6642,
            72.3942
          ],
          [
            -167.733,
            72.2756
          ],
          [
            -167.7671,
            72.2162
          ],
          [
            -167.8347,
            72.0975
          ],
          [
            -167.8683,
            72.0381
          ],
          [
            -167.9348,
            71.9194
          ],
          [
            -167.9678,
            71.86
          ],
          [
            -168.0333,
            71.7412
          ],
          [
            -168.098,
            71.6224
          ],
          [
            -168.1621,
            71.5036
          ],
          [
            -168.2255,
            71.3848
          ],
          [
            -168.2569,
            71.3254
          ],
          [
            -168.2882,
            71.266
          ],
          [
            -168.3503,
            71.1471
          ],
          [
            -168.3811,
            71.0877
          ],
          [
            -168.4422,
            70.9688
          ],
          [
            -168.5027,
            70.8499
          ],
          [
            -168.5626,
            70.731
          ],
          [
            -168.6219,
            70.612
          ],
          [
            -168.6806,
            70.4931
          ],
          [
            -168.7098,
            70.4336
          ],
          [
            -168.7676,
            70.3147
          ],
          [
            -168.8534,
            70.1362
          ],
          [
            -168.8817,
            70.0767
          ],
          [
            -168.9379,
            69.9577
          ],
          [
            -168.9658,
            69.8982
          ],
          [
            -169.0212,
            69.7791
          ],
          [
            -169.0761,
            69.6601
          ],
          [
            -169.1305,
            69.541
          ],
          [
            -169.1844,
            69.422
          ],
          [
            -169.2378,
            69.3029
          ],
          [
            -169.2907,
            69.1838
          ],
          [
            -169.317,
            69.1242
          ],
          [
            -169.3692,
            69.0051
          ],
          [
            -169.4209,
            68.886
          ],
          [
            -169.4722,
            68.7668
          ],
          [
            -169.4977,
            68.7073
          ],
          [
            -169.5735,
            68.5285
          ],
          [
            -169.6483,
            68.3498
          ],
          [
            -169.673,
            68.2902
          ],
          [
            -169.7221,
            68.171
          ],
          [
            -169.7708,
            68.0518
          ],
          [
            -169.795,
            67.9922
          ],
          [
            -169.8671,
            67.8133
          ],
          [
            -169.9146,
            67.6941
          ],
          [
            -169.9617,
            67.5748
          ],
          [
            -170.0085,
            67.4556
          ],
          [
            -170.0549,
            67.3363
          ],
          [
            -170.1238,
            67.1574
          ],
          [
            -170.1692,
            67.0381
          ],
          [
            -170.2144,
            66.9187
          ],
          [
            -170.2814,
            66.7398
          ],
          [
            -170.3257,
            66.6204
          ],
          [
            -170.3696,
            66.5011
          ],
          [
            -170.4349,
            66.322
          ],
          [
            -170.478,
            66.2027
          ],
          [
            -170.5208,
            66.0833
          ],
          [
            -170.5844,
            65.9042
          ],
          [
            -170.6473,
            65.7251
          ],
          [
            -170.6889,
            65.6057
          ],
          [
            -170.7507,
            65.4266
          ],
          [
            -170.7915,
            65.3071
          ],
          [
            -170.8321,
            65.1877
          ],
          [
            -170.8924,
            65.0085
          ],
          [
            -170.9521,
            64.8293
          ],
          [
            -170.9915,
            64.7098
          ],
          [
            -171.0502,
            64.5306
          ],
          [
            -171.1276,
            64.2916
          ],
          [
            -171.1659,
            64.1721
          ],
          [
            -171.2039,
            64.0526
          ],
          [
            -171.2417,
            63.933
          ],
          [
            -171.2793,
            63.8135
          ],
          [
            -171.3352,
            63.6342
          ],
          [
            -171.4089,
            63.3951
          ],
          [
            -171.4817,
            63.1559
          ],
          [
            -171.5357,
            62.9766
          ],
          [
            -171.5892,
            62.7972
          ],
          [
            -171.6423,
            62.6177
          ],
          [
            -171.6774,
            62.4981
          ],
          [
            -171.747,
            62.2589
          ],
          [
            -171.7986,
            62.0794
          ],
          [
            -171.8328,
            61.9598
          ],
          [
            -171.8838,
            61.7803
          ],
          [
            -171.9175,
            61.6606
          ],
          [
            -171.9677,
            61.4811
          ],
          [
            -172.0175,
            61.3016
          ],
          [
            -172.0833,
            61.0622
          ],
          [
            -172.1484,
            60.8228
          ],
          [
            -172.1967,
            60.6432
          ],
          [
            -172.2606,
            60.4038
          ],
          [
            -172.3081,
            60.2242
          ],
          [
            -172.3552,
            60.0445
          ],
          [
            -172.3864,
            59.9248
          ],
          [
            -172.4329,
            59.7451
          ],
          [
            -172.4944,
            59.5056
          ],
          [
            -172.5249,
            59.3858
          ],
          [
            -172.5704,
            59.2061
          ],
          [
            -172.6005,
            59.0863
          ],
          [
            -172.6604,
            58.8467
          ],
          [
            -172.6901,
            58.7269
          ],
          [
            -172.7344,
            58.5472
          ],
          [
            -172.7784,
            58.3674
          ],
          [
            -172.8221,
            58.1877
          ],
          [
            -172.8655,
            58.0079
          ],
          [
            -172.9229,
            57.7682
          ],
          [
            -172.9798,
            57.5284
          ],
          [
            -173.008,
            57.4086
          ],
          [
            -173.0502,
            57.2287
          ],
          [
            -173.0921,
            57.0489
          ],
          [
            -173.1613,
            56.7491
          ],
          [
            -173.2434,
            56.3894
          ],
          [
            -173.311,
            56.0896
          ],
          [
            -173.3379,
            55.9696
          ],
          [
            -173.3913,
            55.7297
          ],
          [
            -173.4178,
            55.6098
          ],
          [
            -173.4706,
            55.3698
          ],
          [
            -173.5099,
            55.1899
          ],
          [
            -173.5749,
            54.8899
          ],
          [
            -173.6521,
            54.5299
          ],
          [
            -173.7284,
            54.1699
          ],
          [
            -173.7914,
            53.8698
          ],
          [
            -173.8289,
            53.6898
          ],
          [
            -173.9033,
            53.3297
          ],
          [
            -173.9525,
            53.0895
          ],
          [
            -174.0135,
            52.7894
          ],
          [
            -174.074,
            52.4892
          ],
          [
            -174.134,
            52.1889
          ],
          [
            -174.2053,
            51.8286
          ],
          [
            -174.2525,
            51.5884
          ],
          [
            -174.311,
            51.288
          ],
          [
            -174.3691,
            50.9877
          ],
          [
            -174.4037,
            50.8075
          ],
          [
            -174.4611,
            50.5071
          ],
          [
            -174.5294,
            50.1465
          ],
          [
            -174.5746,
            49.9062
          ],
          [
            -174.6083,
            49.7259
          ],
          [
            -174.6753,
            49.3653
          ],
          [
            -174.7351,
            49.0407
          ],
          [
            -174.7681,
            48.8604
          ],
          [
            -174.7901,
            48.7401
          ],
          [
            -174.8447,
            48.4395
          ],
          [
            -174.9313,
            47.9585
          ],
          [
            -175.017,
            47.4774
          ],
          [
            -175.0595,
            47.2369
          ],
          [
            -175.1018,
            46.9963
          ],
          [
            -175.1439,
            46.7557
          ],
          [
            -175.1962,
            46.4549
          ],
          [
            -175.2482,
            46.1541
          ],
          [
            -175.2896,
            45.9134
          ],
          [
            -175.3615,
            45.4922
          ],
          [
            -175.443,
            45.0107
          ],
          [
            -175.4734,
            44.8302
          ],
          [
            -175.5238,
            44.5292
          ],
          [
            -175.6138,
            43.9874
          ],
          [
            -175.6832,
            43.5659
          ],
          [
            -175.7423,
            43.2046
          ],
          [
            -175.8205,
            42.7228
          ],
          [
            -175.8884,
            42.3012
          ],
          [
            -175.927,
            42.0602
          ],
          [
            -175.9942,
            41.6385
          ],
          [
            -176.0324,
            41.3975
          ],
          [
            -176.0894,
            41.036
          ],
          [
            -176.1461,
            40.6744
          ],
          [
            -176.2025,
            40.3128
          ],
          [
            -176.2586,
            39.9511
          ],
          [
            -176.3329,
            39.4688
          ],
          [
            -176.3791,
            39.1674
          ],
          [
            -176.4251,
            38.8659
          ],
          [
            -176.4892,
            38.4438
          ],
          [
            -176.5801,
            37.8406
          ],
          [
            -176.6703,
            37.2374
          ],
          [
            -176.7598,
            36.634
          ],
          [
            -176.8398,
            36.0909
          ],
          [
            -176.884,
            35.7891
          ],
          [
            -176.9368,
            35.427
          ],
          [
            -177.0157,
            34.8836
          ],
          [
            -177.0593,
            34.5818
          ],
          [
            -177.1201,
            34.1591
          ],
          [
            -177.1806,
            33.7363
          ],
          [
            -177.258,
            33.1927
          ],
          [
            -177.3435,
            32.5886
          ],
          [
            -177.4454,
            31.8635
          ],
          [
            -177.5382,
            31.1987
          ],
          [
            -177.6304,
            30.5338
          ],
          [
            -177.7356,
            29.7702
          ]
        ]
      }
    },
    {
      "type": "Feature",
      "properties": {
        "instrument": "SHARAD_HIGHRES",
        "product_id": "R_0362901_001_SS19_700_A",
        "dat_file": "r_0362901_001_ss19_700_a.dat",
        "lbl_file": "r_0362901_001_ss19_700_a.lbl"
      },
      "geometry": {
        "type": "LineString",
        "coordinates": [
          [
            -174.8351,
            49.6751
          ],
          [
            -174.8742,
            49.4646
          ],
          [
            -174.9352,
            49.1338
          ],
          [
            -175.0012,
            48.7729
          ],
          [
            -175.0504,
            48.5019
          ],
          [
            -175.0884,
            48.2914
          ],
          [
            -175.1478,
            47.9605
          ],
          [
            -175.2121,
            47.5995
          ],
          [
            -175.2653,
            47.2986
          ],
          [
            -175.3076,
            47.0579
          ],
          [
            -175.3602,
            46.757
          ],
          [
            -175.3916,
            46.5764
          ],
          [
            -175.4644,
            46.1551
          ],
          [
            -175.5212,
            45.824
          ],
          [
            -175.5725,
            45.523
          ],
          [
            -175.6235,
            45.222
          ],
          [
            -175.6641,
            44.9811
          ],
          [
            -175.7045,
            44.7403
          ],
          [
            -175.7547,
            44.4392
          ],
          [
            -175.8147,
            44.0778
          ],
          [
            -175.8891,
            43.6261
          ],
          [
            -175.9678,
            43.1442
          ],
          [
            -176.0264,
            42.7827
          ],
          [
            -176.0798,
            42.4513
          ],
          [
            -176.1329,
            42.1199
          ],
          [
            -176.1953,
            41.7282
          ],
          [
            -176.2478,
            41.3967
          ],
          [
            -176.2858,
            41.1556
          ],
          [
            -176.3284,
            40.8844
          ],
          [
            -176.3896,
            40.4926
          ],
          [
            -176.4551,
            40.0706
          ],
          [
            -176.5063,
            39.7389
          ],
          [
            -176.5711,
            39.3168
          ],
          [
            -176.6217,
            38.9852
          ],
          [
            -176.663,
            38.7138
          ],
          [
            -176.7041,
            38.4423
          ],
          [
            -176.7496,
            38.1407
          ],
          [
            -176.813,
            37.7185
          ],
          [
            -176.9164,
            37.0246
          ],
          [
            -176.9566,
            36.7531
          ],
          [
            -177.0233,
            36.3005
          ],
          [
            -177.0676,
            35.9987
          ],
          [
            -177.1425,
            35.4856
          ],
          [
            -177.1776,
            35.2442
          ],
          [
            -177.2562,
            34.7008
          ],
          [
            -177.33,
            34.1876
          ],
          [
            -177.3689,
            33.9158
          ],
          [
            -177.4249,
            33.5233
          ],
          [
            -177.4892,
            33.0703
          ],
          [
            -177.6,
            32.2849
          ],
          [
            -177.7057,
            31.5296
          ],
          [
            -177.8232,
            30.6835
          ],
          [
            -177.9024,
            30.1093
          ],
          [
            -177.9688,
            29.6256
          ],
          [
            -178.0761,
            28.8396
          ],
          [
            -178.1827,
            28.0533
          ],
          [
            -178.2439,
            27.5996
          ],
          [
            -178.3064,
            27.1344
          ]
        ]
      }
    },
    {
      "type": "Feature",
      "properties": {
        "instrument": "SHARAD_HIGHRES",
        "product_id": "R_5588601_001_SS19_700_A",
        "dat_file": "r_5588601_001_ss19_700_a.dat",
        "lbl_file": "r_5588601_001_ss19_700_a.lbl"
      },
      "geometry": {
        "type": "LineString",
        "coordinates": [
          [
            -166.9812,
            74.7716
          ],
          [
            -167.0471,
            74.6829
          ],
          [
            -167.0906,
            74.6237
          ],
          [
            -167.1553,
            74.5349
          ],
          [
            -167.2194,
            74.4461
          ],
          [
            -167.2618,
            74.3869
          ],
          [
            -167.3039,
            74.3277
          ],
          [
            -167.3457,
            74.2685
          ],
          [
            -167.4079,
            74.1797
          ],
          [
            -167.4695,
            74.0908
          ],
          [
            -167.5103,
            74.0316
          ],
          [
            -167.591,
            73.9131
          ],
          [
            -167.6509,
            73.8242
          ],
          [
            -167.6905,
            73.7649
          ],
          [
            -167.7494,
            73.676
          ],
          [
            -167.7884,
            73.6167
          ],
          [
            -167.8272,
            73.5574
          ],
          [
            -167.8657,
            73.4981
          ],
          [
            -167.9039,
            73.4388
          ],
          [
            -167.942,
            73.3795
          ],
          [
            -167.9798,
            73.3202
          ],
          [
            -168.0174,
            73.2608
          ],
          [
            -168.0361,
            73.2312
          ],
          [
            -168.1104,
            73.1125
          ],
          [
            -168.1472,
            73.0532
          ],
          [
            -168.2201,
            72.9345
          ],
          [
            -168.2743,
            72.8454
          ],
          [
            -168.328,
            72.7564
          ],
          [
            -168.3812,
            72.6673
          ],
          [
            -168.4689,
            72.5189
          ],
          [
            -168.5209,
            72.4298
          ],
          [
            -168.5553,
            72.3704
          ],
          [
            -168.6236,
            72.2516
          ],
          [
            -168.6743,
            72.1624
          ],
          [
            -168.7246,
            72.0733
          ],
          [
            -168.7745,
            71.9842
          ],
          [
            -168.8567,
            71.8356
          ],
          [
            -168.8893,
            71.7761
          ],
          [
            -168.9217,
            71.7167
          ],
          [
            -168.9859,
            71.5978
          ],
          [
            -169.0337,
            71.5086
          ],
          [
            -169.0811,
            71.4194
          ],
          [
            -169.1437,
            71.3004
          ],
          [
            -169.2057,
            71.1814
          ],
          [
            -169.2517,
            71.0922
          ],
          [
            -169.2974,
            71.0029
          ],
          [
            -169.3578,
            70.8839
          ],
          [
            -169.4027,
            70.7947
          ],
          [
            -169.462,
            70.6756
          ],
          [
            -169.5061,
            70.5863
          ],
          [
            -169.5499,
            70.497
          ],
          [
            -169.6078,
            70.378
          ],
          [
            -169.6651,
            70.2589
          ],
          [
            -169.7077,
            70.1695
          ],
          [
            -169.75,
            70.0802
          ],
          [
            -169.8199,
            69.9313
          ],
          [
            -169.8614,
            69.8419
          ],
          [
            -169.9163,
            69.7228
          ],
          [
            -169.9707,
            69.6036
          ],
          [
            -169.9977,
            69.544
          ],
          [
            -170.0513,
            69.4249
          ],
          [
            -170.1177,
            69.2759
          ],
          [
            -170.1833,
            69.1268
          ],
          [
            -170.2353,
            69.0076
          ],
          [
            -170.2868,
            68.8884
          ],
          [
            -170.3124,
            68.8287
          ],
          [
            -170.3632,
            68.7095
          ],
          [
            -170.4136,
            68.5902
          ],
          [
            -170.4884,
            68.4113
          ],
          [
            -170.5377,
            68.292
          ],
          [
            -170.5866,
            68.1727
          ],
          [
            -170.623,
            68.0832
          ],
          [
            -170.6832,
            67.934
          ],
          [
            -170.7309,
            67.8147
          ],
          [
            -170.7782,
            67.6953
          ],
          [
            -170.8368,
            67.5461
          ],
          [
            -170.8948,
            67.3969
          ],
          [
            -170.9293,
            67.3073
          ],
          [
            -170.9864,
            67.1581
          ],
          [
            -171.0204,
            67.0685
          ],
          [
            -171.0654,
            66.9491
          ],
          [
            -171.11,
            66.8297
          ],
          [
            -171.1654,
            66.6804
          ],
          [
            -171.2202,
            66.531
          ],
          [
            -171.2528,
            66.4415
          ],
          [
            -171.2853,
            66.3518
          ],
          [
            -171.339,
            66.2025
          ],
          [
            -171.3816,
            66.083
          ],
          [
            -171.4449,
            65.9038
          ],
          [
            -171.4867,
            65.7843
          ],
          [
            -171.5386,
            65.6349
          ],
          [
            -171.59,
            65.4854
          ],
          [
            -171.6308,
            65.3659
          ],
          [
            -171.6814,
            65.2165
          ],
          [
            -171.7015,
            65.1567
          ],
          [
            -171.7515,
            65.0072
          ],
          [
            -171.8109,
            64.8279
          ],
          [
            -171.8502,
            64.7083
          ],
          [
            -171.8892,
            64.5887
          ],
          [
            -171.9376,
            64.4392
          ],
          [
            -171.9856,
            64.2897
          ],
          [
            -172.0616,
            64.0504
          ],
          [
            -172.1086,
            63.9009
          ],
          [
            -172.1645,
            63.7214
          ],
          [
            -172.2015,
            63.6017
          ],
          [
            -172.2474,
            63.4521
          ],
          [
            -172.302,
            63.2726
          ],
          [
            -172.3291,
            63.1829
          ],
          [
            -172.3919,
            62.9734
          ],
          [
            -172.4186,
            62.8836
          ],
          [
            -172.454,
            62.7639
          ],
          [
            -172.498,
            62.6143
          ],
          [
            -172.5503,
            62.4347
          ],
          [
            -172.5936,
            62.285
          ],
          [
            -172.628,
            62.1653
          ],
          [
            -172.6962,
            61.9258
          ],
          [
            -172.7636,
            61.6862
          ],
          [
            -172.7887,
            61.5964
          ],
          [
            -172.8551,
            61.3568
          ],
          [
            -172.8798,
            61.267
          ],
          [
            -172.9289,
            61.0873
          ],
          [
            -172.9776,
            60.9076
          ],
          [
            -173.0099,
            60.7877
          ],
          [
            -173.0898,
            60.4882
          ],
          [
            -173.153,
            60.2485
          ],
          [
            -173.2077,
            60.0388
          ],
          [
            -173.2543,
            59.859
          ],
          [
            -173.3311,
            59.5593
          ],
          [
            -173.3994,
            59.2895
          ],
          [
            -173.4445,
            59.1097
          ],
          [
            -173.4819,
            58.9598
          ],
          [
            -173.5412,
            58.72
          ],
          [
            -173.5633,
            58.63
          ],
          [
            -173.6364,
            58.3302
          ],
          [
            -173.6654,
            58.2102
          ],
          [
            -173.723,
            57.9703
          ],
          [
            -173.773,
            57.7604
          ],
          [
            -173.8014,
            57.6404
          ],
          [
            -173.8578,
            57.4005
          ],
          [
            -173.8928,
            57.2505
          ],
          [
            -173.9484,
            57.0105
          ],
          [
            -173.9898,
            56.8305
          ],
          [
            -174.0514,
            56.5605
          ],
          [
            -174.0786,
            56.4405
          ],
          [
            -174.1259,
            56.2304
          ],
          [
            -174.1595,
            56.0804
          ],
          [
            -174.2129,
            55.8403
          ],
          [
            -174.2658,
            55.6002
          ],
          [
            -174.3053,
            55.4201
          ],
          [
            -174.338,
            55.27
          ],
          [
            -174.39,
            55.0298
          ],
          [
            -174.4094,
            54.9398
          ],
          [
            -174.4608,
            54.6996
          ],
          [
            -174.5119,
            54.4594
          ],
          [
            -174.5436,
            54.3092
          ],
          [
            -174.6003,
            54.039
          ],
          [
            -174.6379,
            53.8588
          ],
          [
            -174.7186,
            53.4683
          ],
          [
            -174.7678,
            53.228
          ],
          [
            -174.7922,
            53.1079
          ],
          [
            -174.8349,
            52.8976
          ],
          [
            -174.8833,
            52.6572
          ],
          [
            -174.9672,
            52.2366
          ],
          [
            -175.0088,
            52.0262
          ],
          [
            -175.0501,
            51.8159
          ],
          [
            -175.1147,
            51.4853
          ],
          [
            -175.2003,
            51.0422
          ],
          [
            -175.2406,
            50.8318
          ],
          [
            -175.2864,
            50.5913
          ],
          [
            -175.3659,
            50.1703
          ],
          [
            -175.3997,
            49.9899
          ],
          [
            -175.4669,
            49.6291
          ],
          [
            -175.5169,
            49.3584
          ],
          [
            -175.5611,
            49.1178
          ],
          [
            -175.6105,
            48.847
          ],
          [
            -175.6922,
            48.3958
          ],
          [
            -175.7677,
            47.9746
          ],
          [
            -175.8425,
            47.5533
          ],
          [
            -175.9219,
            47.1019
          ],
          [
            -175.9901,
            46.7106
          ],
          [
            -176.0785,
            46.1989
          ],
          [
            -176.1506,
            45.7774
          ],
          [
            -176.2272,
            45.3257
          ],
          [
            -176.2779,
            45.0246
          ],
          [
            -176.3132,
            44.8138
          ],
          [
            -176.3484,
            44.6029
          ],
          [
            -176.4034,
            44.2716
          ],
          [
            -176.4432,
            44.0306
          ],
          [
            -176.4927,
            43.7294
          ],
          [
            -176.5272,
            43.5185
          ],
          [
            -176.6056,
            43.0364
          ],
          [
            -176.6494,
            42.7652
          ],
          [
            -176.7268,
            42.283
          ],
          [
            -176.8227,
            41.6801
          ],
          [
            -176.8703,
            41.3786
          ],
          [
            -176.9224,
            41.047
          ],
          [
            -177.0024,
            40.5344
          ],
          [
            -177.0771,
            40.0519
          ],
          [
            -177.1143,
            39.8106
          ],
          [
            -177.1652,
            39.4788
          ],
          [
            -177.2617,
            38.8453
          ],
          [
            -177.3483,
            38.272
          ],
          [
            -177.4117,
            37.8495
          ],
          [
            -177.5106,
            37.1855
          ],
          [
            -177.5909,
            36.6421
          ],
          [
            -177.6839,
            36.008
          ],
          [
            -177.7543,
            35.5249
          ],
          [
            -177.8112,
            35.1323
          ],
          [
            -177.8548,
            34.8302
          ],
          [
            -177.9545,
            34.1354
          ],
          [
            -178.0449,
            33.5009
          ],
          [
            -178.1219,
            32.9569
          ],
          [
            -178.2112,
            32.3222
          ],
          [
            -178.2915,
            31.7478
          ],
          [
            -178.3965,
            30.9918
          ],
          [
            -178.4758,
            30.4172
          ],
          [
            -178.5637,
            29.7766
          ]
        ]
      }
    },
    {
      "type": "Feature",
      "properties": {
        "instrument": "SHARAD_HIGHRES",
        "product_id": "R_1350501_001_SS19_700_A",
        "dat_file": "r_1350501_001_ss19_700_a.dat",
        "lbl_file": "r_1350501_001_ss19_700_a.lbl"
      },
      "geometry": {
        "type": "LineString",
        "coordinates": [
          [
            -167.5436,
            75.112
          ],
          [
            -167.6117,
            75.0232
          ],
          [
            -167.6791,
            74.9343
          ],
          [
            -167.7236,
            74.875
          ],
          [
            -167.7898,
            74.7862
          ],
          [
            -167.877,
            74.6676
          ],
          [
            -167.9202,
            74.6083
          ],
          [
            -167.9631,
            74.549
          ],
          [
            -168.0269,
            74.4601
          ],
          [
            -168.0691,
            74.4008
          ],
          [
            -168.111,
            74.3415
          ],
          [
            -168.1526,
            74.2822
          ],
          [
            -168.194,
            74.2228
          ],
          [
            -168.2759,
            74.1042
          ],
          [
            -168.3366,
            74.0151
          ],
          [
            -168.377,
            73.9555
          ],
          [
            -168.4566,
            73.8368
          ],
          [
            -168.496,
            73.7774
          ],
          [
            -168.5352,
            73.718
          ],
          [
            -168.5935,
            73.6289
          ],
          [
            -168.6704,
            73.5101
          ],
          [
            -168.7085,
            73.4507
          ],
          [
            -168.7652,
            73.3616
          ],
          [
            -168.8214,
            73.2725
          ],
          [
            -168.8955,
            73.1536
          ],
          [
            -168.9505,
            73.0645
          ],
          [
            -169.0231,
            72.9456
          ],
          [
            -169.0949,
            72.8267
          ],
          [
            -169.1834,
            72.678
          ],
          [
            -169.2359,
            72.5888
          ],
          [
            -169.3052,
            72.4698
          ],
          [
            -169.3567,
            72.3806
          ],
          [
            -169.4077,
            72.2913
          ],
          [
            -169.4751,
            72.1723
          ],
          [
            -169.5085,
            72.1128
          ],
          [
            -169.5912,
            71.9639
          ],
          [
            -169.6403,
            71.8746
          ],
          [
            -169.689,
            71.7853
          ],
          [
            -169.7533,
            71.6662
          ],
          [
            -169.7852,
            71.6067
          ],
          [
            -169.8642,
            71.4578
          ],
          [
            -169.9111,
            71.3684
          ],
          [
            -169.9576,
            71.2791
          ],
          [
            -170.0038,
            71.1897
          ],
          [
            -170.0648,
            71.0705
          ],
          [
            -170.1101,
            70.9811
          ],
          [
            -170.1551,
            70.8917
          ],
          [
            -170.1998,
            70.8023
          ],
          [
            -170.2735,
            70.6533
          ],
          [
            -170.3607,
            70.4744
          ],
          [
            -170.3895,
            70.4148
          ],
          [
            -170.4324,
            70.3253
          ],
          [
            -170.475,
            70.2358
          ],
          [
            -170.5173,
            70.1464
          ],
          [
            -170.5732,
            70.0271
          ],
          [
            -170.601,
            69.9674
          ],
          [
            -170.6424,
            69.8779
          ],
          [
            -170.6835,
            69.7884
          ],
          [
            -170.7378,
            69.6691
          ],
          [
            -170.8051,
            69.5199
          ],
          [
            -170.8583,
            69.4005
          ],
          [
            -170.8979,
            69.311
          ],
          [
            -170.9373,
            69.2214
          ],
          [
            -170.9893,
            69.102
          ],
          [
            -171.0409,
            68.9826
          ],
          [
            -171.0793,
            68.893
          ],
          [
            -171.1427,
            68.7437
          ],
          [
            -171.1804,
            68.6541
          ],
          [
            -171.2303,
            68.5347
          ],
          [
            -171.2798,
            68.4152
          ],
          [
            -171.3044,
            68.3555
          ],
          [
            -171.3654,
            68.2061
          ],
          [
            -171.4017,
            68.1165
          ],
          [
            -171.4736,
            67.9372
          ],
          [
            -171.5092,
            67.8476
          ],
          [
            -171.5798,
            67.6682
          ],
          [
            -171.6495,
            67.4889
          ],
          [
            -171.6955,
            67.3694
          ],
          [
            -171.7298,
            67.2797
          ],
          [
            -171.7977,
            67.1003
          ],
          [
            -171.8426,
            66.9807
          ],
          [
            -171.8871,
            66.8611
          ],
          [
            -171.9532,
            66.6817
          ],
          [
            -172.0294,
            66.4723
          ],
          [
            -172.0832,
            66.3228
          ],
          [
            -172.1365,
            66.1732
          ],
          [
            -172.1788,
            66.0535
          ],
          [
            -172.2103,
            65.9638
          ],
          [
            -172.2728,
            65.7843
          ],
          [
            -172.2935,
            65.7244
          ],
          [
            -172.3449,
            65.5748
          ],
          [
            -172.3857,
            65.4551
          ],
          [
            -172.4564,
            65.2456
          ],
          [
            -172.5163,
            65.066
          ],
          [
            -172.5658,
            64.9163
          ],
          [
            -172.6246,
            64.7367
          ],
          [
            -172.6731,
            64.587
          ],
          [
            -172.7595,
            64.3175
          ],
          [
            -172.7975,
            64.1977
          ],
          [
            -172.854,
            64.018
          ],
          [
            -172.9285,
            63.7784
          ],
          [
            -172.9654,
            63.6585
          ],
          [
            -173.0203,
            63.4788
          ],
          [
            -173.0747,
            63.299
          ],
          [
            -173.1017,
            63.2091
          ],
          [
            -173.1286,
            63.1192
          ],
          [
            -173.182,
            62.9395
          ],
          [
            -173.2437,
            62.7297
          ],
          [
            -173.2699,
            62.6398
          ],
          [
            -173.3307,
            62.43
          ],
          [
            -173.3823,
            62.2501
          ],
          [
            -173.4335,
            62.0703
          ],
          [
            -173.4758,
            61.9204
          ],
          [
            -173.5178,
            61.7705
          ],
          [
            -173.5678,
            61.5906
          ],
          [
            -173.6174,
            61.4106
          ],
          [
            -173.6666,
            61.2307
          ],
          [
            -173.6991,
            61.1108
          ],
          [
            -173.7477,
            60.9308
          ],
          [
            -173.8118,
            60.6909
          ],
          [
            -173.8831,
            60.4209
          ],
          [
            -173.9145,
            60.3009
          ],
          [
            -173.9691,
            60.0909
          ],
          [
            -174.0001,
            59.9709
          ],
          [
            -174.0463,
            59.7908
          ],
          [
            -174.0769,
            59.6708
          ],
          [
            -174.1225,
            59.4907
          ],
          [
            -174.1753,
            59.2807
          ],
          [
            -174.2127,
            59.1306
          ],
          [
            -174.2425,
            59.0106
          ],
          [
            -174.309,
            58.7404
          ],
          [
            -174.331,
            58.6504
          ],
          [
            -174.3893,
            58.4102
          ],
          [
            -174.4327,
            58.2301
          ],
          [
            -174.4686,
            58.0799
          ],
          [
            -174.4972,
            57.9598
          ],
          [
            -174.554,
            57.7196
          ],
          [
            -174.6033,
            57.5094
          ],
          [
            -174.6313,
            57.3893
          ],
          [
            -174.6869,
            57.149
          ],
          [
            -174.7352,
            56.9388
          ],
          [
            -174.7899,
            56.6985
          ],
          [
            -174.8442,
            56.4582
          ],
          [
            -174.8779,
            56.3079
          ],
          [
            -174.9181,
            56.1277
          ],
          [
            -174.9647,
            55.9174
          ],
          [
            -175.0307,
            55.6169
          ],
          [
            -175.07,
            55.4366
          ],
          [
            -175.1285,
            55.1661
          ],
          [
            -175.1672,
            54.9858
          ],
          [
            -175.2121,
            54.7754
          ],
          [
            -175.244,
            54.6251
          ],
          [
            -175.2884,
            54.4147
          ],
          [
            -175.3325,
            54.2042
          ],
          [
            -175.3763,
            53.9938
          ],
          [
            -175.4508,
            53.633
          ],
          [
            -175.5245,
            53.2722
          ],
          [
            -175.5732,
            53.0316
          ],
          [
            -175.6095,
            52.8512
          ],
          [
            -175.6576,
            52.6106
          ],
          [
            -175.6935,
            52.4301
          ],
          [
            -175.7292,
            52.2496
          ],
          [
            -175.7765,
            52.009
          ],
          [
            -175.8177,
            51.7984
          ],
          [
            -175.8586,
            51.5878
          ],
          [
            -175.8877,
            51.4374
          ],
          [
            -175.9398,
            51.1666
          ],
          [
            -176.0144,
            50.7754
          ],
          [
            -176.0656,
            50.5045
          ],
          [
            -176.1052,
            50.2939
          ],
          [
            -176.1726,
            49.9327
          ],
          [
            -176.2172,
            49.6919
          ],
          [
            -176.256,
            49.4812
          ],
          [
            -176.3276,
            49.0898
          ],
          [
            -176.3931,
            48.7285
          ],
          [
            -176.4148,
            48.608
          ],
          [
            -176.4957,
            48.1564
          ],
          [
            -176.5705,
            47.7347
          ],
          [
            -176.6446,
            47.3131
          ],
          [
            -176.6919,
            47.042
          ],
          [
            -176.7285,
            46.8311
          ],
          [
            -176.8064,
            46.3792
          ],
          [
            -176.8528,
            46.108
          ],
          [
            -176.8887,
            45.8971
          ],
          [
            -176.9601,
            45.4752
          ],
          [
            -177.0309,
            45.0533
          ],
          [
            -177.0661,
            44.8423
          ],
          [
            -177.151,
            44.3299
          ],
          [
            -177.2302,
            43.8475
          ],
          [
            -177.3185,
            43.3048
          ],
          [
            -177.3866,
            42.8826
          ],
          [
            -177.4542,
            42.4604
          ],
          [
            -177.5118,
            42.0984
          ],
          [
            -177.5643,
            41.7666
          ],
          [
            -177.6496,
            41.2236
          ],
          [
            -177.7295,
            40.7107
          ],
          [
            -177.8181,
            40.1373
          ],
          [
            -177.8921,
            39.6545
          ],
          [
            -177.9473,
            39.2923
          ],
          [
            -177.9885,
            39.0206
          ],
          [
            -178.0659,
            38.5074
          ],
          [
            -178.1157,
            38.1752
          ],
          [
            -178.2236,
            37.4505
          ],
          [
            -178.3172,
            36.8163
          ],
          [
            -178.3836,
            36.3632
          ],
          [
            -178.4891,
            35.6381
          ],
          [
            -178.5937,
            34.9129
          ],
          [
            -178.6716,
            34.3689
          ],
          [
            -178.7576,
            33.7644
          ],
          [
            -178.8388,
            33.19
          ],
          [
            -178.9068,
            32.7062
          ],
          [
            -178.9618,
            32.3131
          ],
          [
            -179.0124,
            31.9502
          ],
          [
            -179.067,
            31.557
          ],
          [
            -179.1381,
            31.0428
          ],
          [
            -179.2379,
            30.3167
          ],
          [
            -179.3119,
            29.7747
          ]
        ]
      }
    },
    {
      "type": "Feature",
      "properties": {
        "instrument": "SHARAD_HIGHRES",
        "product_id": "R_1329401_001_SS19_700_A",
        "dat_file": "r_1329401_001_ss19_700_a.dat",
        "lbl_file": "r_1329401_001_ss19_700_a.lbl"
      },
      "geometry": {
        "type": "LineString",
        "coordinates": [
          [
            -166.9514,
            75.0674
          ],
          [
            -167.0191,
            74.9787
          ],
          [
            -167.0638,
            74.9195
          ],
          [
            -167.1303,
            74.8308
          ],
          [
            -167.2179,
            74.7124
          ],
          [
            -167.2828,
            74.6236
          ],
          [
            -167.3471,
            74.5348
          ],
          [
            -167.3896,
            74.4756
          ],
          [
            -167.4738,
            74.3572
          ],
          [
            -167.5154,
            74.298
          ],
          [
            -167.5774,
            74.2091
          ],
          [
            -167.6184,
            74.1499
          ],
          [
            -167.6794,
            74.061
          ],
          [
            -167.7398,
            73.9721
          ],
          [
            -167.7999,
            73.8829
          ],
          [
            -167.8788,
            73.7643
          ],
          [
            -167.9179,
            73.705
          ],
          [
            -167.976,
            73.6161
          ],
          [
            -168.0528,
            73.4975
          ],
          [
            -168.0908,
            73.4382
          ],
          [
            -168.1474,
            73.3492
          ],
          [
            -168.2034,
            73.2602
          ],
          [
            -168.259,
            73.1712
          ],
          [
            -168.3141,
            73.0821
          ],
          [
            -168.3687,
            72.9931
          ],
          [
            -168.4228,
            72.9041
          ],
          [
            -168.4942,
            72.7853
          ],
          [
            -168.5472,
            72.6962
          ],
          [
            -168.5997,
            72.6072
          ],
          [
            -168.6518,
            72.5181
          ],
          [
            -168.7035,
            72.429
          ],
          [
            -168.7377,
            72.3696
          ],
          [
            -168.8055,
            72.2507
          ],
          [
            -168.8726,
            72.1319
          ],
          [
            -168.9224,
            72.0427
          ],
          [
            -168.9718,
            71.9536
          ],
          [
            -169.0208,
            71.8644
          ],
          [
            -169.0855,
            71.7455
          ],
          [
            -169.1336,
            71.6563
          ],
          [
            -169.1813,
            71.5671
          ],
          [
            -169.2286,
            71.4779
          ],
          [
            -169.2911,
            71.3589
          ],
          [
            -169.3376,
            71.2697
          ],
          [
            -169.3837,
            71.1804
          ],
          [
            -169.4446,
            71.0614
          ],
          [
            -169.4748,
            71.0019
          ],
          [
            -169.5348,
            70.8829
          ],
          [
            -169.5794,
            70.7936
          ],
          [
            -169.6383,
            70.6746
          ],
          [
            -169.6821,
            70.5853
          ],
          [
            -169.74,
            70.4662
          ],
          [
            -169.7974,
            70.3471
          ],
          [
            -169.8542,
            70.228
          ],
          [
            -169.9104,
            70.1089
          ],
          [
            -169.9523,
            70.0195
          ],
          [
            -170.0076,
            69.9004
          ],
          [
            -170.0624,
            69.7812
          ],
          [
            -170.1167,
            69.662
          ],
          [
            -170.157,
            69.5726
          ],
          [
            -170.2105,
            69.4534
          ],
          [
            -170.2634,
            69.3342
          ],
          [
            -170.3028,
            69.2448
          ],
          [
            -170.3549,
            69.1256
          ],
          [
            -170.4065,
            69.0063
          ],
          [
            -170.4577,
            68.8871
          ],
          [
            -170.4958,
            68.7976
          ],
          [
            -170.5587,
            68.6486
          ],
          [
            -170.5837,
            68.5889
          ],
          [
            -170.658,
            68.41
          ],
          [
            -170.707,
            68.2907
          ],
          [
            -170.7797,
            68.1117
          ],
          [
            -170.8515,
            67.9327
          ],
          [
            -170.8753,
            67.873
          ],
          [
            -170.9225,
            67.7536
          ],
          [
            -170.9693,
            67.6343
          ],
          [
            -171.0273,
            67.485
          ],
          [
            -171.0847,
            67.3358
          ],
          [
            -171.1302,
            67.2164
          ],
          [
            -171.1866,
            67.0671
          ],
          [
            -171.2202,
            66.9775
          ],
          [
            -171.2757,
            66.8282
          ],
          [
            -171.3307,
            66.6789
          ],
          [
            -171.3743,
            66.5595
          ],
          [
            -171.4068,
            66.4699
          ],
          [
            -171.4391,
            66.3803
          ],
          [
            -171.4926,
            66.2309
          ],
          [
            -171.5561,
            66.0517
          ],
          [
            -171.5876,
            65.9621
          ],
          [
            -171.6397,
            65.8127
          ],
          [
            -171.6604,
            65.7529
          ],
          [
            -171.7016,
            65.6334
          ],
          [
            -171.7527,
            65.484
          ],
          [
            -171.8335,
            65.2449
          ],
          [
            -171.8934,
            65.0655
          ],
          [
            -171.9428,
            64.916
          ],
          [
            -171.9918,
            64.7666
          ],
          [
            -172.0501,
            64.5872
          ],
          [
            -172.1173,
            64.3779
          ],
          [
            -172.1649,
            64.2283
          ],
          [
            -172.2402,
            63.9891
          ],
          [
            -172.3053,
            63.7797
          ],
          [
            -172.3788,
            63.5404
          ],
          [
            -172.4243,
            63.3908
          ],
          [
            -172.4784,
            63.2113
          ],
          [
            -172.5498,
            62.9719
          ],
          [
            -172.6203,
            62.7325
          ],
          [
            -172.6378,
            62.6726
          ],
          [
            -172.7073,
            62.4332
          ],
          [
            -172.7589,
            62.2536
          ],
          [
            -172.8185,
            62.044
          ],
          [
            -172.8691,
            61.8644
          ],
          [
            -172.911,
            61.7147
          ],
          [
            -172.9443,
            61.5949
          ],
          [
            -173.0021,
            61.3853
          ],
          [
            -173.0512,
            61.2056
          ],
          [
            -173.0999,
            61.0259
          ],
          [
            -173.1402,
            60.8761
          ],
          [
            -173.1802,
            60.7264
          ],
          [
            -173.2516,
            60.4568
          ],
          [
            -173.2987,
            60.277
          ],
          [
            -173.3377,
            60.1272
          ],
          [
            -173.3687,
            60.0073
          ],
          [
            -173.4226,
            59.7976
          ],
          [
            -173.4532,
            59.6777
          ],
          [
            -173.4988,
            59.4979
          ],
          [
            -173.5365,
            59.3481
          ],
          [
            -173.589,
            59.1383
          ],
          [
            -173.6558,
            58.8685
          ],
          [
            -173.6926,
            58.7186
          ],
          [
            -173.7583,
            58.4488
          ],
          [
            -173.7945,
            58.2989
          ],
          [
            -173.8305,
            58.1489
          ],
          [
            -173.9019,
            57.8491
          ],
          [
            -173.9584,
            57.6092
          ],
          [
            -174.0005,
            57.4292
          ],
          [
            -174.0631,
            57.1593
          ],
          [
            -174.1045,
            56.9793
          ],
          [
            -174.1661,
            56.7093
          ],
          [
            -174.2136,
            56.4993
          ],
          [
            -174.2675,
            56.2593
          ],
          [
            -174.3342,
            55.9592
          ],
          [
            -174.3673,
            55.8092
          ],
          [
            -174.4134,
            55.5991
          ],
          [
            -174.4852,
            55.2689
          ],
          [
            -174.5498,
            54.9688
          ],
          [
            -174.6074,
            54.6986
          ],
          [
            -174.6582,
            54.4584
          ],
          [
            -174.7149,
            54.1882
          ],
          [
            -174.7462,
            54.0381
          ],
          [
            -174.8331,
            53.6177
          ],
          [
            -174.8945,
            53.3174
          ],
          [
            -174.9311,
            53.1372
          ],
          [
            -174.9675,
            52.9569
          ],
          [
            -175.0037,
            52.7767
          ],
          [
            -175.0517,
            52.5364
          ],
          [
            -175.1172,
            52.2059
          ],
          [
            -175.1762,
            51.9055
          ],
          [
            -175.2114,
            51.7252
          ],
          [
            -175.2464,
            51.5449
          ],
          [
            -175.3044,
            51.2444
          ],
          [
            -175.3791,
            50.8537
          ],
          [
            -175.4304,
            50.5832
          ],
          [
            -175.4644,
            50.4028
          ],
          [
            -175.5095,
            50.1623
          ],
          [
            -175.5655,
            49.8617
          ],
          [
            -175.6211,
            49.561
          ],
          [
            -175.6708,
            49.2904
          ],
          [
            -175.7147,
            49.0498
          ],
          [
            -175.7964,
            48.5987
          ],
          [
            -175.845,
            48.328
          ],
          [
            -175.8826,
            48.1175
          ],
          [
            -175.952,
            47.7264
          ],
          [
            -176.0208,
            47.3353
          ],
          [
            -176.0681,
            47.0645
          ],
          [
            -176.1047,
            46.8538
          ],
          [
            -176.1619,
            46.5228
          ],
          [
            -176.1981,
            46.3121
          ],
          [
            -176.2393,
            46.0714
          ],
          [
            -176.2854,
            45.8005
          ],
          [
            -176.3617,
            45.3489
          ],
          [
            -176.4122,
            45.0479
          ],
          [
            -176.4574,
            44.7769
          ],
          [
            -176.5223,
            44.3855
          ],
          [
            -176.562,
            44.1446
          ],
          [
            -176.6114,
            43.8434
          ],
          [
            -176.6899,
            43.3615
          ],
          [
            -176.7629,
            42.9096
          ],
          [
            -176.8209,
            42.5481
          ],
          [
            -176.8929,
            42.0962
          ],
          [
            -176.9311,
            41.8551
          ],
          [
            -176.9739,
            41.5839
          ],
          [
            -177.0165,
            41.3126
          ],
          [
            -177.0965,
            40.8002
          ],
          [
            -177.1526,
            40.4385
          ],
          [
            -177.2084,
            40.0767
          ],
          [
            -177.2685,
            39.6848
          ],
          [
            -177.3466,
            39.1721
          ],
          [
            -177.4287,
            38.6293
          ],
          [
            -177.5102,
            38.0863
          ],
          [
            -177.5642,
            37.7243
          ],
          [
            -177.609,
            37.4226
          ],
          [
            -177.6759,
            36.97
          ],
          [
            -177.7645,
            36.3664
          ],
          [
            -177.8656,
            35.6722
          ],
          [
            -177.9572,
            35.0382
          ],
          [
            -178.0395,
            34.4645
          ],
          [
            -178.1213,
            33.8907
          ],
          [
            -178.2239,
            33.1657
          ],
          [
            -178.2834,
            32.7428
          ],
          [
            -178.3215,
            32.4708
          ],
          [
            -178.3932,
            31.9572
          ],
          [
            -178.452,
            31.5341
          ],
          [
            -178.5189,
            31.0505
          ],
          [
            -178.5689,
            30.6877
          ],
          [
            -178.627,
            30.2644
          ],
          [
            -178.6926,
            29.784
          ]
        ]
      }
    },
    {
      "type": "Feature",
      "properties": {
        "instrument": "SHARAD_HIGHRES",
        "product_id": "R_0674101_001_SS19_700_A",
        "dat_file": "r_0674101_001_ss19_700_a.dat",
        "lbl_file": "r_0674101_001_ss19_700_a.lbl"
      },
      "geometry": {
        "type": "LineString",
        "coordinates": [
          [
            179.9134,
            38.5017
          ],
          [
            179.8316,
            37.9592
          ],
          [
            179.7549,
            37.4468
          ],
          [
            179.6876,
            36.9945
          ],
          [
            179.6296,
            36.6026
          ],
          [
            179.5365,
            35.9693
          ],
          [
            179.4441,
            35.3359
          ],
          [
            179.3611,
            34.7628
          ],
          [
            179.2613,
            34.0688
          ],
          [
            179.1494,
            33.2842
          ],
          [
            179.0682,
            32.7107
          ],
          [
            179.0002,
            32.2277
          ],
          [
            178.9072,
            31.5634
          ],
          [
            178.8148,
            30.899
          ],
          [
            178.7563,
            30.4762
          ],
          [
            -169.5462,
            75.0011
          ],
          [
            -169.5915,
            74.942
          ],
          [
            -169.6811,
            74.8238
          ],
          [
            -169.7255,
            74.7647
          ],
          [
            -169.7914,
            74.676
          ],
          [
            -169.8351,
            74.6168
          ],
          [
            -169.8784,
            74.5577
          ],
          [
            -169.9214,
            74.4985
          ],
          [
            -169.9642,
            74.4394
          ],
          [
            -170.0278,
            74.3506
          ],
          [
            -170.0908,
            74.2619
          ],
          [
            -170.1324,
            74.2027
          ],
          [
            -170.1738,
            74.1435
          ],
          [
            -170.2149,
            74.0843
          ],
          [
            -170.2761,
            73.9955
          ],
          [
            -170.3369,
            73.9064
          ],
          [
            -170.3969,
            73.8175
          ],
          [
            -170.4366,
            73.7583
          ],
          [
            -170.476,
            73.6991
          ],
          [
            -170.5542,
            73.5806
          ],
          [
            -170.6122,
            73.4917
          ],
          [
            -170.6314,
            73.462
          ],
          [
            -170.6887,
            73.3731
          ],
          [
            -170.7266,
            73.3139
          ],
          [
            -170.8017,
            73.1953
          ],
          [
            -170.8389,
            73.136
          ],
          [
            -170.8943,
            73.0471
          ],
          [
            -170.9493,
            72.9581
          ],
          [
            -171.0218,
            72.8395
          ],
          [
            -171.0756,
            72.7505
          ],
          [
            -171.1112,
            72.6912
          ],
          [
            -171.1466,
            72.6318
          ],
          [
            -171.1818,
            72.5725
          ],
          [
            -171.2516,
            72.4538
          ],
          [
            -171.3035,
            72.3647
          ],
          [
            -171.3378,
            72.3054
          ],
          [
            -171.3889,
            72.2163
          ],
          [
            -171.4396,
            72.1273
          ],
          [
            -171.4732,
            72.0679
          ],
          [
            -171.5232,
            71.9788
          ],
          [
            -171.5563,
            71.9194
          ],
          [
            -171.6056,
            71.8303
          ],
          [
            -171.6545,
            71.7412
          ],
          [
            -171.6869,
            71.6818
          ],
          [
            -171.7352,
            71.5927
          ],
          [
            -171.7831,
            71.5035
          ],
          [
            -171.8306,
            71.4144
          ],
          [
            -171.8777,
            71.3252
          ],
          [
            -171.9245,
            71.2361
          ],
          [
            -171.9709,
            71.1469
          ],
          [
            -172.0016,
            71.0875
          ],
          [
            -172.0474,
            70.9983
          ],
          [
            -172.0929,
            70.9091
          ],
          [
            -172.1679,
            70.7604
          ],
          [
            -172.2272,
            70.6414
          ],
          [
            -172.2859,
            70.5225
          ],
          [
            -172.3151,
            70.463
          ],
          [
            -172.373,
            70.344
          ],
          [
            -172.4303,
            70.225
          ],
          [
            -172.4587,
            70.1655
          ],
          [
            -172.5293,
            70.0167
          ],
          [
            -172.5433,
            69.9869
          ],
          [
            -172.599,
            69.8679
          ],
          [
            -172.6404,
            69.7786
          ],
          [
            -172.6952,
            69.6595
          ],
          [
            -172.7224,
            69.5999
          ],
          [
            -172.7764,
            69.4809
          ],
          [
            -172.8166,
            69.3915
          ],
          [
            -172.8565,
            69.3022
          ],
          [
            -172.8962,
            69.2128
          ],
          [
            -172.9747,
            69.0341
          ],
          [
            -173.0393,
            68.8852
          ],
          [
            -173.0905,
            68.766
          ],
          [
            -173.1286,
            68.6766
          ],
          [
            -173.179,
            68.5575
          ],
          [
            -173.2165,
            68.4681
          ],
          [
            -173.2538,
            68.3786
          ],
          [
            -173.3154,
            68.2296
          ],
          [
            -173.3642,
            68.1104
          ],
          [
            -173.4006,
            68.021
          ],
          [
            -173.4487,
            67.9017
          ],
          [
            -173.4964,
            67.7825
          ],
          [
            -173.5555,
            67.6334
          ],
          [
            -173.579,
            67.5737
          ],
          [
            -173.614,
            67.4843
          ],
          [
            -173.6604,
            67.365
          ],
          [
            -173.7064,
            67.2457
          ],
          [
            -173.7407,
            67.1562
          ],
          [
            -173.7861,
            67.0369
          ],
          [
            -173.8199,
            66.9474
          ],
          [
            -173.8758,
            66.7982
          ],
          [
            -173.9091,
            66.7087
          ],
          [
            -173.9751,
            66.5296
          ],
          [
            -174.0078,
            66.4401
          ],
          [
            -174.0619,
            66.2909
          ],
          [
            -174.0942,
            66.2013
          ],
          [
            -174.1369,
            66.0819
          ],
          [
            -174.1793,
            65.9625
          ],
          [
            -174.2109,
            65.873
          ],
          [
            -174.2423,
            65.7834
          ],
          [
            -174.2943,
            65.6341
          ],
          [
            -174.3253,
            65.5445
          ],
          [
            -174.3561,
            65.4549
          ],
          [
            -174.4071,
            65.3056
          ],
          [
            -174.4777,
            65.0966
          ],
          [
            -174.5177,
            64.9771
          ],
          [
            -174.5772,
            64.7979
          ],
          [
            -174.6165,
            64.6784
          ],
          [
            -174.6458,
            64.5887
          ],
          [
            -174.704,
            64.4095
          ],
          [
            -174.7616,
            64.2302
          ],
          [
            -174.8092,
            64.0808
          ],
          [
            -174.8564,
            63.9313
          ],
          [
            -174.8845,
            63.8417
          ],
          [
            -174.9589,
            63.6026
          ],
          [
            -175.0232,
            63.3933
          ],
          [
            -175.0778,
            63.2139
          ],
          [
            -175.1229,
            63.0644
          ],
          [
            -175.1587,
            62.9448
          ],
          [
            -175.2032,
            62.7953
          ],
          [
            -175.2737,
            62.5561
          ],
          [
            -175.3086,
            62.4365
          ],
          [
            -175.352,
            62.2869
          ],
          [
            -175.4293,
            62.0177
          ],
          [
            -175.4718,
            61.8681
          ],
          [
            -175.5056,
            61.7484
          ],
          [
            -175.5643,
            61.539
          ],
          [
            -175.6389,
            61.2697
          ],
          [
            -175.6963,
            61.0602
          ],
          [
            -175.737,
            60.9106
          ],
          [
            -175.8015,
            60.6712
          ],
          [
            -175.8335,
            60.5514
          ],
          [
            -175.8812,
            60.3718
          ],
          [
            -175.9442,
            60.1323
          ],
          [
            -175.9988,
            59.9228
          ],
          [
            -176.0298,
            59.803
          ],
          [
            -176.076,
            59.6233
          ],
          [
            -176.1066,
            59.5036
          ],
          [
            -176.1598,
            59.2939
          ],
          [
            -176.19,
            59.1741
          ],
          [
            -176.2425,
            58.9645
          ],
          [
            -176.2723,
            58.8447
          ],
          [
            -176.3241,
            58.635
          ],
          [
            -176.3901,
            58.3654
          ],
          [
            -176.4192,
            58.2456
          ],
          [
            -176.477,
            58.0059
          ],
          [
            -176.5343,
            57.7662
          ],
          [
            -176.5911,
            57.5264
          ],
          [
            -176.6193,
            57.4066
          ],
          [
            -176.6544,
            57.2567
          ],
          [
            -176.7032,
            57.0469
          ],
          [
            -176.7654,
            56.7772
          ],
          [
            -176.7997,
            56.6273
          ],
          [
            -176.8542,
            56.3875
          ],
          [
            -176.915,
            56.1176
          ],
          [
            -176.9819,
            55.8178
          ],
          [
            -177.0151,
            55.6679
          ],
          [
            -177.0613,
            55.458
          ],
          [
            -177.1072,
            55.248
          ],
          [
            -177.1722,
            54.9481
          ],
          [
            -177.2302,
            54.6782
          ],
          [
            -177.3004,
            54.3482
          ],
          [
            -177.3699,
            54.0182
          ],
          [
            -177.4387,
            53.6881
          ],
          [
            -177.4945,
            53.4181
          ],
          [
            -177.5621,
            53.088
          ],
          [
            -177.5987,
            52.9079
          ],
          [
            -177.6472,
            52.6678
          ],
          [
            -177.7313,
            52.2475
          ],
          [
            -177.7908,
            51.9473
          ],
          [
            -177.8498,
            51.6471
          ],
          [
            -177.8791,
            51.497
          ],
          [
            -177.92,
            51.2868
          ],
          [
            -177.9664,
            51.0466
          ],
          [
            -178.0183,
            50.7763
          ],
          [
            -178.0527,
            50.5961
          ],
          [
            -178.104,
            50.3258
          ],
          [
            -178.1775,
            49.9353
          ],
          [
            -178.2503,
            49.5448
          ],
          [
            -178.3169,
            49.1842
          ],
          [
            -178.3884,
            48.7936
          ],
          [
            -178.4593,
            48.4029
          ],
          [
            -178.508,
            48.1325
          ],
          [
            -178.5457,
            47.9221
          ],
          [
            -178.6099,
            47.5614
          ],
          [
            -178.6736,
            47.2006
          ],
          [
            -178.7578,
            46.7196
          ],
          [
            -178.8152,
            46.3888
          ],
          [
            -178.8877,
            45.9678
          ],
          [
            -178.9596,
            45.5468
          ],
          [
            -179.0106,
            45.246
          ],
          [
            -179.0613,
            44.9452
          ],
          [
            -179.1067,
            44.6744
          ],
          [
            -179.1968,
            44.1328
          ],
          [
            -179.2564,
            43.7718
          ],
          [
            -179.3156,
            43.4106
          ],
          [
            -179.4037,
            42.8689
          ],
          [
            -179.4717,
            42.4474
          ],
          [
            -179.5488,
            41.9658
          ],
          [
            -179.6301,
            41.4539
          ],
          [
            -179.706,
            40.9721
          ],
          [
            -179.8001,
            40.3697
          ],
          [
            -179.8608,
            39.9781
          ],
          [
            -179.9258,
            39.5563
          ]
        ]
      }
    },
    {
      "type": "Feature",
      "properties": {
        "instrument": "SHARAD_HIGHRES",
        "product_id": "R_1371601_001_SS19_700_A",
        "dat_file": "r_1371601_001_ss19_700_a.dat",
        "lbl_file": "r_1371601_001_ss19_700_a.lbl"
      },
      "geometry": {
        "type": "LineString",
        "coordinates": [
          [
            -168.1759,
            75.0489
          ],
          [
            -168.221,
            74.9898
          ],
          [
            -168.2657,
            74.9306
          ],
          [
            -168.3102,
            74.8713
          ],
          [
            -168.3763,
            74.7825
          ],
          [
            -168.4417,
            74.6937
          ],
          [
            -168.5065,
            74.6048
          ],
          [
            -168.5706,
            74.516
          ],
          [
            -168.6341,
            74.4271
          ],
          [
            -168.6969,
            74.3382
          ],
          [
            -168.7592,
            74.2493
          ],
          [
            -168.8208,
            74.1603
          ],
          [
            -168.8819,
            74.0714
          ],
          [
            -168.9624,
            73.9528
          ],
          [
            -169.0024,
            73.8932
          ],
          [
            -169.0617,
            73.8042
          ],
          [
            -169.101,
            73.7449
          ],
          [
            -169.1787,
            73.6262
          ],
          [
            -169.2364,
            73.5372
          ],
          [
            -169.3125,
            73.4184
          ],
          [
            -169.3502,
            73.3591
          ],
          [
            -169.4063,
            73.27
          ],
          [
            -169.4619,
            73.1809
          ],
          [
            -169.517,
            73.0919
          ],
          [
            -169.5716,
            73.0028
          ],
          [
            -169.6437,
            72.884
          ],
          [
            -169.6972,
            72.7948
          ],
          [
            -169.7502,
            72.7057
          ],
          [
            -169.8028,
            72.6166
          ],
          [
            -169.8376,
            72.5571
          ],
          [
            -169.8894,
            72.468
          ],
          [
            -169.9408,
            72.3788
          ],
          [
            -170.0087,
            72.2599
          ],
          [
            -170.0591,
            72.1707
          ],
          [
            -170.109,
            72.0815
          ],
          [
            -170.1586,
            71.9923
          ],
          [
            -170.1914,
            71.9328
          ],
          [
            -170.2727,
            71.7841
          ],
          [
            -170.3049,
            71.7246
          ],
          [
            -170.3369,
            71.6651
          ],
          [
            -170.4162,
            71.5163
          ],
          [
            -170.4633,
            71.427
          ],
          [
            -170.5255,
            71.308
          ],
          [
            -170.5871,
            71.1889
          ],
          [
            -170.6176,
            71.1294
          ],
          [
            -170.6782,
            71.0103
          ],
          [
            -170.7233,
            70.9209
          ],
          [
            -170.768,
            70.8316
          ],
          [
            -170.8124,
            70.7423
          ],
          [
            -170.8418,
            70.6827
          ],
          [
            -170.8856,
            70.5934
          ],
          [
            -170.9291,
            70.504
          ],
          [
            -170.9723,
            70.4146
          ],
          [
            -171.0436,
            70.2657
          ],
          [
            -171.114,
            70.1167
          ],
          [
            -171.1836,
            69.9677
          ],
          [
            -171.266,
            69.7888
          ],
          [
            -171.3203,
            69.6696
          ],
          [
            -171.4008,
            69.4907
          ],
          [
            -171.4802,
            69.3118
          ],
          [
            -171.5195,
            69.2223
          ],
          [
            -171.5585,
            69.1328
          ],
          [
            -171.5973,
            69.0434
          ],
          [
            -171.6358,
            68.9539
          ],
          [
            -171.6994,
            68.8047
          ],
          [
            -171.7498,
            68.6854
          ],
          [
            -171.7998,
            68.566
          ],
          [
            -171.8493,
            68.4467
          ],
          [
            -171.8862,
            68.3571
          ],
          [
            -171.935,
            68.2378
          ],
          [
            -171.9954,
            68.0885
          ],
          [
            -172.0433,
            67.9691
          ],
          [
            -172.0908,
            67.8497
          ],
          [
            -172.1379,
            67.7303
          ],
          [
            -172.1613,
            67.6706
          ],
          [
            -172.2194,
            67.5213
          ],
          [
            -172.2769,
            67.3719
          ],
          [
            -172.3225,
            67.2525
          ],
          [
            -172.3565,
            67.1629
          ],
          [
            -172.4238,
            66.9837
          ],
          [
            -172.4683,
            66.8642
          ],
          [
            -172.5234,
            66.7148
          ],
          [
            -172.5562,
            66.6252
          ],
          [
            -172.6104,
            66.4758
          ],
          [
            -172.6535,
            66.3562
          ],
          [
            -172.6962,
            66.2367
          ],
          [
            -172.7597,
            66.0574
          ],
          [
            -172.7912,
            65.9677
          ],
          [
            -172.8433,
            65.8182
          ],
          [
            -172.8743,
            65.7286
          ],
          [
            -172.9052,
            65.6389
          ],
          [
            -172.9461,
            65.5193
          ],
          [
            -172.9867,
            65.3997
          ],
          [
            -173.0471,
            65.2203
          ],
          [
            -173.087,
            65.1007
          ],
          [
            -173.1365,
            64.9511
          ],
          [
            -173.2051,
            64.7418
          ],
          [
            -173.2536,
            64.5922
          ],
          [
            -173.3017,
            64.4426
          ],
          [
            -173.3399,
            64.323
          ],
          [
            -173.3873,
            64.1734
          ],
          [
            -173.453,
            63.964
          ],
          [
            -173.4902,
            63.8443
          ],
          [
            -173.5272,
            63.7246
          ],
          [
            -173.5731,
            63.5749
          ],
          [
            -173.6277,
            63.3954
          ],
          [
            -173.6548,
            63.3056
          ],
          [
            -173.6818,
            63.2158
          ],
          [
            -173.7443,
            63.0062
          ],
          [
            -173.7797,
            62.8865
          ],
          [
            -173.8324,
            62.7069
          ],
          [
            -173.876,
            62.5572
          ],
          [
            -173.902,
            62.4673
          ],
          [
            -173.9793,
            62.1979
          ],
          [
            -174.0218,
            62.0481
          ],
          [
            -174.0808,
            61.8385
          ],
          [
            -174.1226,
            61.6887
          ],
          [
            -174.1641,
            61.539
          ],
          [
            -174.2381,
            61.2694
          ],
          [
            -174.2788,
            61.1196
          ],
          [
            -174.3273,
            60.9398
          ],
          [
            -174.3594,
            60.82
          ],
          [
            -174.3993,
            60.6702
          ],
          [
            -174.4468,
            60.4904
          ],
          [
            -174.494,
            60.3106
          ],
          [
            -174.5408,
            60.1308
          ],
          [
            -174.5718,
            60.0109
          ],
          [
            -174.618,
            59.831
          ],
          [
            -174.6486,
            59.7111
          ],
          [
            -174.7245,
            59.4114
          ],
          [
            -174.7845,
            59.1716
          ],
          [
            -174.8217,
            59.0217
          ],
          [
            -174.8735,
            58.8118
          ],
          [
            -174.9175,
            58.6319
          ],
          [
            -174.9612,
            58.4519
          ],
          [
            -174.9974,
            58.302
          ],
          [
            -175.0262,
            58.1821
          ],
          [
            -175.0834,
            57.9421
          ],
          [
            -175.1189,
            57.7922
          ],
          [
            -175.1542,
            57.6422
          ],
          [
            -175.2242,
            57.3422
          ],
          [
            -175.252,
            57.2222
          ],
          [
            -175.3141,
            56.9522
          ],
          [
            -175.362,
            56.7422
          ],
          [
            -175.3892,
            56.6222
          ],
          [
            -175.45,
            56.3521
          ],
          [
            -175.4969,
            56.1421
          ],
          [
            -175.5567,
            55.872
          ],
          [
            -175.5963,
            55.6919
          ],
          [
            -175.6487,
            55.4518
          ],
          [
            -175.7201,
            55.1216
          ],
          [
            -175.7523,
            54.9715
          ],
          [
            -175.8035,
            54.7313
          ],
          [
            -175.848,
            54.5211
          ],
          [
            -175.8922,
            54.311
          ],
          [
            -175.9673,
            53.9506
          ],
          [
            -176.0416,
            53.5903
          ],
          [
            -176.0846,
            53.38
          ],
          [
            -176.1334,
            53.1398
          ],
          [
            -176.1879,
            52.8694
          ],
          [
            -176.23,
            52.6592
          ],
          [
            -176.3016,
            52.2987
          ],
          [
            -176.3725,
            51.9381
          ],
          [
            -176.4427,
            51.5776
          ],
          [
            -176.518,
            51.1869
          ],
          [
            -176.5697,
            50.9164
          ],
          [
            -176.621,
            50.646
          ],
          [
            -176.6494,
            50.4957
          ],
          [
            -176.7002,
            50.2251
          ],
          [
            -176.7339,
            50.0448
          ],
          [
            -176.773,
            49.8344
          ],
          [
            -176.8451,
            49.4435
          ],
          [
            -176.9056,
            49.1128
          ],
          [
            -176.9384,
            48.9324
          ],
          [
            -177.009,
            48.5415
          ],
          [
            -177.079,
            48.1505
          ],
          [
            -177.1271,
            47.8798
          ],
          [
            -177.1643,
            47.6693
          ],
          [
            -177.1908,
            47.5189
          ],
          [
            -177.254,
            47.1579
          ],
          [
            -177.3011,
            46.8871
          ],
          [
            -177.3531,
            46.5863
          ],
          [
            -177.4048,
            46.2854
          ],
          [
            -177.4562,
            45.9845
          ],
          [
            -177.492,
            45.7738
          ],
          [
            -177.5682,
            45.3224
          ],
          [
            -177.6287,
            44.9612
          ],
          [
            -177.6638,
            44.7505
          ],
          [
            -177.7286,
            44.3592
          ],
          [
            -177.8127,
            43.8473
          ],
          [
            -177.8618,
            43.5463
          ],
          [
            -177.9009,
            43.3054
          ],
          [
            -177.9641,
            42.9139
          ],
          [
            -178.0076,
            42.6428
          ],
          [
            -178.0701,
            42.2513
          ],
          [
            -178.1417,
            41.7995
          ],
          [
            -178.1797,
            41.5585
          ],
          [
            -178.2317,
            41.2271
          ],
          [
            -178.3162,
            40.6847
          ],
          [
            -178.3954,
            40.1725
          ],
          [
            -178.4832,
            39.5999
          ],
          [
            -178.5337,
            39.2683
          ],
          [
            -178.5794,
            38.9669
          ],
          [
            -178.6567,
            38.4544
          ],
          [
            -178.7469,
            37.8514
          ],
          [
            -178.832,
            37.2784
          ],
          [
            -178.9253,
            36.645
          ],
          [
            -179.0135,
            36.0418
          ],
          [
            -179.0836,
            35.5591
          ],
          [
            -179.1533,
            35.0763
          ],
          [
            -179.2399,
            34.4728
          ],
          [
            -179.3345,
            33.8088
          ],
          [
            -179.4199,
            33.2051
          ],
          [
            -179.5048,
            32.6012
          ],
          [
            -179.6018,
            31.9067
          ],
          [
            -179.6856,
            31.3027
          ],
          [
            -179.7808,
            30.6122
          ]
        ]
      }
    },
    {
      "type": "Feature",
      "properties": {
        "instrument": "SHARAD_HIGHRES",
        "product_id": "R_0405101_001_SS19_700_A",
        "dat_file": "r_0405101_001_ss19_700_a.dat",
        "lbl_file": "r_0405101_001_ss19_700_a.lbl"
      },
      "geometry": {
        "type": "LineString",
        "coordinates": [
          [
            179.9414,
            22.0274
          ],
          [
            179.8748,
            21.5123
          ],
          [
            179.7889,
            20.8457
          ],
          [
            179.6839,
            20.0274
          ],
          [
            179.6064,
            19.4211
          ],
          [
            179.4944,
            18.5418
          ],
          [
            179.4059,
            17.8443
          ],
          [
            179.3215,
            17.1769
          ],
          [
            179.2488,
            16.6005
          ],
          [
            179.1534,
            15.8418
          ],
          [
            179.0583,
            15.0831
          ],
          [
            178.9634,
            14.3242
          ],
          [
            178.8612,
            13.5043
          ],
          [
            178.7819,
            12.8665
          ],
          [
            178.6651,
            11.9247
          ],
          [
            178.5486,
            10.9827
          ],
          [
            178.3912,
            9.706
          ],
          [
            178.2081,
            8.2159
          ],
          [
            178.059,
            6.999
          ],
          [
            177.8247,
            5.0814
          ],
          [
            177.6762,
            3.8634
          ],
          [
            177.4537,
            2.0355
          ],
          [
            176.9126,
            -2.4167
          ],
          [
            176.5895,
            -5.0725
          ],
          [
            176.4108,
            -6.5387
          ],
          [
            176.2989,
            -7.4554
          ],
          [
            176.1494,
            -8.678
          ],
          [
            -176.137,
            48.4689
          ],
          [
            -176.1912,
            48.1682
          ],
          [
            -176.2504,
            47.8373
          ],
          [
            -176.3039,
            47.5361
          ],
          [
            -176.3623,
            47.2052
          ],
          [
            -176.4045,
            46.9645
          ],
          [
            -176.4622,
            46.6335
          ],
          [
            -176.5299,
            46.2423
          ],
          [
            -176.6022,
            45.8209
          ],
          [
            -176.6637,
            45.4597
          ],
          [
            -176.7197,
            45.1286
          ],
          [
            -176.7703,
            44.8275
          ],
          [
            -176.8156,
            44.5565
          ],
          [
            -176.8906,
            44.1049
          ],
          [
            -176.965,
            43.6532
          ],
          [
            -176.9995,
            43.4423
          ],
          [
            -177.0486,
            43.1412
          ],
          [
            -177.1169,
            42.7195
          ],
          [
            -177.1557,
            42.4785
          ],
          [
            -177.2088,
            42.1471
          ],
          [
            -177.2808,
            41.6951
          ],
          [
            -177.357,
            41.213
          ],
          [
            -177.4232,
            40.7911
          ],
          [
            -177.4796,
            40.4294
          ],
          [
            -177.5497,
            39.9772
          ],
          [
            -177.6147,
            39.5552
          ],
          [
            -177.6747,
            39.1632
          ],
          [
            -177.7298,
            38.8014
          ],
          [
            -177.7755,
            38.4998
          ],
          [
            -177.8301,
            38.1379
          ],
          [
            -177.9025,
            37.6553
          ],
          [
            -177.952,
            37.3235
          ],
          [
            -178.0013,
            36.9916
          ],
          [
            -178.0682,
            36.5391
          ],
          [
            -178.1524,
            35.9657
          ],
          [
            -178.2228,
            35.4829
          ],
          [
            -178.2623,
            35.2112
          ],
          [
            -178.3191,
            34.8188
          ],
          [
            -178.3843,
            34.366
          ],
          [
            -178.4535,
            33.8829
          ],
          [
            -178.5352,
            33.3092
          ],
          [
            -178.578,
            33.0072
          ],
          [
            -178.6292,
            32.6447
          ],
          [
            -178.7014,
            32.1312
          ],
          [
            -178.7648,
            31.678
          ],
          [
            -178.8195,
            31.2853
          ],
          [
            -178.8908,
            30.7716
          ],
          [
            -178.9409,
            30.4089
          ],
          [
            -179.0116,
            29.8951
          ],
          [
            -179.0861,
            29.3509
          ],
          [
            -179.1685,
            28.7462
          ],
          [
            -179.23,
            28.2927
          ],
          [
            -179.3402,
            27.4761
          ],
          [
            -179.393,
            27.0828
          ],
          [
            -179.482,
            26.4173
          ],
          [
            -179.5384,
            25.9936
          ],
          [
            -179.6187,
            25.3884
          ],
          [
            -179.6827,
            24.9041
          ],
          [
            -179.7624,
            24.2987
          ],
          [
            -179.8695,
            23.4812
          ],
          [
            -179.9406,
            22.9361
          ]
        ]
      }
    },
    {
      "type": "Feature",
      "properties": {
        "instrument": "SHARAD_HIGHRES",
        "product_id": "R_0771601_001_SS19_700_A",
        "dat_file": "r_0771601_001_ss19_700_a.dat",
        "lbl_file": "r_0771601_001_ss19_700_a.lbl"
      },
      "geometry": {
        "type": "LineString",
        "coordinates": [
          [
            -158.4931,
            59.629
          ],
          [
            -158.524,
            59.5092
          ],
          [
            -158.5778,
            59.2994
          ],
          [
            -158.6311,
            59.0897
          ],
          [
            -158.6689,
            58.9398
          ],
          [
            -158.7289,
            58.7
          ],
          [
            -158.7587,
            58.5801
          ],
          [
            -158.8106,
            58.37
          ],
          [
            -158.84,
            58.2501
          ],
          [
            -158.9202,
            57.9203
          ],
          [
            -158.9419,
            57.8304
          ],
          [
            -158.9994,
            57.5905
          ],
          [
            -159.0847,
            57.2307
          ],
          [
            -159.1199,
            57.0807
          ],
          [
            -159.1828,
            56.8108
          ],
          [
            -159.2175,
            56.6608
          ],
          [
            -159.2726,
            56.4208
          ],
          [
            -159.3,
            56.3008
          ],
          [
            -159.3612,
            56.0308
          ],
          [
            -159.4017,
            55.8508
          ],
          [
            -159.462,
            55.5808
          ],
          [
            -159.5085,
            55.3707
          ],
          [
            -159.5481,
            55.1907
          ],
          [
            -159.5875,
            55.0106
          ],
          [
            -159.6461,
            54.7405
          ],
          [
            -159.6785,
            54.5904
          ],
          [
            -159.7236,
            54.3803
          ],
          [
            -159.7811,
            54.1101
          ],
          [
            -159.8255,
            53.8999
          ],
          [
            -159.8696,
            53.6898
          ],
          [
            -159.9197,
            53.4495
          ],
          [
            -159.957,
            53.2694
          ],
          [
            -160.0065,
            53.0291
          ],
          [
            -160.0495,
            52.8189
          ],
          [
            -160.1226,
            52.4585
          ],
          [
            -160.183,
            52.1581
          ],
          [
            -160.213,
            52.0079
          ],
          [
            -160.2845,
            51.6474
          ],
          [
            -160.3729,
            51.1967
          ],
          [
            -160.4487,
            50.806
          ],
          [
            -160.4834,
            50.6257
          ],
          [
            -160.5352,
            50.3552
          ],
          [
            -160.6037,
            49.9945
          ],
          [
            -160.6885,
            49.5436
          ],
          [
            -160.7445,
            49.2429
          ],
          [
            -160.789,
            49.0024
          ],
          [
            -160.8333,
            48.7618
          ],
          [
            -160.8883,
            48.4611
          ],
          [
            -160.9375,
            48.1904
          ],
          [
            -161.0242,
            47.7092
          ],
          [
            -161.11,
            47.2278
          ],
          [
            -161.2002,
            46.7164
          ],
          [
            -161.279,
            46.265
          ],
          [
            -161.3571,
            45.8136
          ],
          [
            -161.4242,
            45.4223
          ],
          [
            -161.4806,
            45.0912
          ],
          [
            -161.5163,
            44.8805
          ],
          [
            -161.6024,
            44.3686
          ],
          [
            -161.6577,
            44.0374
          ],
          [
            -161.7027,
            43.7664
          ],
          [
            -161.7772,
            43.3147
          ],
          [
            -161.8511,
            42.8629
          ],
          [
            -161.8952,
            42.5917
          ],
          [
            -161.9488,
            42.2604
          ],
          [
            -162.0166,
            41.8386
          ],
          [
            -162.1031,
            41.2962
          ],
          [
            -162.1936,
            40.7235
          ],
          [
            -162.2692,
            40.2413
          ],
          [
            -162.3068,
            40.0001
          ],
          [
            -162.3676,
            39.6082
          ],
          [
            -162.4095,
            39.3368
          ],
          [
            -162.4651,
            38.975
          ],
          [
            -162.548,
            38.4321
          ],
          [
            -162.6166,
            37.9797
          ],
          [
            -162.6984,
            37.4367
          ],
          [
            -162.7886,
            36.8333
          ],
          [
            -162.8781,
            36.2298
          ],
          [
            -162.9714,
            35.5959
          ],
          [
            -163.0552,
            35.0224
          ],
          [
            -163.1559,
            34.328
          ],
          [
            -163.2515,
            33.6636
          ],
          [
            -163.3335,
            33.0898
          ],
          [
            -163.3765,
            32.7877
          ],
          [
            -163.4407,
            32.3345
          ],
          [
            -163.5301,
            31.7
          ],
          [
            -163.6316,
            30.9747
          ],
          [
            -163.7366,
            30.219
          ],
          [
            -163.8159,
            29.6446
          ],
          [
            -163.8907,
            29.1003
          ],
          [
            -163.9825,
            28.4282
          ]
        ]
      }
    },
    {
      "type": "Feature",
      "properties": {
        "instrument": "SHARAD_HIGHRES",
        "product_id": "R_5868801_001_SS19_700_A",
        "dat_file": "r_5868801_001_ss19_700_a.dat",
        "lbl_file": "r_5868801_001_ss19_700_a.lbl"
      },
      "geometry": {
        "type": "LineString",
        "coordinates": [
          [
            -154.9571,
            23.3636
          ],
          [
            -154.997,
            23.6665
          ],
          [
            -155.0571,
            24.1206
          ],
          [
            -155.1738,
            24.9985
          ],
          [
            -155.2466,
            25.5433
          ],
          [
            -155.3115,
            26.0274
          ],
          [
            -155.4134,
            26.7838
          ],
          [
            -155.4707,
            27.2073
          ],
          [
            -155.5282,
            27.6307
          ],
          [
            -155.6272,
            28.3564
          ],
          [
            -155.7268,
            29.082
          ],
          [
            -155.827,
            29.8074
          ],
          [
            -155.9194,
            30.4722
          ],
          [
            -156.0166,
            31.167
          ],
          [
            -156.0846,
            31.6503
          ],
          [
            -156.1529,
            32.1335
          ],
          [
            -156.2603,
            32.8884
          ],
          [
            -156.3555,
            33.5526
          ],
          [
            -156.4077,
            33.9148
          ],
          [
            -156.4601,
            34.2769
          ],
          [
            -156.5788,
            35.0917
          ],
          [
            -156.6541,
            35.6045
          ],
          [
            -156.712,
            35.9967
          ],
          [
            -156.7612,
            36.3284
          ],
          [
            -156.8016,
            36.5999
          ],
          [
            -156.8602,
            36.9919
          ],
          [
            -156.91,
            37.3235
          ],
          [
            -156.9646,
            37.6853
          ],
          [
            -157.0332,
            38.1375
          ],
          [
            -157.1068,
            38.6197
          ],
          [
            -157.1438,
            38.8608
          ],
          [
            -157.2415,
            39.4936
          ],
          [
            -157.3401,
            40.1263
          ],
          [
            -157.4301,
            40.6986
          ],
          [
            -157.473,
            40.9696
          ],
          [
            -157.5209,
            41.2708
          ],
          [
            -157.569,
            41.5719
          ],
          [
            -157.6125,
            41.8429
          ],
          [
            -157.6903,
            42.3245
          ],
          [
            -157.7638,
            42.7761
          ],
          [
            -157.7983,
            42.9867
          ],
          [
            -157.8329,
            43.1974
          ],
          [
            -157.9125,
            43.6789
          ],
          [
            -157.9928,
            44.1603
          ],
          [
            -158.0687,
            44.6116
          ],
          [
            -158.135,
            45.0026
          ],
          [
            -158.1709,
            45.2131
          ],
          [
            -158.2587,
            45.7244
          ],
          [
            -158.316,
            46.0551
          ],
          [
            -158.3684,
            46.3558
          ],
          [
            -158.4476,
            46.8067
          ],
          [
            -158.5115,
            47.1675
          ],
          [
            -158.5544,
            47.4079
          ],
          [
            -158.6356,
            47.8599
          ],
          [
            -158.7119,
            48.2806
          ],
          [
            -158.7779,
            48.6411
          ],
          [
            -158.8111,
            48.8214
          ],
          [
            -158.8835,
            49.2119
          ],
          [
            -158.9284,
            49.4522
          ],
          [
            -158.9792,
            49.7225
          ],
          [
            -159.0304,
            49.9928
          ],
          [
            -159.0761,
            50.233
          ],
          [
            -159.1279,
            50.5032
          ],
          [
            -159.215,
            50.9536
          ],
          [
            -159.256,
            51.1637
          ],
          [
            -159.3268,
            51.5239
          ],
          [
            -159.4043,
            51.9141
          ],
          [
            -159.4584,
            52.1841
          ],
          [
            -159.5008,
            52.3942
          ],
          [
            -159.574,
            52.7542
          ],
          [
            -159.6294,
            53.0242
          ],
          [
            -159.6728,
            53.2342
          ],
          [
            -159.7541,
            53.6242
          ],
          [
            -159.8046,
            53.8641
          ],
          [
            -159.8491,
            54.074
          ],
          [
            -159.9003,
            54.3139
          ],
          [
            -159.9454,
            54.5238
          ],
          [
            -159.9908,
            54.7337
          ],
          [
            -160.0365,
            54.9436
          ],
          [
            -160.0958,
            55.2134
          ],
          [
            -160.1355,
            55.3932
          ],
          [
            -160.1755,
            55.5731
          ],
          [
            -160.2225,
            55.7829
          ],
          [
            -160.263,
            55.9627
          ],
          [
            -160.3106,
            56.1724
          ],
          [
            -160.3448,
            56.3223
          ],
          [
            -160.3999,
            56.562
          ],
          [
            -160.4485,
            56.7717
          ],
          [
            -160.5115,
            57.0413
          ],
          [
            -160.5397,
            57.1611
          ],
          [
            -160.5965,
            57.4007
          ],
          [
            -160.6394,
            57.5805
          ],
          [
            -160.6898,
            57.7901
          ],
          [
            -160.7188,
            57.9099
          ],
          [
            -160.7845,
            58.1794
          ],
          [
            -160.8213,
            58.3291
          ],
          [
            -160.8732,
            58.5387
          ],
          [
            -160.933,
            58.7782
          ],
          [
            -160.9858,
            58.9877
          ],
          [
            -161.0238,
            59.1374
          ],
          [
            -161.0697,
            59.3169
          ],
          [
            -161.1082,
            59.4666
          ],
          [
            -161.16,
            59.6665
          ]
        ]
      }
    },
    {
      "type": "Feature",
      "properties": {
        "instrument": "SHARAD_HIGHRES",
        "product_id": "R_0353601_001_SS19_700_A",
        "dat_file": "r_0353601_001_ss19_700_a.dat",
        "lbl_file": "r_0353601_001_ss19_700_a.lbl"
      },
      "geometry": {
        "type": "LineString",
        "coordinates": [
          [
            -155.7627,
            49.6531
          ],
          [
            -155.8076,
            49.4127
          ],
          [
            -155.8854,
            48.9919
          ],
          [
            -155.9515,
            48.6313
          ],
          [
            -156.0171,
            48.2703
          ],
          [
            -156.0875,
            47.8795
          ],
          [
            -156.1359,
            47.6089
          ],
          [
            -156.2,
            47.2481
          ],
          [
            -156.2847,
            46.7669
          ],
          [
            -156.3529,
            46.3759
          ],
          [
            -156.4309,
            45.9248
          ],
          [
            -156.5031,
            45.5036
          ],
          [
            -156.5543,
            45.2028
          ],
          [
            -156.6052,
            44.9019
          ],
          [
            -156.6659,
            44.5408
          ],
          [
            -156.7212,
            44.2098
          ],
          [
            -156.7911,
            43.7884
          ],
          [
            -156.8407,
            43.4874
          ],
          [
            -156.9048,
            43.0961
          ],
          [
            -156.9831,
            42.6144
          ],
          [
            -157.0656,
            42.1025
          ],
          [
            -157.1138,
            41.8014
          ],
          [
            -157.1809,
            41.3797
          ],
          [
            -157.2523,
            40.9279
          ],
          [
            -157.3232,
            40.4761
          ],
          [
            -157.3983,
            39.994
          ],
          [
            -157.4775,
            39.4818
          ],
          [
            -157.5423,
            39.0599
          ],
          [
            -157.6113,
            38.6078
          ],
          [
            -157.6662,
            38.246
          ],
          [
            -157.7299,
            37.824
          ],
          [
            -157.7797,
            37.4923
          ],
          [
            -157.8338,
            37.1305
          ],
          [
            -157.91,
            36.6178
          ],
          [
            -157.9768,
            36.1654
          ],
          [
            -158.1223,
            35.1724
          ],
          [
            -158.1926,
            34.6875
          ],
          [
            -158.2449,
            34.3253
          ],
          [
            -158.3489,
            33.6007
          ],
          [
            -158.4435,
            32.9366
          ],
          [
            -158.5119,
            32.4535
          ],
          [
            -158.5842,
            31.9402
          ],
          [
            -158.6688,
            31.3361
          ],
          [
            -158.7571,
            30.7018
          ],
          [
            -158.8115,
            30.309
          ],
          [
            -158.8782,
            29.8256
          ],
          [
            -158.9529,
            29.2816
          ],
          [
            -159.019,
            28.7981
          ],
          [
            -159.0684,
            28.4353
          ],
          [
            -159.1545,
            27.8005
          ],
          [
            -159.2361,
            27.1957
          ],
          [
            -159.293,
            26.7723
          ],
          [
            -159.378,
            26.1371
          ],
          [
            -159.4586,
            25.5321
          ],
          [
            -159.5228,
            25.048
          ],
          [
            -159.6108,
            24.3822
          ],
          [
            -159.6626,
            23.9887
          ],
          [
            -159.746,
            23.353
          ],
          [
            -159.8488,
            22.5658
          ],
          [
            -159.9197,
            22.0206
          ],
          [
            -160.0217,
            21.2331
          ],
          [
            -160.0725,
            20.8393
          ],
          [
            -160.1983,
            19.8611
          ]
        ]
      }
    },
    {
      "type": "Feature",
      "properties": {
        "instrument": "SHARAD_HIGHRES",
        "product_id": "R_3578901_001_SS19_700_A",
        "dat_file": "r_3578901_001_ss19_700_a.dat",
        "lbl_file": "r_3578901_001_ss19_700_a.lbl"
      },
      "geometry": {
        "type": "LineString",
        "coordinates": [
          [
            -142.8093,
            78.8004
          ],
          [
            -142.9257,
            78.713
          ],
          [
            -143.0024,
            78.6547
          ],
          [
            -143.116,
            78.5672
          ],
          [
            -143.2281,
            78.4797
          ],
          [
            -143.3019,
            78.4213
          ],
          [
            -143.3751,
            78.3629
          ],
          [
            -143.4114,
            78.3337
          ],
          [
            -143.4835,
            78.2753
          ],
          [
            -143.555,
            78.2169
          ],
          [
            -143.5905,
            78.1877
          ],
          [
            -143.661,
            78.1293
          ],
          [
            -143.7309,
            78.0708
          ],
          [
            -143.7656,
            78.0416
          ],
          [
            -143.8345,
            77.9831
          ],
          [
            -143.9028,
            77.9246
          ],
          [
            -144.0042,
            77.8368
          ],
          [
            -144.071,
            77.7783
          ],
          [
            -144.1701,
            77.6905
          ],
          [
            -144.2029,
            77.6612
          ],
          [
            -144.268,
            77.6026
          ],
          [
            -144.3646,
            77.5147
          ],
          [
            -144.46,
            77.4268
          ],
          [
            -144.5229,
            77.3682
          ],
          [
            -144.5541,
            77.3389
          ],
          [
            -144.6471,
            77.2509
          ],
          [
            -144.7389,
            77.1629
          ],
          [
            -144.8296,
            77.0749
          ],
          [
            -144.9192,
            76.9868
          ],
          [
            -144.9783,
            76.9281
          ],
          [
            -145.0369,
            76.8694
          ],
          [
            -145.066,
            76.84
          ],
          [
            -145.1527,
            76.7519
          ],
          [
            -145.21,
            76.6931
          ],
          [
            -145.2384,
            76.6637
          ],
          [
            -145.3231,
            76.5755
          ],
          [
            -145.4067,
            76.4873
          ],
          [
            -145.4894,
            76.3991
          ],
          [
            -145.544,
            76.3403
          ],
          [
            -145.5982,
            76.2815
          ],
          [
            -145.6519,
            76.2226
          ],
          [
            -145.7318,
            76.1343
          ],
          [
            -145.7582,
            76.1049
          ],
          [
            -145.8369,
            76.0166
          ],
          [
            -145.8888,
            75.9577
          ],
          [
            -145.9404,
            75.8988
          ],
          [
            -145.9916,
            75.8399
          ],
          [
            -146.0676,
            75.7515
          ],
          [
            -146.1429,
            75.6631
          ],
          [
            -146.1926,
            75.6041
          ],
          [
            -146.2419,
            75.5452
          ],
          [
            -146.2909,
            75.4862
          ],
          [
            -146.3878,
            75.3683
          ],
          [
            -146.4596,
            75.2798
          ],
          [
            -146.5306,
            75.1913
          ],
          [
            -146.5776,
            75.1322
          ],
          [
            -146.6474,
            75.0437
          ],
          [
            -146.7164,
            74.9552
          ],
          [
            -146.7848,
            74.8666
          ],
          [
            -146.8749,
            74.7485
          ],
          [
            -146.9416,
            74.6599
          ],
          [
            -146.9858,
            74.6008
          ],
          [
            -147.0296,
            74.5417
          ],
          [
            -147.1164,
            74.4235
          ],
          [
            -147.1594,
            74.3644
          ],
          [
            -147.2233,
            74.2757
          ],
          [
            -147.2656,
            74.2166
          ],
          [
            -147.3285,
            74.1279
          ],
          [
            -147.4114,
            74.0096
          ],
          [
            -147.4525,
            73.9504
          ],
          [
            -147.4933,
            73.8912
          ],
          [
            -147.554,
            73.8025
          ],
          [
            -147.6142,
            73.7137
          ],
          [
            -147.6738,
            73.6249
          ],
          [
            -147.7132,
            73.5657
          ],
          [
            -147.7719,
            73.4769
          ],
          [
            -147.8493,
            73.3585
          ],
          [
            -147.9258,
            73.24
          ],
          [
            -147.9825,
            73.1512
          ],
          [
            -148.0201,
            73.0919
          ],
          [
            -148.0574,
            73.0327
          ],
          [
            -148.113,
            72.9438
          ],
          [
            -148.1498,
            72.8845
          ],
          [
            -148.2227,
            72.766
          ],
          [
            -148.2948,
            72.6474
          ],
          [
            -148.3483,
            72.5585
          ],
          [
            -148.4189,
            72.4399
          ],
          [
            -148.4714,
            72.3509
          ],
          [
            -148.5234,
            72.2619
          ],
          [
            -148.5921,
            72.1433
          ],
          [
            -148.6431,
            72.0543
          ],
          [
            -148.7105,
            71.9356
          ],
          [
            -148.7771,
            71.8169
          ],
          [
            -148.8594,
            71.6685
          ],
          [
            -148.892,
            71.6091
          ],
          [
            -148.9567,
            71.4903
          ],
          [
            -149.0207,
            71.3716
          ],
          [
            -149.084,
            71.2528
          ],
          [
            -149.1311,
            71.1637
          ],
          [
            -149.1623,
            71.1043
          ],
          [
            -149.1933,
            71.0448
          ],
          [
            -149.2395,
            70.9557
          ],
          [
            -149.2854,
            70.8666
          ],
          [
            -149.3158,
            70.8072
          ],
          [
            -149.3911,
            70.6586
          ],
          [
            -149.4507,
            70.5397
          ],
          [
            -149.5097,
            70.4208
          ],
          [
            -149.5681,
            70.3019
          ],
          [
            -149.5971,
            70.2424
          ],
          [
            -149.6547,
            70.1235
          ],
          [
            -149.7259,
            69.9748
          ],
          [
            -149.7682,
            69.8855
          ],
          [
            -149.8102,
            69.7963
          ],
          [
            -149.8519,
            69.7071
          ],
          [
            -149.8795,
            69.6476
          ],
          [
            -149.9208,
            69.5583
          ],
          [
            -149.9889,
            69.4095
          ],
          [
            -150.0428,
            69.2905
          ],
          [
            -150.1095,
            69.1417
          ],
          [
            -150.1623,
            69.0226
          ],
          [
            -150.2147,
            68.9035
          ],
          [
            -150.2407,
            68.844
          ],
          [
            -150.2795,
            68.7547
          ],
          [
            -150.3436,
            68.6058
          ],
          [
            -150.407,
            68.4569
          ],
          [
            -150.4697,
            68.3079
          ],
          [
            -150.5194,
            68.1888
          ],
          [
            -150.5932,
            68.01
          ],
          [
            -150.6781,
            67.8015
          ],
          [
            -150.7141,
            67.7121
          ],
          [
            -150.7618,
            67.5929
          ],
          [
            -150.8326,
            67.414
          ],
          [
            -150.8677,
            67.3246
          ],
          [
            -150.9025,
            67.2352
          ],
          [
            -150.9257,
            67.1755
          ],
          [
            -150.9717,
            67.0563
          ],
          [
            -151.0173,
            66.937
          ],
          [
            -151.0626,
            66.8177
          ],
          [
            -151.1187,
            66.6686
          ],
          [
            -151.1743,
            66.5195
          ],
          [
            -151.2184,
            66.4002
          ],
          [
            -151.2839,
            66.2212
          ],
          [
            -151.3487,
            66.0422
          ],
          [
            -151.3808,
            65.9527
          ],
          [
            -151.4551,
            65.7438
          ],
          [
            -151.5076,
            65.5946
          ],
          [
            -151.5803,
            65.3857
          ],
          [
            -151.6419,
            65.2066
          ],
          [
            -151.6927,
            65.0573
          ],
          [
            -151.7532,
            64.8782
          ],
          [
            -151.8031,
            64.7289
          ],
          [
            -151.8624,
            64.5497
          ],
          [
            -151.9114,
            64.4004
          ],
          [
            -151.9793,
            64.1913
          ],
          [
            -152.0369,
            64.0121
          ],
          [
            -152.0939,
            63.8328
          ],
          [
            -152.1504,
            63.6535
          ],
          [
            -152.2063,
            63.4743
          ],
          [
            -152.2249,
            63.4145
          ],
          [
            -152.2617,
            63.295
          ],
          [
            -152.3167,
            63.1156
          ],
          [
            -152.3711,
            62.9363
          ],
          [
            -152.4071,
            62.8168
          ],
          [
            -152.4696,
            62.6075
          ],
          [
            -152.505,
            62.4879
          ],
          [
            -152.549,
            62.3384
          ],
          [
            -152.61,
            62.1291
          ],
          [
            -152.679,
            61.8899
          ],
          [
            -152.7132,
            61.7703
          ],
          [
            -152.7557,
            61.6207
          ],
          [
            -152.8063,
            61.4413
          ],
          [
            -152.8731,
            61.202
          ],
          [
            -152.9062,
            61.0823
          ],
          [
            -152.9637,
            60.8729
          ],
          [
            -153.0045,
            60.7233
          ],
          [
            -153.0531,
            60.5437
          ],
          [
            -153.1093,
            60.3342
          ],
          [
            -153.157,
            60.1547
          ],
          [
            -153.2123,
            59.9452
          ],
          [
            -153.2358,
            59.8554
          ],
          [
            -153.2826,
            59.6758
          ],
          [
            -153.3136,
            59.556
          ],
          [
            -153.3598,
            59.3764
          ],
          [
            -153.4133,
            59.1668
          ],
          [
            -153.4512,
            59.0171
          ],
          [
            -153.5189,
            58.7476
          ],
          [
            -153.5562,
            58.5978
          ],
          [
            -153.6154,
            58.3582
          ],
          [
            -153.6521,
            58.2085
          ],
          [
            -153.7032,
            57.9988
          ],
          [
            -153.7322,
            57.879
          ],
          [
            -153.797,
            57.6093
          ],
          [
            -153.8398,
            57.4296
          ],
          [
            -153.9035,
            57.1599
          ],
          [
            -153.9666,
            56.8902
          ],
          [
            -154.0014,
            56.7403
          ],
          [
            -154.0498,
            56.5305
          ],
          [
            -154.1115,
            56.2608
          ],
          [
            -154.1591,
            56.0509
          ],
          [
            -154.2198,
            55.7811
          ],
          [
            -154.2466,
            55.6612
          ],
          [
            -154.3065,
            55.3913
          ],
          [
            -154.3659,
            55.1214
          ],
          [
            -154.4052,
            54.9415
          ],
          [
            -154.4702,
            54.6416
          ],
          [
            -154.5089,
            54.4616
          ],
          [
            -154.5538,
            54.2516
          ],
          [
            -154.5984,
            54.0416
          ],
          [
            -154.6742,
            53.6816
          ],
          [
            -154.7305,
            53.4116
          ],
          [
            -154.774,
            53.2015
          ],
          [
            -154.8049,
            53.0515
          ],
          [
            -154.8663,
            52.7513
          ],
          [
            -154.9211,
            52.4812
          ],
          [
            -154.9755,
            52.211
          ],
          [
            -155.0295,
            51.9409
          ],
          [
            -155.0831,
            51.6707
          ],
          [
            -155.1716,
            51.2203
          ],
          [
            -155.23,
            50.92
          ],
          [
            -155.2764,
            50.6797
          ],
          [
            -155.311,
            50.4995
          ],
          [
            -155.3569,
            50.2592
          ],
          [
            -155.4196,
            49.9287
          ],
          [
            -155.4874,
            49.5682
          ],
          [
            -155.5267,
            49.3579
          ],
          [
            -155.5769,
            49.0875
          ],
          [
            -155.6268,
            48.817
          ],
          [
            -155.6764,
            48.5465
          ],
          [
            -155.7366,
            48.2159
          ],
          [
            -155.7801,
            47.9754
          ],
          [
            -155.8503,
            47.5846
          ],
          [
            -155.8825,
            47.4042
          ],
          [
            -155.9412,
            47.0735
          ],
          [
            -155.9995,
            46.7427
          ],
          [
            -156.0574,
            46.4119
          ],
          [
            -156.0888,
            46.2314
          ],
          [
            -156.1253,
            46.0209
          ],
          [
            -156.1824,
            45.69
          ],
          [
            -156.2288,
            45.4192
          ],
          [
            -156.2852,
            45.0883
          ],
          [
            -156.3514,
            44.6971
          ],
          [
            -156.4171,
            44.3059
          ],
          [
            -156.4523,
            44.0952
          ],
          [
            -156.5173,
            43.7039
          ],
          [
            -156.6016,
            43.1922
          ],
          [
            -156.6361,
            42.9814
          ],
          [
            -156.7145,
            42.4997
          ],
          [
            -156.7486,
            42.2889
          ],
          [
            -156.8116,
            41.8974
          ],
          [
            -156.8502,
            41.6564
          ],
          [
            -156.903,
            41.3251
          ],
          [
            -156.9603,
            40.9636
          ],
          [
            -157.022,
            40.5719
          ],
          [
            -157.0645,
            40.3007
          ],
          [
            -157.1209,
            39.9391
          ],
          [
            -157.163,
            39.6679
          ],
          [
            -157.2189,
            39.3062
          ],
          [
            -157.3114,
            38.7033
          ],
          [
            -157.3757,
            38.2812
          ],
          [
            -157.4214,
            37.9796
          ],
          [
            -157.476,
            37.6178
          ],
          [
            -157.5213,
            37.3162
          ],
          [
            -157.5799,
            36.9241
          ],
          [
            -157.6293,
            36.5922
          ],
          [
            -157.6651,
            36.3509
          ],
          [
            -157.7319,
            35.8983
          ],
          [
            -157.816,
            35.325
          ],
          [
            -157.8908,
            34.8119
          ],
          [
            -157.9477,
            34.4194
          ],
          [
            -158.0304,
            33.8458
          ],
          [
            -158.0694,
            33.5741
          ],
          [
            -158.1126,
            33.2721
          ],
          [
            -158.19,
            32.7285
          ],
          [
            -158.2371,
            32.3962
          ],
          [
            -158.2968,
            31.9733
          ],
          [
            -158.3859,
            31.3388
          ],
          [
            -158.445,
            30.9157
          ],
          [
            -158.529,
            30.3113
          ],
          [
            -158.6013,
            29.7886
          ]
        ]
      }
    },
    {
      "type": "Feature",
      "properties": {
        "product_id": "R_0554102_001_SS19_700_A",
        "instrument": "SHARAD_HIGHRES",
        "dat_file": "r_0554102_001_ss19_700_a.dat",
        "lbl_file": "r_0554102_001_ss19_700_a.lbl"
      },
      "geometry": {
        "type": "LineString",
        "coordinates": [
          [
            -170.0072,
            67.829
          ],
          [
            -170.0311,
            67.7693
          ],
          [
            -170.0667,
            67.6797
          ],
          [
            -170.1139,
            67.5602
          ],
          [
            -170.1607,
            67.4408
          ],
          [
            -170.2071,
            67.3213
          ],
          [
            -170.2646,
            67.1719
          ],
          [
            -170.3102,
            67.0525
          ],
          [
            -170.3667,
            66.9031
          ],
          [
            -170.4115,
            66.7836
          ],
          [
            -170.445,
            66.6936
          ],
          [
            -170.4892,
            66.5741
          ],
          [
            -170.533,
            66.4546
          ],
          [
            -170.5766,
            66.335
          ],
          [
            -170.609,
            66.2454
          ],
          [
            -170.6734,
            66.066
          ],
          [
            -170.7159,
            65.9464
          ],
          [
            -170.7581,
            65.8268
          ],
          [
            -170.8104,
            65.6774
          ],
          [
            -170.8519,
            65.5578
          ],
          [
            -170.9034,
            65.4082
          ],
          [
            -170.9544,
            65.2587
          ],
          [
            -171.005,
            65.1092
          ],
          [
            -171.0751,
            64.8998
          ],
          [
            -171.1049,
            64.8101
          ],
          [
            -171.1542,
            64.6605
          ],
          [
            -171.2128,
            64.481
          ],
          [
            -171.2612,
            64.3314
          ],
          [
            -171.3283,
            64.1219
          ],
          [
            -171.3852,
            63.9424
          ],
          [
            -171.4509,
            63.7329
          ],
          [
            -171.5159,
            63.5233
          ],
          [
            -171.5527,
            63.4036
          ],
          [
            -171.5984,
            63.2539
          ],
          [
            -171.6437,
            63.1042
          ],
          [
            -171.6797,
            62.9845
          ],
          [
            -171.7244,
            62.8348
          ],
          [
            -171.7777,
            62.6551
          ],
          [
            -171.8479,
            62.4155
          ],
          [
            -171.9087,
            62.2059
          ],
          [
            -171.9603,
            62.0261
          ],
          [
            -172.0284,
            61.7865
          ],
          [
            -172.0874,
            61.5768
          ],
          [
            -172.1458,
            61.3671
          ],
          [
            -172.1954,
            61.1873
          ],
          [
            -172.2528,
            60.9775
          ],
          [
            -172.3177,
            60.7378
          ],
          [
            -172.3659,
            60.558
          ],
          [
            -172.4296,
            60.3182
          ],
          [
            -172.4927,
            60.0784
          ],
          [
            -172.5629,
            59.8086
          ],
          [
            -172.6246,
            59.5687
          ],
          [
            -172.6705,
            59.3888
          ],
          [
            -172.7387,
            59.1189
          ],
          [
            -172.7987,
            58.879
          ],
          [
            -172.8729,
            58.5791
          ],
          [
            -172.917,
            58.3991
          ],
          [
            -172.9608,
            58.2191
          ],
          [
            -173.0115,
            58.0091
          ],
          [
            -173.0475,
            57.8591
          ],
          [
            -173.1117,
            57.5891
          ],
          [
            -173.1401,
            57.4691
          ],
          [
            -173.1824,
            57.2891
          ],
          [
            -173.2314,
            57.079
          ],
          [
            -173.2731,
            56.8989
          ],
          [
            -173.3214,
            56.6889
          ],
          [
            -173.3762,
            56.4488
          ],
          [
            -173.417,
            56.2687
          ],
          [
            -173.4508,
            56.1186
          ],
          [
            -173.5112,
            55.8484
          ],
          [
            -173.5843,
            55.5181
          ],
          [
            -173.6304,
            55.308
          ],
          [
            -173.6827,
            55.0678
          ],
          [
            -173.7604,
            54.7074
          ],
          [
            -173.8181,
            54.4371
          ],
          [
            -173.8753,
            54.1668
          ],
          [
            -173.9132,
            53.9866
          ],
          [
            -173.9446,
            53.8364
          ],
          [
            -174.0008,
            53.566
          ],
          [
            -174.0442,
            53.3557
          ],
          [
            -174.0996,
            53.0853
          ],
          [
            -174.1667,
            52.7548
          ],
          [
            -174.2272,
            52.4543
          ],
          [
            -174.2812,
            52.1838
          ],
          [
            -174.3348,
            51.9134
          ],
          [
            -174.3939,
            51.6128
          ],
          [
            -174.4642,
            51.2521
          ],
          [
            -174.5107,
            51.0116
          ],
          [
            -174.5799,
            50.6508
          ],
          [
            -174.6314,
            50.3802
          ],
          [
            -174.6995,
            50.0194
          ],
          [
            -174.7446,
            49.7788
          ],
          [
            -174.795,
            49.5081
          ],
          [
            -174.8284,
            49.3277
          ],
          [
            -174.8838,
            49.0269
          ],
          [
            -174.9388,
            48.7261
          ],
          [
            -175.0043,
            48.3651
          ],
          [
            -175.0314,
            48.2147
          ],
          [
            -175.0962,
            47.8536
          ],
          [
            -175.1711,
            47.4324
          ],
          [
            -175.2559,
            46.9509
          ],
          [
            -175.3137,
            46.6198
          ],
          [
            -175.3607,
            46.3489
          ],
          [
            -175.4178,
            46.0178
          ],
          [
            -175.5053,
            45.506
          ],
          [
            -175.5767,
            45.0845
          ],
          [
            -175.6526,
            44.6328
          ],
          [
            -175.6928,
            44.3919
          ],
          [
            -175.7727,
            43.91
          ],
          [
            -175.8371,
            43.5184
          ],
          [
            -175.8716,
            43.3076
          ],
          [
            -175.95,
            42.8256
          ],
          [
            -176.0035,
            42.4942
          ],
          [
            -176.0712,
            42.0723
          ],
          [
            -176.148,
            41.5902
          ],
          [
            -176.1957,
            41.2888
          ],
          [
            -176.2621,
            40.8668
          ],
          [
            -176.3656,
            40.2036
          ],
          [
            -176.4123,
            39.9021
          ],
          [
            -176.4866,
            39.4197
          ],
          [
            -176.5466,
            39.0277
          ],
          [
            -176.5971,
            38.696
          ],
          [
            -176.6565,
            38.3039
          ],
          [
            -176.7337,
            37.7911
          ],
          [
            -176.8014,
            37.3386
          ],
          [
            -176.8463,
            37.0369
          ],
          [
            -176.9178,
            36.5541
          ],
          [
            -176.9933,
            36.0411
          ],
          [
            -177.0375,
            35.7393
          ],
          [
            -177.1035,
            35.2865
          ],
          [
            -177.1866,
            34.713
          ],
          [
            -177.2388,
            34.3507
          ],
          [
            -177.334,
            33.6864
          ],
          [
            -177.4028,
            33.2032
          ],
          [
            -177.4499,
            32.8709
          ],
          [
            -177.5181,
            32.3877
          ],
          [
            -177.6114,
            31.723
          ],
          [
            -177.6536,
            31.4209
          ],
          [
            -177.7502,
            30.7259
          ],
          [
            -177.8212,
            30.2121
          ],
          [
            -177.8671,
            29.8784
          ]
        ]
      }
    },
    {
      "type": "Feature",
      "properties": {
        "product_id": "R_0617401_001_SS19_700_A",
        "instrument": "SHARAD_HIGHRES",
        "dat_file": "r_0617401_001_ss19_700_a.dat",
        "lbl_file": "r_0617401_001_ss19_700_a.lbl"
      },
      "geometry": {
        "type": "LineString",
        "coordinates": [
          [
            179.9195,
            30.3723
          ],
          [
            -174.9144,
            59.5642
          ],
          [
            -174.9526,
            59.4142
          ],
          [
            -175.0208,
            59.1443
          ],
          [
            -175.0733,
            58.9343
          ],
          [
            -175.1254,
            58.7243
          ],
          [
            -175.1918,
            58.4539
          ],
          [
            -175.2429,
            58.2439
          ],
          [
            -175.2864,
            58.0638
          ],
          [
            -175.3296,
            57.8838
          ],
          [
            -175.3796,
            57.6737
          ],
          [
            -175.4504,
            57.3735
          ],
          [
            -175.4925,
            57.1934
          ],
          [
            -175.5343,
            57.0133
          ],
          [
            -175.6103,
            56.683
          ],
          [
            -175.6582,
            56.4728
          ],
          [
            -175.6922,
            56.3227
          ],
          [
            -175.7664,
            55.9924
          ],
          [
            -175.8065,
            55.8122
          ],
          [
            -175.853,
            55.6019
          ],
          [
            -175.8926,
            55.4217
          ],
          [
            -175.9581,
            55.1213
          ],
          [
            -176.0294,
            54.7909
          ],
          [
            -176.1127,
            54.4003
          ],
          [
            -176.1698,
            54.1299
          ],
          [
            -176.2076,
            53.9496
          ],
          [
            -176.2452,
            53.7692
          ],
          [
            -176.3198,
            53.4086
          ],
          [
            -176.3936,
            53.0479
          ],
          [
            -176.4363,
            52.8375
          ],
          [
            -176.4727,
            52.6571
          ],
          [
            -176.5089,
            52.4767
          ],
          [
            -176.5569,
            52.2362
          ],
          [
            -176.6224,
            51.9055
          ],
          [
            -176.7049,
            51.4845
          ],
          [
            -176.7749,
            51.1236
          ],
          [
            -176.8212,
            50.8829
          ],
          [
            -176.8672,
            50.6423
          ],
          [
            -176.9357,
            50.2813
          ],
          [
            -177.0036,
            49.9203
          ],
          [
            -177.0317,
            49.7699
          ],
          [
            -177.0932,
            49.4389
          ],
          [
            -177.1542,
            49.1079
          ],
          [
            -177.2421,
            48.6263
          ],
          [
            -177.3074,
            48.2651
          ],
          [
            -177.3668,
            47.934
          ],
          [
            -177.399,
            47.7534
          ],
          [
            -177.4737,
            47.3319
          ],
          [
            -177.5319,
            47.0007
          ],
          [
            -177.6054,
            46.5791
          ],
          [
            -177.6731,
            46.1876
          ],
          [
            -177.7145,
            45.9466
          ],
          [
            -177.7711,
            45.6153
          ],
          [
            -177.8018,
            45.4346
          ],
          [
            -177.8578,
            45.1032
          ],
          [
            -178.0267,
            44.1104
          ],
          [
            -178.19,
            43.1174
          ],
          [
            -178.348,
            42.1242
          ],
          [
            -178.4144,
            41.6976
          ],
          [
            -178.467,
            41.3659
          ],
          [
            -178.5476,
            40.8532
          ],
          [
            -178.5853,
            40.6119
          ],
          [
            -178.6604,
            40.1289
          ],
          [
            -178.7349,
            39.6462
          ],
          [
            -178.7904,
            39.2842
          ],
          [
            -178.8732,
            38.741
          ],
          [
            -178.9417,
            38.2883
          ],
          [
            -178.9826,
            38.0167
          ],
          [
            -179.0459,
            37.5941
          ],
          [
            -179.1179,
            37.111
          ],
          [
            -179.1537,
            36.8695
          ],
          [
            -179.2339,
            36.326
          ],
          [
            -179.3312,
            35.6616
          ],
          [
            -179.4321,
            34.9668
          ],
          [
            -179.5192,
            34.3626
          ],
          [
            -179.5971,
            33.8187
          ],
          [
            -179.6874,
            33.1841
          ],
          [
            -179.7558,
            32.7005
          ],
          [
            -179.8366,
            32.1261
          ],
          [
            -179.9085,
            31.6122
          ]
        ]
      }
    },
    {
      "type": "Feature",
      "properties": {
        "product_id": "R_0653001_001_SS19_700_A",
        "instrument": "SHARAD_HIGHRES",
        "dat_file": "r_0653001_001_ss19_700_a.dat",
        "lbl_file": null
      },
      "geometry": {
        "type": "LineString",
        "coordinates": [
          [
            179.9149,
            30.4281
          ],
          [
            -168.382,
            74.9861
          ],
          [
            -168.4273,
            74.927
          ],
          [
            -168.4946,
            74.8383
          ],
          [
            -168.5613,
            74.7496
          ],
          [
            -168.6491,
            74.6312
          ],
          [
            -168.6925,
            74.5721
          ],
          [
            -168.7142,
            74.5425
          ],
          [
            -168.7572,
            74.4833
          ],
          [
            -168.8,
            74.4241
          ],
          [
            -168.8636,
            74.3353
          ],
          [
            -168.9474,
            74.2169
          ],
          [
            -168.9889,
            74.1577
          ],
          [
            -169.0507,
            74.0688
          ],
          [
            -169.0915,
            74.0096
          ],
          [
            -169.1525,
            73.9204
          ],
          [
            -169.1927,
            73.8612
          ],
          [
            -169.2525,
            73.7723
          ],
          [
            -169.3118,
            73.6834
          ],
          [
            -169.3705,
            73.5945
          ],
          [
            -169.4287,
            73.5055
          ],
          [
            -169.4672,
            73.4462
          ],
          [
            -169.5244,
            73.3573
          ],
          [
            -169.6,
            73.2387
          ],
          [
            -169.6375,
            73.1794
          ],
          [
            -169.7117,
            73.0607
          ],
          [
            -169.7485,
            73.0014
          ],
          [
            -169.8214,
            72.8827
          ],
          [
            -169.8755,
            72.7937
          ],
          [
            -169.9292,
            72.7046
          ],
          [
            -169.9824,
            72.6156
          ],
          [
            -170.0526,
            72.4968
          ],
          [
            -170.1047,
            72.4078
          ],
          [
            -170.1564,
            72.3187
          ],
          [
            -170.2247,
            72.1999
          ],
          [
            -170.2754,
            72.1108
          ],
          [
            -170.3089,
            72.0514
          ],
          [
            -170.3755,
            71.9325
          ],
          [
            -170.4414,
            71.8137
          ],
          [
            -170.4903,
            71.7245
          ],
          [
            -170.5227,
            71.6651
          ],
          [
            -170.6029,
            71.5165
          ],
          [
            -170.6505,
            71.4273
          ],
          [
            -170.6978,
            71.3381
          ],
          [
            -170.7447,
            71.2489
          ],
          [
            -170.7912,
            71.1597
          ],
          [
            -170.868,
            71.011
          ],
          [
            -170.8984,
            70.9515
          ],
          [
            -170.9588,
            70.8325
          ],
          [
            -171.0037,
            70.7432
          ],
          [
            -171.063,
            70.6242
          ],
          [
            -171.1071,
            70.5349
          ],
          [
            -171.1509,
            70.4457
          ],
          [
            -171.2088,
            70.3266
          ],
          [
            -171.2661,
            70.2075
          ],
          [
            -171.3229,
            70.0885
          ],
          [
            -171.3651,
            69.9992
          ],
          [
            -171.4209,
            69.8801
          ],
          [
            -171.5037,
            69.7014
          ],
          [
            -171.5853,
            69.5227
          ],
          [
            -171.6257,
            69.4333
          ],
          [
            -171.6791,
            69.3141
          ],
          [
            -171.7452,
            69.1652
          ],
          [
            -171.7845,
            69.0758
          ],
          [
            -171.8235,
            68.9864
          ],
          [
            -171.8623,
            68.897
          ],
          [
            -171.9136,
            68.7778
          ],
          [
            -171.9771,
            68.6287
          ],
          [
            -172.0274,
            68.5095
          ],
          [
            -172.0524,
            68.4499
          ],
          [
            -172.1144,
            68.3008
          ],
          [
            -172.1513,
            68.2113
          ],
          [
            -172.2244,
            68.0324
          ],
          [
            -172.2846,
            67.8833
          ],
          [
            -172.3323,
            67.764
          ],
          [
            -172.4149,
            67.5552
          ],
          [
            -172.4732,
            67.406
          ],
          [
            -172.5194,
            67.2866
          ],
          [
            -172.588,
            67.1076
          ],
          [
            -172.622,
            67.0181
          ],
          [
            -172.667,
            66.8987
          ],
          [
            -172.7006,
            66.8091
          ],
          [
            -172.7561,
            66.6599
          ],
          [
            -172.8001,
            66.5405
          ],
          [
            -172.8655,
            66.3614
          ],
          [
            -172.9087,
            66.2419
          ],
          [
            -172.9622,
            66.0926
          ],
          [
            -173.0258,
            65.9135
          ],
          [
            -173.0783,
            65.7641
          ],
          [
            -173.1303,
            65.6148
          ],
          [
            -173.1921,
            65.4356
          ],
          [
            -173.2431,
            65.2862
          ],
          [
            -173.2735,
            65.1966
          ],
          [
            -173.3338,
            65.0173
          ],
          [
            -173.3637,
            64.9277
          ],
          [
            -173.4132,
            64.7782
          ],
          [
            -173.4329,
            64.7185
          ],
          [
            -173.4916,
            64.5392
          ],
          [
            -173.5304,
            64.4196
          ],
          [
            -173.5881,
            64.2403
          ],
          [
            -173.6642,
            64.0011
          ],
          [
            -173.7206,
            63.8217
          ],
          [
            -173.7672,
            63.6722
          ],
          [
            -173.795,
            63.5825
          ],
          [
            -173.8593,
            63.3732
          ],
          [
            -173.9139,
            63.1938
          ],
          [
            -173.959,
            63.0443
          ],
          [
            -173.9859,
            62.9545
          ],
          [
            -174.0393,
            62.7751
          ],
          [
            -174.0835,
            62.6255
          ],
          [
            -174.1273,
            62.4759
          ],
          [
            -174.1968,
            62.2366
          ],
          [
            -174.2398,
            62.087
          ],
          [
            -174.2825,
            61.9374
          ],
          [
            -174.3249,
            61.7877
          ],
          [
            -174.3754,
            61.6082
          ],
          [
            -174.4088,
            61.4885
          ],
          [
            -174.4586,
            61.3089
          ],
          [
            -174.5325,
            61.0395
          ],
          [
            -174.5813,
            60.8599
          ],
          [
            -174.6297,
            60.6803
          ],
          [
            -174.6777,
            60.5006
          ],
          [
            -174.7095,
            60.3808
          ],
          [
            -174.7569,
            60.2012
          ],
          [
            -174.7883,
            60.0814
          ],
          [
            -174.8273,
            59.9317
          ],
          [
            -174.8738,
            59.752
          ],
          [
            -174.9046,
            59.6322
          ],
          [
            -174.9505,
            59.4525
          ],
          [
            -174.9961,
            59.2728
          ],
          [
            -175.0338,
            59.123
          ],
          [
            -175.0788,
            58.9432
          ],
          [
            -175.1086,
            58.8234
          ],
          [
            -175.1604,
            58.6137
          ],
          [
            -175.2045,
            58.4339
          ],
          [
            -175.241,
            58.2841
          ],
          [
            -175.2845,
            58.1043
          ],
          [
            -175.3349,
            57.8945
          ],
          [
            -175.3778,
            57.7147
          ],
          [
            -175.4204,
            57.5349
          ],
          [
            -175.4627,
            57.355
          ],
          [
            -175.5326,
            57.0553
          ],
          [
            -175.5673,
            56.9054
          ],
          [
            -175.6224,
            56.6656
          ],
          [
            -175.7042,
            56.3058
          ],
          [
            -175.7447,
            56.1259
          ],
          [
            -175.805,
            55.856
          ],
          [
            -175.8648,
            55.5861
          ],
          [
            -175.9109,
            55.3761
          ],
          [
            -175.9502,
            55.1962
          ],
          [
            -176.0216,
            54.8662
          ],
          [
            -176.0923,
            54.5362
          ],
          [
            -176.1369,
            54.3262
          ],
          [
            -176.1749,
            54.1462
          ],
          [
            -176.2127,
            53.9661
          ],
          [
            -176.269,
            53.6961
          ],
          [
            -176.3557,
            53.2759
          ],
          [
            -176.3864,
            53.1259
          ],
          [
            -176.4413,
            52.8558
          ],
          [
            -176.5079,
            52.5256
          ],
          [
            -176.5679,
            52.2254
          ],
          [
            -176.5977,
            52.0753
          ],
          [
            -176.6274,
            51.9252
          ],
          [
            -176.6805,
            51.655
          ],
          [
            -176.7216,
            51.4448
          ],
          [
            -176.7566,
            51.2646
          ],
          [
            -176.8146,
            50.9643
          ],
          [
            -176.8492,
            50.7841
          ],
          [
            -176.8779,
            50.6339
          ],
          [
            -176.952,
            50.2435
          ],
          [
            -177.0029,
            49.9731
          ],
          [
            -177.0814,
            49.5526
          ],
          [
            -177.1591,
            49.132
          ],
          [
            -177.2306,
            48.7413
          ],
          [
            -177.3123,
            48.2906
          ],
          [
            -177.3878,
            47.8698
          ],
          [
            -177.4573,
            47.4791
          ],
          [
            -177.5315,
            47.0582
          ],
          [
            -177.5841,
            46.7576
          ],
          [
            -177.6155,
            46.5772
          ],
          [
            -177.6935,
            46.1262
          ],
          [
            -177.7451,
            45.8255
          ],
          [
            -177.7913,
            45.5548
          ],
          [
            -177.8576,
            45.1638
          ],
          [
            -177.9133,
            44.833
          ],
          [
            -177.9536,
            44.5923
          ],
          [
            -178.0237,
            44.1712
          ],
          [
            -178.0486,
            44.0207
          ],
          [
            -178.0982,
            43.7199
          ],
          [
            -178.1377,
            43.4791
          ],
          [
            -178.2211,
            42.9676
          ],
          [
            -178.2601,
            42.7268
          ],
          [
            -178.3086,
            42.4258
          ],
          [
            -178.3569,
            42.1248
          ],
          [
            -178.3857,
            41.9442
          ],
          [
            -178.4193,
            41.7335
          ],
          [
            -178.4718,
            41.4024
          ],
          [
            -178.5335,
            41.011
          ],
          [
            -178.576,
            40.74
          ],
          [
            -178.6277,
            40.4087
          ],
          [
            -178.6698,
            40.1377
          ],
          [
            -178.7257,
            39.7763
          ],
          [
            -178.809,
            39.2341
          ],
          [
            -178.855,
            38.9329
          ],
          [
            -178.9008,
            38.6316
          ],
          [
            -178.9737,
            38.1495
          ],
          [
            -179.0371,
            37.7277
          ],
          [
            -179.145,
            37.0044
          ],
          [
            -179.2297,
            36.4316
          ],
          [
            -179.305,
            35.9192
          ],
          [
            -179.393,
            35.3161
          ],
          [
            -179.4891,
            34.6527
          ],
          [
            -179.5888,
            33.959
          ],
          [
            -179.6663,
            33.416
          ],
          [
            -179.7391,
            32.9031
          ],
          [
            -179.8285,
            32.2694
          ],
          [
            -179.8878,
            31.8469
          ],
          [
            -179.93,
            31.545
          ]
        ]
      }
    },
    {
      "type": "Feature",
      "properties": {
        "product_id": "R_0767702_001_SS19_700_A",
        "instrument": "SHARAD_HIGHRES",
        "dat_file": "r_0767702_001_ss19_700_a.dat",
        "lbl_file": "r_0767702_001_ss19_700_a.lbl"
      },
      "geometry": {
        "type": "LineString",
        "coordinates": [
          [
            -173.6278,
            59.6458
          ],
          [
            -173.6968,
            59.3761
          ],
          [
            -173.7499,
            59.1663
          ],
          [
            -173.78,
            59.0464
          ],
          [
            -173.8175,
            58.8965
          ],
          [
            -173.8696,
            58.6866
          ],
          [
            -173.936,
            58.4165
          ],
          [
            -173.9944,
            58.1766
          ],
          [
            -174.0234,
            58.0566
          ],
          [
            -174.081,
            57.8167
          ],
          [
            -174.1096,
            57.6968
          ],
          [
            -174.1735,
            57.4268
          ],
          [
            -174.2017,
            57.3068
          ],
          [
            -174.2647,
            57.0369
          ],
          [
            -174.2925,
            56.9169
          ],
          [
            -174.3615,
            56.6168
          ],
          [
            -174.3957,
            56.4668
          ],
          [
            -174.4501,
            56.2268
          ],
          [
            -174.4906,
            56.0467
          ],
          [
            -174.5509,
            55.7766
          ],
          [
            -174.5775,
            55.6566
          ],
          [
            -174.6304,
            55.4165
          ],
          [
            -174.6633,
            55.2664
          ],
          [
            -174.696,
            55.1163
          ],
          [
            -174.748,
            54.8761
          ],
          [
            -174.7996,
            54.636
          ],
          [
            -174.8636,
            54.3357
          ],
          [
            -174.908,
            54.1255
          ],
          [
            -174.9835,
            53.7652
          ],
          [
            -175.0334,
            53.5249
          ],
          [
            -175.0644,
            53.3747
          ],
          [
            -175.1321,
            53.0443
          ],
          [
            -175.1992,
            52.7139
          ],
          [
            -175.2355,
            52.5336
          ],
          [
            -175.3136,
            52.143
          ],
          [
            -175.3731,
            51.8426
          ],
          [
            -175.4321,
            51.5421
          ],
          [
            -175.4673,
            51.3617
          ],
          [
            -175.5023,
            51.1814
          ],
          [
            -175.5603,
            50.8808
          ],
          [
            -175.6236,
            50.5502
          ],
          [
            -175.7147,
            50.0692
          ],
          [
            -175.7655,
            49.7986
          ],
          [
            -175.8159,
            49.528
          ],
          [
            -175.8827,
            49.1671
          ],
          [
            -175.9544,
            48.7761
          ],
          [
            -176.0309,
            48.355
          ],
          [
            -176.1228,
            47.8436
          ],
          [
            -176.1764,
            47.5428
          ],
          [
            -176.2084,
            47.3622
          ],
          [
            -176.2931,
            46.8808
          ],
          [
            -176.3299,
            46.6701
          ],
          [
            -176.3926,
            46.309
          ],
          [
            -176.4755,
            45.8274
          ],
          [
            -176.5474,
            45.4059
          ],
          [
            -176.6339,
            44.8941
          ],
          [
            -176.6693,
            44.6833
          ],
          [
            -176.7196,
            44.3822
          ],
          [
            -176.7846,
            43.9907
          ],
          [
            -176.8689,
            43.4786
          ],
          [
            -176.9034,
            43.2678
          ],
          [
            -176.972,
            42.846
          ],
          [
            -177.0304,
            42.4845
          ],
          [
            -177.1126,
            41.9722
          ],
          [
            -177.1606,
            41.6709
          ],
          [
            -177.2084,
            41.3695
          ],
          [
            -177.2844,
            40.8872
          ],
          [
            -177.3316,
            40.5858
          ],
          [
            -177.3786,
            40.2843
          ],
          [
            -177.4487,
            39.832
          ],
          [
            -177.5137,
            39.4099
          ],
          [
            -177.5553,
            39.1384
          ],
          [
            -177.6105,
            38.7765
          ],
          [
            -177.6928,
            38.2336
          ],
          [
            -177.7745,
            37.6906
          ],
          [
            -177.8646,
            37.0871
          ],
          [
            -177.9451,
            36.5439
          ],
          [
            -178.0162,
            36.061
          ],
          [
            -178.1089,
            35.4271
          ],
          [
            -178.1922,
            34.8534
          ],
          [
            -178.2923,
            34.1589
          ],
          [
            -178.3658,
            33.6454
          ],
          [
            -178.4432,
            33.1017
          ],
          [
            -178.5372,
            32.437
          ],
          [
            -178.6221,
            31.8327
          ],
          [
            -178.6981,
            31.2887
          ],
          [
            -178.803,
            30.533
          ],
          [
            -178.9017,
            29.817
          ]
        ]
      }
    },
    {
      "type": "Feature",
      "properties": {
        "product_id": "R_0774301_001_SS19_700_A",
        "instrument": "SHARAD_HIGHRES",
        "dat_file": "r_0774301_001_ss19_700_a.dat",
        "lbl_file": "r_0774301_001_ss19_700_a.lbl"
      },
      "geometry": {
        "type": "LineString",
        "coordinates": [
          [
            179.9352,
            37.1701
          ],
          [
            179.8681,
            36.7174
          ],
          [
            179.8058,
            36.2948
          ],
          [
            179.7394,
            35.842
          ],
          [
            179.6602,
            35.2986
          ],
          [
            179.5815,
            34.755
          ],
          [
            179.5076,
            34.2416
          ],
          [
            179.4557,
            33.8792
          ],
          [
            179.3868,
            33.3959
          ],
          [
            179.3097,
            32.852
          ],
          [
            179.2203,
            32.2175
          ],
          [
            179.161,
            31.7944
          ],
          [
            179.1188,
            31.4921
          ],
          [
            179.018,
            30.7667
          ],
          [
            178.947,
            30.2527
          ],
          [
            -175.8642,
            59.5817
          ],
          [
            -175.9024,
            59.4318
          ],
          [
            -175.9404,
            59.2819
          ],
          [
            -175.9857,
            59.102
          ],
          [
            -176.053,
            58.8321
          ],
          [
            -176.1196,
            58.5623
          ],
          [
            -176.1783,
            58.322
          ],
          [
            -176.2074,
            58.2021
          ],
          [
            -176.2508,
            58.0221
          ],
          [
            -176.3225,
            57.7222
          ],
          [
            -176.3722,
            57.5122
          ],
          [
            -176.4145,
            57.3322
          ],
          [
            -176.4635,
            57.1222
          ],
          [
            -176.5052,
            56.9421
          ],
          [
            -176.581,
            56.6121
          ],
          [
            -176.6559,
            56.282
          ],
          [
            -176.6964,
            56.1019
          ],
          [
            -176.75,
            55.8618
          ],
          [
            -176.7833,
            55.7117
          ],
          [
            -176.856,
            55.3815
          ],
          [
            -176.8953,
            55.2013
          ],
          [
            -176.9603,
            54.9011
          ],
          [
            -177.0247,
            54.6008
          ],
          [
            -177.0694,
            54.3906
          ],
          [
            -177.1454,
            54.0302
          ],
          [
            -177.2143,
            53.6998
          ],
          [
            -177.2702,
            53.4295
          ],
          [
            -177.3195,
            53.1892
          ],
          [
            -177.3989,
            52.7986
          ],
          [
            -177.4594,
            52.4981
          ],
          [
            -177.5134,
            52.2277
          ],
          [
            -177.5907,
            51.837
          ],
          [
            -177.6496,
            51.5364
          ],
          [
            -177.6964,
            51.296
          ],
          [
            -177.7313,
            51.1156
          ],
          [
            -177.7891,
            50.815
          ],
          [
            -177.835,
            50.5745
          ],
          [
            -177.9204,
            50.1235
          ],
          [
            -177.9824,
            49.7927
          ],
          [
            -178.0439,
            49.4619
          ],
          [
            -178.0994,
            49.1611
          ],
          [
            -178.1655,
            48.8001
          ],
          [
            -178.2038,
            48.5896
          ],
          [
            -178.269,
            48.2286
          ],
          [
            -178.323,
            47.9277
          ],
          [
            -178.3552,
            47.7472
          ],
          [
            -178.4086,
            47.4462
          ],
          [
            -178.4775,
            47.055
          ],
          [
            -178.5406,
            46.6938
          ],
          [
            -178.5824,
            46.4531
          ],
          [
            -178.6344,
            46.152
          ],
          [
            -178.6706,
            45.9413
          ],
          [
            -178.7323,
            45.58
          ],
          [
            -178.7885,
            45.2488
          ],
          [
            -178.8595,
            44.8272
          ],
          [
            -178.9199,
            44.4658
          ],
          [
            -178.9849,
            44.0743
          ],
          [
            -179.0445,
            43.7128
          ],
          [
            -179.1037,
            43.3513
          ],
          [
            -179.1967,
            42.7789
          ],
          [
            -179.2453,
            42.4775
          ],
          [
            -179.3081,
            42.0858
          ],
          [
            -179.3944,
            41.5433
          ],
          [
            -179.461,
            41.1212
          ],
          [
            -179.5036,
            40.8499
          ],
          [
            -179.5742,
            40.3977
          ],
          [
            -179.635,
            40.0057
          ],
          [
            -179.7186,
            39.4629
          ],
          [
            -179.774,
            39.101
          ],
          [
            -179.8474,
            38.6183
          ],
          [
            -179.9385,
            38.015
          ]
        ]
      }
    },
    {
      "type": "Feature",
      "properties": {
        "product_id": "R_0782202_001_SS19_700_A",
        "instrument": "SHARAD_HIGHRES",
        "dat_file": "r_0782202_001_ss19_700_a.dat",
        "lbl_file": "r_0782202_001_ss19_700_a.lbl"
      },
      "geometry": {
        "type": "LineString",
        "coordinates": [
          [
            -173.0132,
            59.6528
          ],
          [
            -173.0746,
            59.4129
          ],
          [
            -173.1354,
            59.1729
          ],
          [
            -173.1656,
            59.053
          ],
          [
            -173.2106,
            58.873
          ],
          [
            -173.2404,
            58.753
          ],
          [
            -173.2775,
            58.603
          ],
          [
            -173.3291,
            58.3927
          ],
          [
            -173.3875,
            58.1526
          ],
          [
            -173.4165,
            58.0326
          ],
          [
            -173.4741,
            57.7925
          ],
          [
            -173.5027,
            57.6725
          ],
          [
            -173.5666,
            57.4024
          ],
          [
            -173.5948,
            57.2823
          ],
          [
            -173.6578,
            57.0121
          ],
          [
            -173.7064,
            56.802
          ],
          [
            -173.7546,
            56.5919
          ],
          [
            -173.782,
            56.4718
          ],
          [
            -173.85,
            56.1715
          ],
          [
            -173.9106,
            55.9013
          ],
          [
            -173.9839,
            55.5709
          ],
          [
            -174.063,
            55.2105
          ],
          [
            -174.1022,
            55.0303
          ],
          [
            -174.1541,
            54.79
          ],
          [
            -174.1992,
            54.5797
          ],
          [
            -174.244,
            54.3694
          ],
          [
            -174.3138,
            54.0389
          ],
          [
            -174.3516,
            53.8586
          ],
          [
            -174.4079,
            53.5881
          ],
          [
            -174.4761,
            53.2575
          ],
          [
            -174.5253,
            53.0171
          ],
          [
            -174.5863,
            52.7165
          ],
          [
            -174.6287,
            52.5061
          ],
          [
            -174.6888,
            52.2055
          ],
          [
            -174.7247,
            52.0251
          ],
          [
            -174.7781,
            51.7545
          ],
          [
            -174.8253,
            51.5139
          ],
          [
            -174.8605,
            51.3335
          ],
          [
            -174.8955,
            51.1531
          ],
          [
            -174.9593,
            50.8222
          ],
          [
            -174.9996,
            50.6117
          ],
          [
            -175.0397,
            50.4011
          ],
          [
            -175.1136,
            50.0101
          ],
          [
            -175.1924,
            49.5889
          ],
          [
            -175.2315,
            49.3783
          ],
          [
            -175.287,
            49.0774
          ],
          [
            -175.3641,
            48.6561
          ],
          [
            -175.4513,
            48.1745
          ],
          [
            -175.5107,
            47.8434
          ],
          [
            -175.575,
            47.4822
          ],
          [
            -175.6123,
            47.2715
          ],
          [
            -175.66,
            47.0005
          ],
          [
            -175.6969,
            46.7897
          ],
          [
            -175.7389,
            46.5488
          ],
          [
            -175.7963,
            46.2176
          ],
          [
            -175.8688,
            45.796
          ],
          [
            -175.9407,
            45.3743
          ],
          [
            -175.9866,
            45.1032
          ],
          [
            -176.0272,
            44.8622
          ],
          [
            -176.0727,
            44.591
          ],
          [
            -176.1079,
            44.3801
          ],
          [
            -176.1829,
            43.9282
          ],
          [
            -176.2573,
            43.4761
          ],
          [
            -176.3409,
            42.9638
          ],
          [
            -176.4092,
            42.5418
          ],
          [
            -176.4915,
            42.0293
          ],
          [
            -176.5396,
            41.7278
          ],
          [
            -176.597,
            41.3659
          ],
          [
            -176.6825,
            40.8231
          ],
          [
            -176.7626,
            40.3104
          ],
          [
            -176.8421,
            39.7976
          ],
          [
            -176.921,
            39.2847
          ],
          [
            -177.0085,
            38.7114
          ],
          [
            -177.0771,
            38.2588
          ],
          [
            -177.1634,
            37.6853
          ],
          [
            -177.2715,
            36.9608
          ],
          [
            -177.3341,
            36.5382
          ],
          [
            -177.4318,
            35.8739
          ],
          [
            -177.5463,
            35.0886
          ],
          [
            -177.5944,
            34.7564
          ],
          [
            -177.6858,
            34.122
          ],
          [
            -177.755,
            33.6385
          ],
          [
            -177.841,
            33.0342
          ],
          [
            -177.8966,
            32.6413
          ],
          [
            -177.952,
            32.2483
          ],
          [
            -178.0368,
            31.6437
          ],
          [
            -178.1253,
            31.0088
          ],
          [
            -178.2091,
            30.404
          ],
          [
            -178.2912,
            29.8081
          ]
        ]
      }
    },
    {
      "type": "Feature",
      "properties": {
        "product_id": "R_1237101_001_SS19_700_A",
        "instrument": "SHARAD_HIGHRES",
        "dat_file": "r_1237101_001_ss19_700_a.dat",
        "lbl_file": "r_1237101_001_ss19_700_a.lbl"
      },
      "geometry": {
        "type": "LineString",
        "coordinates": [
          [
            -173.9635,
            59.6914
          ],
          [
            -173.9864,
            59.6016
          ],
          [
            -174.0393,
            59.3919
          ],
          [
            -174.0843,
            59.2121
          ],
          [
            -174.129,
            59.0323
          ],
          [
            -174.1586,
            58.9124
          ],
          [
            -174.2174,
            58.6727
          ],
          [
            -174.2902,
            58.3727
          ],
          [
            -174.3406,
            58.1629
          ],
          [
            -174.3692,
            58.043
          ],
          [
            -174.419,
            57.8331
          ],
          [
            -174.4684,
            57.6233
          ],
          [
            -174.5174,
            57.4134
          ],
          [
            -174.5522,
            57.2635
          ],
          [
            -174.5868,
            57.1136
          ],
          [
            -174.6212,
            56.9636
          ],
          [
            -174.6486,
            56.8437
          ],
          [
            -174.7098,
            56.5738
          ],
          [
            -174.757,
            56.3639
          ],
          [
            -174.8106,
            56.1239
          ],
          [
            -174.8571,
            55.9139
          ],
          [
            -174.8967,
            55.7339
          ],
          [
            -174.9426,
            55.5239
          ],
          [
            -175.0141,
            55.1939
          ],
          [
            -175.0592,
            54.9839
          ],
          [
            -175.1104,
            54.7438
          ],
          [
            -175.1612,
            54.5037
          ],
          [
            -175.2116,
            54.2637
          ],
          [
            -175.2492,
            54.0836
          ],
          [
            -175.3299,
            53.6934
          ],
          [
            -175.373,
            53.4832
          ],
          [
            -175.4219,
            53.2431
          ],
          [
            -175.4886,
            52.9128
          ],
          [
            -175.5427,
            52.6426
          ],
          [
            -175.5726,
            52.4924
          ],
          [
            -175.6438,
            52.1321
          ],
          [
            -175.7202,
            51.7416
          ],
          [
            -175.79,
            51.3812
          ],
          [
            -175.8706,
            50.9606
          ],
          [
            -175.939,
            50.6001
          ],
          [
            -175.9786,
            50.3898
          ],
          [
            -176.0124,
            50.2095
          ],
          [
            -176.0684,
            49.909
          ],
          [
            -176.1018,
            49.7287
          ],
          [
            -176.1461,
            49.4882
          ],
          [
            -176.2121,
            49.1275
          ],
          [
            -176.2558,
            48.8871
          ],
          [
            -176.2884,
            48.7067
          ],
          [
            -176.3586,
            48.3159
          ],
          [
            -176.4015,
            48.0754
          ],
          [
            -176.4495,
            47.8047
          ],
          [
            -176.5236,
            47.3838
          ],
          [
            -176.5866,
            47.0229
          ],
          [
            -176.6283,
            46.7823
          ],
          [
            -176.6802,
            46.4815
          ],
          [
            -176.7523,
            46.0603
          ],
          [
            -176.8238,
            45.6391
          ],
          [
            -176.8644,
            45.3984
          ],
          [
            -176.94,
            44.9471
          ],
          [
            -177.0349,
            44.3752
          ],
          [
            -177.0795,
            44.1044
          ],
          [
            -177.1288,
            43.8033
          ],
          [
            -177.1925,
            43.412
          ],
          [
            -177.28,
            42.8701
          ],
          [
            -177.3427,
            42.4786
          ],
          [
            -177.3763,
            42.2678
          ],
          [
            -177.4669,
            41.6956
          ],
          [
            -177.5614,
            41.0931
          ],
          [
            -177.6457,
            40.5509
          ],
          [
            -177.7108,
            40.129
          ],
          [
            -177.8031,
            39.5263
          ],
          [
            -177.8855,
            38.9838
          ],
          [
            -177.9537,
            38.5317
          ],
          [
            -177.9899,
            38.2905
          ],
          [
            -178.0799,
            37.6875
          ],
          [
            -178.1514,
            37.205
          ],
          [
            -178.2313,
            36.6622
          ],
          [
            -178.3151,
            36.0891
          ],
          [
            -178.3983,
            35.5159
          ],
          [
            -178.4853,
            34.9124
          ],
          [
            -178.576,
            34.2787
          ],
          [
            -178.6147,
            34.007
          ],
          [
            -178.6832,
            33.5241
          ],
          [
            -178.7853,
            32.7995
          ],
          [
            -178.8445,
            32.3767
          ],
          [
            -178.9622,
            31.5311
          ],
          [
            -179.0332,
            31.0176
          ],
          [
            -179.108,
            30.4738
          ],
          [
            -179.1965,
            29.8269
          ]
        ]
      }
    },
    {
      "type": "Feature",
      "properties": {
        "product_id": "R_1251601_001_SS19_700_A",
        "instrument": "SHARAD_HIGHRES",
        "dat_file": "r_1251601_001_ss19_700_a.dat",
        "lbl_file": "r_1251601_001_ss19_700_a.lbl"
      },
      "geometry": {
        "type": "LineString",
        "coordinates": [
          [
            -172.8677,
            59.6211
          ],
          [
            -172.9283,
            59.3813
          ],
          [
            -172.9883,
            59.1415
          ],
          [
            -173.0255,
            58.9916
          ],
          [
            -173.0919,
            58.7217
          ],
          [
            -173.1504,
            58.4815
          ],
          [
            -173.2011,
            58.2716
          ],
          [
            -173.2728,
            57.9717
          ],
          [
            -173.3296,
            57.7317
          ],
          [
            -173.3578,
            57.6117
          ],
          [
            -173.4208,
            57.3417
          ],
          [
            -173.4486,
            57.2217
          ],
          [
            -173.5176,
            56.9217
          ],
          [
            -173.5723,
            56.6817
          ],
          [
            -173.613,
            56.5016
          ],
          [
            -173.6467,
            56.3516
          ],
          [
            -173.707,
            56.0815
          ],
          [
            -173.7535,
            55.8714
          ],
          [
            -173.7931,
            55.6913
          ],
          [
            -173.839,
            55.4811
          ],
          [
            -173.9234,
            55.0909
          ],
          [
            -174.0004,
            54.7306
          ],
          [
            -174.0639,
            54.4303
          ],
          [
            -174.108,
            54.2201
          ],
          [
            -174.1518,
            54.0098
          ],
          [
            -174.2263,
            53.6494
          ],
          [
            -174.2571,
            53.4992
          ],
          [
            -174.3122,
            53.2289
          ],
          [
            -174.385,
            52.8684
          ],
          [
            -174.469,
            52.4477
          ],
          [
            -174.5284,
            52.1472
          ],
          [
            -174.5697,
            51.9369
          ],
          [
            -174.6341,
            51.6063
          ],
          [
            -174.6748,
            51.3959
          ],
          [
            -174.7095,
            51.2155
          ],
          [
            -174.7498,
            51.0051
          ],
          [
            -174.7956,
            50.7646
          ],
          [
            -174.8411,
            50.5241
          ],
          [
            -174.8976,
            50.2234
          ],
          [
            -174.9704,
            49.8325
          ],
          [
            -175.0315,
            49.5017
          ],
          [
            -175.0976,
            49.1408
          ],
          [
            -175.174,
            48.7197
          ],
          [
            -175.2551,
            48.2684
          ],
          [
            -175.298,
            48.0277
          ],
          [
            -175.346,
            47.7569
          ],
          [
            -175.4201,
            47.3356
          ],
          [
            -175.4674,
            47.0648
          ],
          [
            -175.504,
            46.8541
          ],
          [
            -175.5819,
            46.4026
          ],
          [
            -175.6591,
            45.9511
          ],
          [
            -175.7051,
            45.6801
          ],
          [
            -175.7407,
            45.4693
          ],
          [
            -175.8165,
            45.0177
          ],
          [
            -175.8717,
            44.6864
          ],
          [
            -175.9166,
            44.4154
          ],
          [
            -175.986,
            43.9937
          ],
          [
            -176.0696,
            43.4816
          ],
          [
            -176.1573,
            42.9393
          ],
          [
            -176.2105,
            42.6078
          ],
          [
            -176.2586,
            42.3065
          ],
          [
            -176.3017,
            42.0352
          ],
          [
            -176.3826,
            41.5228
          ],
          [
            -176.4534,
            41.0707
          ],
          [
            -176.5004,
            40.7692
          ],
          [
            -176.5518,
            40.4375
          ],
          [
            -176.64,
            39.8646
          ],
          [
            -176.7183,
            39.3519
          ],
          [
            -176.7869,
            38.8994
          ],
          [
            -176.8732,
            38.3263
          ],
          [
            -176.9813,
            37.6021
          ],
          [
            -177.0305,
            37.2702
          ],
          [
            -177.115,
            36.6967
          ],
          [
            -177.1945,
            36.1534
          ],
          [
            -177.2866,
            35.5194
          ],
          [
            -177.365,
            34.9759
          ],
          [
            -177.417,
            34.6135
          ],
          [
            -177.4688,
            34.251
          ],
          [
            -177.5461,
            33.7073
          ],
          [
            -177.64,
            33.0426
          ],
          [
            -177.7248,
            32.4383
          ],
          [
            -177.8217,
            31.7432
          ],
          [
            -177.9096,
            31.1084
          ],
          [
            -178.0053,
            30.413
          ],
          [
            -178.0908,
            29.7876
          ]
        ]
      }
    },
    {
      "type": "Feature",
      "properties": {
        "product_id": "R_1308301_001_SS19_700_A",
        "instrument": "SHARAD_HIGHRES",
        "dat_file": "r_1308301_001_ss19_700_a.dat",
        "lbl_file": "r_1308301_001_ss19_700_a.lbl"
      },
      "geometry": {
        "type": "LineString",
        "coordinates": [
          [
            -166.1758,
            74.9932
          ],
          [
            -166.2429,
            74.9045
          ],
          [
            -166.3093,
            74.8157
          ],
          [
            -166.3532,
            74.7566
          ],
          [
            -166.4185,
            74.6678
          ],
          [
            -166.4831,
            74.579
          ],
          [
            -166.5259,
            74.5198
          ],
          [
            -166.6105,
            74.4014
          ],
          [
            -166.6524,
            74.3422
          ],
          [
            -166.694,
            74.283
          ],
          [
            -166.7559,
            74.1941
          ],
          [
            -166.7969,
            74.1349
          ],
          [
            -166.878,
            74.0164
          ],
          [
            -166.9581,
            73.8978
          ],
          [
            -167.0177,
            73.8086
          ],
          [
            -167.096,
            73.6901
          ],
          [
            -167.1348,
            73.6308
          ],
          [
            -167.1734,
            73.5715
          ],
          [
            -167.2498,
            73.4529
          ],
          [
            -167.3065,
            73.3639
          ],
          [
            -167.344,
            73.3046
          ],
          [
            -167.3998,
            73.2156
          ],
          [
            -167.4552,
            73.1265
          ],
          [
            -167.5282,
            73.0079
          ],
          [
            -167.5644,
            72.9485
          ],
          [
            -167.6183,
            72.8595
          ],
          [
            -167.654,
            72.8001
          ],
          [
            -167.7247,
            72.6813
          ],
          [
            -167.7946,
            72.5626
          ],
          [
            -167.8637,
            72.4438
          ],
          [
            -167.915,
            72.3547
          ],
          [
            -167.9828,
            72.2359
          ],
          [
            -168.0164,
            72.1764
          ],
          [
            -168.0498,
            72.117
          ],
          [
            -168.116,
            71.9982
          ],
          [
            -168.1653,
            71.909
          ],
          [
            -168.2303,
            71.7901
          ],
          [
            -168.2786,
            71.7009
          ],
          [
            -168.3265,
            71.6118
          ],
          [
            -168.3898,
            71.4928
          ],
          [
            -168.4212,
            71.4334
          ],
          [
            -168.4524,
            71.3739
          ],
          [
            -168.4835,
            71.3144
          ],
          [
            -168.5298,
            71.2252
          ],
          [
            -168.5909,
            71.1062
          ],
          [
            -168.6515,
            70.9872
          ],
          [
            -168.7114,
            70.8682
          ],
          [
            -168.756,
            70.7789
          ],
          [
            -168.8295,
            70.6301
          ],
          [
            -168.8732,
            70.5408
          ],
          [
            -168.9309,
            70.4218
          ],
          [
            -169.0023,
            70.2729
          ],
          [
            -169.0447,
            70.1836
          ],
          [
            -169.0868,
            70.0943
          ],
          [
            -169.1563,
            69.9454
          ],
          [
            -169.1976,
            69.856
          ],
          [
            -169.2386,
            69.7667
          ],
          [
            -169.2929,
            69.6475
          ],
          [
            -169.36,
            69.4985
          ],
          [
            -169.3999,
            69.4092
          ],
          [
            -169.4395,
            69.3198
          ],
          [
            -169.4919,
            69.2006
          ],
          [
            -169.5309,
            69.1112
          ],
          [
            -169.5825,
            68.9919
          ],
          [
            -169.6209,
            68.9025
          ],
          [
            -169.6717,
            68.7833
          ],
          [
            -169.7346,
            68.6342
          ],
          [
            -169.772,
            68.5448
          ],
          [
            -169.8215,
            68.4255
          ],
          [
            -169.8461,
            68.3658
          ],
          [
            -169.9071,
            68.2167
          ],
          [
            -169.9434,
            68.1273
          ],
          [
            -169.9795,
            68.0378
          ],
          [
            -170.0034,
            67.9781
          ],
          [
            -170.0628,
            67.829
          ],
          [
            -170.1216,
            67.6798
          ],
          [
            -170.1682,
            67.5604
          ],
          [
            -170.2029,
            67.4709
          ],
          [
            -170.2488,
            67.3516
          ],
          [
            -170.2944,
            67.2322
          ],
          [
            -170.3509,
            67.0829
          ],
          [
            -170.4068,
            66.9337
          ],
          [
            -170.4401,
            66.8441
          ],
          [
            -170.4842,
            66.7247
          ],
          [
            -170.5497,
            66.5456
          ],
          [
            -170.593,
            66.4262
          ],
          [
            -170.6252,
            66.3366
          ],
          [
            -170.6785,
            66.1873
          ],
          [
            -170.7314,
            66.0379
          ],
          [
            -170.7733,
            65.9184
          ],
          [
            -170.8253,
            65.7691
          ],
          [
            -170.8973,
            65.56
          ],
          [
            -170.9482,
            65.4106
          ],
          [
            -170.9785,
            65.321
          ],
          [
            -171.0286,
            65.1716
          ],
          [
            -171.0685,
            65.052
          ],
          [
            -171.1179,
            64.9026
          ],
          [
            -171.1669,
            64.7532
          ],
          [
            -171.2348,
            64.5439
          ],
          [
            -171.2828,
            64.3945
          ],
          [
            -171.3399,
            64.2151
          ],
          [
            -171.4245,
            63.946
          ],
          [
            -171.4617,
            63.8264
          ],
          [
            -171.5079,
            63.6769
          ],
          [
            -171.5537,
            63.5273
          ],
          [
            -171.5901,
            63.4077
          ],
          [
            -171.6442,
            63.2283
          ],
          [
            -171.6801,
            63.1086
          ],
          [
            -171.7246,
            62.959
          ],
          [
            -171.7687,
            62.8095
          ],
          [
            -171.8126,
            62.6599
          ],
          [
            -171.8561,
            62.5103
          ],
          [
            -171.8907,
            62.3906
          ],
          [
            -171.9422,
            62.211
          ],
          [
            -172.0186,
            61.9417
          ],
          [
            -172.0857,
            61.7023
          ],
          [
            -172.1603,
            61.4329
          ],
          [
            -172.2095,
            61.2533
          ],
          [
            -172.2421,
            61.1335
          ],
          [
            -172.2826,
            60.9838
          ],
          [
            -172.3148,
            60.8641
          ],
          [
            -172.3707,
            60.6545
          ],
          [
            -172.4576,
            60.3251
          ],
          [
            -172.5355,
            60.0256
          ],
          [
            -172.5664,
            59.9058
          ],
          [
            -172.6277,
            59.6661
          ],
          [
            -172.6657,
            59.5163
          ],
          [
            -172.711,
            59.3366
          ],
          [
            -172.756,
            59.1568
          ],
          [
            -172.7858,
            59.037
          ],
          [
            -172.8376,
            58.8273
          ],
          [
            -172.889,
            58.6175
          ],
          [
            -172.9327,
            58.4377
          ],
          [
            -172.9689,
            58.2879
          ],
          [
            -172.9977,
            58.168
          ],
          [
            -173.0478,
            57.9582
          ],
          [
            -173.0975,
            57.7484
          ],
          [
            -173.1398,
            57.5685
          ],
          [
            -173.1888,
            57.3587
          ],
          [
            -173.2305,
            57.1788
          ],
          [
            -173.2994,
            56.879
          ],
          [
            -173.3472,
            56.6691
          ],
          [
            -173.4014,
            56.4292
          ],
          [
            -173.4752,
            56.0993
          ],
          [
            -173.5151,
            55.9193
          ],
          [
            -173.5745,
            55.6494
          ],
          [
            -173.6073,
            55.4994
          ],
          [
            -173.6659,
            55.2294
          ],
          [
            -173.7304,
            54.9294
          ],
          [
            -173.7943,
            54.6294
          ],
          [
            -173.8387,
            54.4193
          ],
          [
            -173.8765,
            54.2393
          ],
          [
            -173.9016,
            54.1193
          ],
          [
            -173.9515,
            53.8792
          ],
          [
            -173.9887,
            53.6991
          ],
          [
            -174.038,
            53.459
          ],
          [
            -174.1052,
            53.1288
          ],
          [
            -174.1537,
            52.8887
          ],
          [
            -174.1838,
            52.7386
          ],
          [
            -174.2258,
            52.5284
          ],
          [
            -174.2794,
            52.2582
          ],
          [
            -174.3444,
            51.9279
          ],
          [
            -174.3913,
            51.6877
          ],
          [
            -174.4379,
            51.4474
          ],
          [
            -174.4842,
            51.2071
          ],
          [
            -174.5245,
            50.9969
          ],
          [
            -174.6101,
            50.5463
          ],
          [
            -174.6835,
            50.1558
          ],
          [
            -174.7395,
            49.8553
          ],
          [
            -174.7729,
            49.6751
          ],
          [
            -174.8172,
            49.4347
          ],
          [
            -174.8832,
            49.0741
          ],
          [
            -174.916,
            48.8937
          ],
          [
            -174.992,
            48.473
          ],
          [
            -175.0351,
            48.2325
          ],
          [
            -175.0833,
            47.962
          ],
          [
            -175.1153,
            47.7816
          ],
          [
            -175.1683,
            47.481
          ],
          [
            -175.2,
            47.3006
          ],
          [
            -175.2525,
            46.9999
          ],
          [
            -175.341,
            46.4887
          ],
          [
            -175.4029,
            46.1278
          ],
          [
            -175.4797,
            45.6766
          ],
          [
            -175.5457,
            45.2856
          ],
          [
            -175.6112,
            44.8945
          ],
          [
            -175.6862,
            44.4432
          ],
          [
            -175.721,
            44.2326
          ],
          [
            -175.7951,
            43.7812
          ],
          [
            -175.8735,
            43.2996
          ],
          [
            -175.9076,
            43.0889
          ],
          [
            -175.9706,
            42.6976
          ],
          [
            -176.0715,
            42.0654
          ],
          [
            -176.1477,
            41.5837
          ],
          [
            -176.2139,
            41.1621
          ],
          [
            -176.2937,
            40.6501
          ],
          [
            -176.3357,
            40.379
          ],
          [
            -176.3868,
            40.0477
          ],
          [
            -176.4745,
            39.4753
          ],
          [
            -176.5478,
            38.9932
          ],
          [
            -176.607,
            38.6014
          ],
          [
            -176.6478,
            38.3302
          ],
          [
            -176.7514,
            37.637
          ],
          [
            -176.814,
            37.215
          ],
          [
            -176.8674,
            36.8532
          ],
          [
            -176.9117,
            36.5517
          ],
          [
            -177.0174,
            35.828
          ],
          [
            -177.083,
            35.3756
          ],
          [
            -177.1526,
            34.893
          ],
          [
            -177.2563,
            34.169
          ],
          [
            -177.3378,
            33.5957
          ],
          [
            -177.3933,
            33.2034
          ],
          [
            -177.4358,
            32.9016
          ],
          [
            -177.5205,
            32.2979
          ],
          [
            -177.6424,
            31.4224
          ],
          [
            -177.6842,
            31.1205
          ],
          [
            -177.7342,
            30.7581
          ],
          [
            -177.8006,
            30.2749
          ],
          [
            -177.8744,
            29.7351
          ]
        ]
      }
    },
    {
      "type": "Feature",
      "properties": {
        "instrument": "SHARAD_HIGHRES",
        "product_id": "R_1332001_001_SS19_700_A",
        "dat_file": "r_1332001_001_ss19_700_a.dat",
        "lbl_file": "r_1332001_001_ss19_700_a.lbl"
      },
      "geometry": {
        "type": "LineString",
        "coordinates": [
          [
            -163.2487,
            59.6562
          ],
          [
            -163.2946,
            59.4764
          ],
          [
            -163.3401,
            59.2965
          ],
          [
            -163.3853,
            59.1167
          ],
          [
            -163.4227,
            58.9668
          ],
          [
            -163.4895,
            58.697
          ],
          [
            -163.5263,
            58.5471
          ],
          [
            -163.5848,
            58.3069
          ],
          [
            -163.621,
            58.157
          ],
          [
            -163.6786,
            57.917
          ],
          [
            -163.7143,
            57.7671
          ],
          [
            -163.7569,
            57.5871
          ],
          [
            -163.7992,
            57.4072
          ],
          [
            -163.8552,
            57.1672
          ],
          [
            -163.9107,
            56.9272
          ],
          [
            -163.952,
            56.7472
          ],
          [
            -163.9999,
            56.5372
          ],
          [
            -164.0271,
            56.4172
          ],
          [
            -164.0744,
            56.2071
          ],
          [
            -164.1147,
            56.0271
          ],
          [
            -164.1481,
            55.877
          ],
          [
            -164.221,
            55.5469
          ],
          [
            -164.2996,
            55.1867
          ],
          [
            -164.3321,
            55.0366
          ],
          [
            -164.3966,
            54.7364
          ],
          [
            -164.4414,
            54.5262
          ],
          [
            -164.4732,
            54.3761
          ],
          [
            -164.5364,
            54.0758
          ],
          [
            -164.6177,
            53.6854
          ],
          [
            -164.6919,
            53.325
          ],
          [
            -164.7226,
            53.1748
          ],
          [
            -164.7775,
            52.9044
          ],
          [
            -164.838,
            52.604
          ],
          [
            -164.904,
            52.2735
          ],
          [
            -164.9516,
            52.0331
          ],
          [
            -165.0048,
            51.7627
          ],
          [
            -165.0459,
            51.5523
          ],
          [
            -165.0926,
            51.3119
          ],
          [
            -165.1621,
            50.9512
          ],
          [
            -165.2138,
            50.6807
          ],
          [
            -165.2822,
            50.3199
          ],
          [
            -165.3105,
            50.1696
          ],
          [
            -165.3556,
            49.929
          ],
          [
            -165.4116,
            49.6284
          ],
          [
            -165.4727,
            49.2976
          ],
          [
            -165.5608,
            48.8164
          ],
          [
            -165.6479,
            48.3351
          ],
          [
            -165.7126,
            47.9741
          ],
          [
            -165.7608,
            47.7033
          ],
          [
            -165.7981,
            47.4927
          ],
          [
            -165.8722,
            47.0714
          ],
          [
            -165.9665,
            46.5297
          ],
          [
            -165.9977,
            46.3491
          ],
          [
            -166.0546,
            46.018
          ],
          [
            -166.1265,
            45.5965
          ],
          [
            -166.1775,
            45.2954
          ],
          [
            -166.213,
            45.0847
          ],
          [
            -166.2484,
            44.8739
          ],
          [
            -166.2987,
            44.5728
          ],
          [
            -166.3786,
            44.0909
          ],
          [
            -166.4578,
            43.609
          ],
          [
            -166.5559,
            43.0064
          ],
          [
            -166.6288,
            42.5545
          ],
          [
            -166.6771,
            42.2532
          ],
          [
            -166.7491,
            41.8011
          ],
          [
            -166.7873,
            41.56
          ],
          [
            -166.8727,
            41.0174
          ],
          [
            -166.9527,
            40.5049
          ],
          [
            -167.0088,
            40.1431
          ],
          [
            -167.0646,
            39.7812
          ],
          [
            -167.1155,
            39.4495
          ],
          [
            -167.212,
            38.8161
          ],
          [
            -167.2986,
            38.243
          ],
          [
            -167.371,
            37.7602
          ],
          [
            -167.4519,
            37.2171
          ],
          [
            -167.5456,
            36.5833
          ],
          [
            -167.6165,
            36.1003
          ],
          [
            -167.6562,
            35.8286
          ],
          [
            -167.7133,
            35.4361
          ],
          [
            -167.7876,
            34.9228
          ],
          [
            -167.8788,
            34.2886
          ],
          [
            -167.9263,
            33.9563
          ],
          [
            -167.9994,
            33.4428
          ],
          [
            -168.0721,
            32.9292
          ],
          [
            -168.1529,
            32.355
          ],
          [
            -168.2543,
            31.6297
          ],
          [
            -168.3299,
            31.0855
          ],
          [
            -168.4301,
            30.3599
          ],
          [
            -168.4841,
            29.9668
          ],
          [
            -168.5034,
            29.8253
          ]
        ]
      }
    },
    {
      "type": "Feature",
      "properties": {
        "product_id": "R_1392701_001_SS19_700_A",
        "instrument": "SHARAD_HIGHRES",
        "dat_file": "r_1392701_001_ss19_700_a.dat",
        "lbl_file": "r_1392701_001_ss19_700_a.lbl"
      },
      "geometry": {
        "type": "LineString",
        "coordinates": [
          [
            179.9157,
            34.5025
          ],
          [
            179.8083,
            33.7484
          ],
          [
            179.7145,
            33.0846
          ],
          [
            179.6678,
            32.7527
          ],
          [
            179.6213,
            32.4207
          ],
          [
            179.5455,
            31.8774
          ],
          [
            179.4952,
            31.5152
          ],
          [
            179.4284,
            31.0322
          ],
          [
            179.3536,
            30.4887
          ],
          [
            179.2998,
            30.0961
          ],
          [
            -169.1235,
            74.9238
          ],
          [
            -169.1899,
            74.8351
          ],
          [
            -169.2556,
            74.7464
          ],
          [
            -169.299,
            74.6872
          ],
          [
            -169.3422,
            74.628
          ],
          [
            -169.385,
            74.5689
          ],
          [
            -169.4276,
            74.5097
          ],
          [
            -169.4699,
            74.4505
          ],
          [
            -169.5328,
            74.3617
          ],
          [
            -169.5951,
            74.2729
          ],
          [
            -169.6568,
            74.1841
          ],
          [
            -169.6976,
            74.1249
          ],
          [
            -169.7583,
            74.036
          ],
          [
            -169.8184,
            73.9471
          ],
          [
            -169.8979,
            73.8284
          ],
          [
            -169.9567,
            73.7395
          ],
          [
            -169.9956,
            73.6802
          ],
          [
            -170.0535,
            73.5913
          ],
          [
            -170.0918,
            73.532
          ],
          [
            -170.1488,
            73.4431
          ],
          [
            -170.224,
            73.3245
          ],
          [
            -170.2983,
            73.2059
          ],
          [
            -170.3351,
            73.1465
          ],
          [
            -170.3899,
            73.0576
          ],
          [
            -170.4443,
            72.9686
          ],
          [
            -170.4981,
            72.8796
          ],
          [
            -170.5338,
            72.8202
          ],
          [
            -170.5692,
            72.7609
          ],
          [
            -170.622,
            72.6718
          ],
          [
            -170.6569,
            72.6125
          ],
          [
            -170.7089,
            72.5234
          ],
          [
            -170.7605,
            72.4343
          ],
          [
            -170.7776,
            72.4047
          ],
          [
            -170.8286,
            72.3156
          ],
          [
            -170.8959,
            72.1968
          ],
          [
            -170.9293,
            72.1374
          ],
          [
            -170.9955,
            72.0186
          ],
          [
            -171.0447,
            71.9295
          ],
          [
            -171.0935,
            71.8403
          ],
          [
            -171.1419,
            71.7512
          ],
          [
            -171.2217,
            71.6026
          ],
          [
            -171.2533,
            71.5432
          ],
          [
            -171.316,
            71.4243
          ],
          [
            -171.3781,
            71.3054
          ],
          [
            -171.4243,
            71.2162
          ],
          [
            -171.5004,
            71.0675
          ],
          [
            -171.5456,
            70.9783
          ],
          [
            -171.6053,
            70.8593
          ],
          [
            -171.6497,
            70.7701
          ],
          [
            -171.7084,
            70.6511
          ],
          [
            -171.7665,
            70.5321
          ],
          [
            -171.7954,
            70.4725
          ],
          [
            -171.8384,
            70.3833
          ],
          [
            -171.8952,
            70.2642
          ],
          [
            -171.9375,
            70.1749
          ],
          [
            -171.9934,
            70.0559
          ],
          [
            -172.0625,
            69.907
          ],
          [
            -172.1036,
            69.8177
          ],
          [
            -172.1444,
            69.7284
          ],
          [
            -172.1849,
            69.639
          ],
          [
            -172.2251,
            69.5497
          ],
          [
            -172.2783,
            69.4306
          ],
          [
            -172.3179,
            69.3412
          ],
          [
            -172.3703,
            69.2221
          ],
          [
            -172.4222,
            69.1029
          ],
          [
            -172.4608,
            69.0135
          ],
          [
            -172.5373,
            68.8347
          ],
          [
            -172.5877,
            68.7155
          ],
          [
            -172.6377,
            68.5963
          ],
          [
            -172.7119,
            68.4175
          ],
          [
            -172.7608,
            68.2982
          ],
          [
            -172.8214,
            68.1491
          ],
          [
            -172.8694,
            68.0299
          ],
          [
            -172.917,
            67.9106
          ],
          [
            -172.9877,
            67.7317
          ],
          [
            -173.0227,
            67.6422
          ],
          [
            -173.0806,
            67.4931
          ],
          [
            -173.1151,
            67.4036
          ],
          [
            -173.1834,
            67.2246
          ],
          [
            -173.2509,
            67.0456
          ],
          [
            -173.3065,
            66.8964
          ],
          [
            -173.3507,
            66.777
          ],
          [
            -173.3836,
            66.6875
          ],
          [
            -173.4488,
            66.5084
          ],
          [
            -173.4811,
            66.4188
          ],
          [
            -173.5346,
            66.2696
          ],
          [
            -173.5876,
            66.1203
          ],
          [
            -173.6401,
            65.971
          ],
          [
            -173.6921,
            65.8217
          ],
          [
            -173.7334,
            65.7023
          ],
          [
            -173.7744,
            65.5828
          ],
          [
            -173.8151,
            65.4634
          ],
          [
            -173.8555,
            65.3439
          ],
          [
            -173.9156,
            65.1647
          ],
          [
            -173.9948,
            64.9257
          ],
          [
            -174.0437,
            64.7763
          ],
          [
            -174.0826,
            64.6568
          ],
          [
            -174.1308,
            64.5074
          ],
          [
            -174.1786,
            64.358
          ],
          [
            -174.2071,
            64.2683
          ],
          [
            -174.2448,
            64.1488
          ],
          [
            -174.2824,
            64.0292
          ],
          [
            -174.3197,
            63.9096
          ],
          [
            -174.3752,
            63.7303
          ],
          [
            -174.4119,
            63.6107
          ],
          [
            -174.4665,
            63.4313
          ],
          [
            -174.5206,
            63.2519
          ],
          [
            -174.5475,
            63.1622
          ],
          [
            -174.6009,
            62.9828
          ],
          [
            -174.6538,
            62.8034
          ],
          [
            -174.6888,
            62.6838
          ],
          [
            -174.7582,
            62.4445
          ],
          [
            -174.8268,
            62.2052
          ],
          [
            -174.8946,
            61.9658
          ],
          [
            -174.9533,
            61.7564
          ],
          [
            -175.0114,
            61.547
          ],
          [
            -175.0608,
            61.3674
          ],
          [
            -175.1341,
            61.0981
          ],
          [
            -175.1664,
            60.9784
          ],
          [
            -175.2145,
            60.7988
          ],
          [
            -175.2543,
            60.6491
          ],
          [
            -175.3096,
            60.4396
          ],
          [
            -175.3722,
            60.2001
          ],
          [
            -175.4187,
            60.0204
          ],
          [
            -175.4572,
            59.8707
          ],
          [
            -175.5031,
            59.6911
          ],
          [
            -175.5259,
            59.6012
          ],
          [
            -175.5788,
            59.3916
          ],
          [
            -175.6163,
            59.2419
          ],
          [
            -175.6536,
            59.0921
          ],
          [
            -175.698,
            58.9124
          ],
          [
            -175.7568,
            58.6728
          ],
          [
            -175.786,
            58.5529
          ],
          [
            -175.8295,
            58.3732
          ],
          [
            -175.8799,
            58.1635
          ],
          [
            -175.9085,
            58.0436
          ],
          [
            -175.9512,
            57.8638
          ],
          [
            -176.0006,
            57.6541
          ],
          [
            -176.0636,
            57.3844
          ],
          [
            -176.1122,
            57.1746
          ],
          [
            -176.1398,
            57.0547
          ],
          [
            -176.1878,
            56.8449
          ],
          [
            -176.2082,
            56.755
          ],
          [
            -176.249,
            56.5751
          ],
          [
            -176.2962,
            56.3653
          ],
          [
            -176.3364,
            56.1854
          ],
          [
            -176.3697,
            56.0355
          ],
          [
            -176.4424,
            55.7056
          ],
          [
            -176.5208,
            55.3458
          ],
          [
            -176.5661,
            55.1359
          ],
          [
            -176.6047,
            54.9559
          ],
          [
            -176.6367,
            54.806
          ],
          [
            -176.6749,
            54.626
          ],
          [
            -176.7255,
            54.386
          ],
          [
            -176.7632,
            54.206
          ],
          [
            -176.8007,
            54.026
          ],
          [
            -176.8689,
            53.696
          ],
          [
            -176.9181,
            53.456
          ],
          [
            -176.9852,
            53.1259
          ],
          [
            -177.0336,
            52.8858
          ],
          [
            -177.0576,
            52.7658
          ],
          [
            -177.0996,
            52.5557
          ],
          [
            -177.1413,
            52.3456
          ],
          [
            -177.2122,
            51.9853
          ],
          [
            -177.2766,
            51.6551
          ],
          [
            -177.3173,
            51.445
          ],
          [
            -177.352,
            51.2648
          ],
          [
            -177.4266,
            50.8745
          ],
          [
            -177.4665,
            50.6643
          ],
          [
            -177.5231,
            50.3639
          ],
          [
            -177.6128,
            49.8834
          ],
          [
            -177.6628,
            49.6131
          ],
          [
            -177.7509,
            49.1324
          ],
          [
            -177.8109,
            48.8019
          ],
          [
            -177.892,
            48.3512
          ],
          [
            -177.9563,
            47.9906
          ],
          [
            -178.0518,
            47.4496
          ],
          [
            -178.1253,
            47.0288
          ],
          [
            -178.1982,
            46.6079
          ],
          [
            -178.2756,
            46.1569
          ],
          [
            -178.3166,
            45.9164
          ],
          [
            -178.3574,
            45.6758
          ],
          [
            -178.4233,
            45.2849
          ],
          [
            -178.4887,
            44.8939
          ],
          [
            -178.5437,
            44.563
          ],
          [
            -178.5785,
            44.3524
          ],
          [
            -178.6625,
            43.841
          ],
          [
            -178.736,
            43.3897
          ],
          [
            -178.8186,
            42.8781
          ],
          [
            -178.8813,
            42.4869
          ],
          [
            -178.9722,
            41.915
          ],
          [
            -179.0481,
            41.4333
          ],
          [
            -179.1375,
            40.8613
          ],
          [
            -179.2122,
            40.3795
          ],
          [
            -179.3002,
            39.8072
          ],
          [
            -179.36,
            39.4157
          ],
          [
            -179.4377,
            38.9036
          ],
          [
            -179.5239,
            38.3311
          ],
          [
            -179.5735,
            37.9997
          ],
          [
            -179.6676,
            37.3668
          ],
          [
            -179.7077,
            37.0956
          ],
          [
            -179.7698,
            36.6736
          ],
          [
            -179.8271,
            36.2817
          ],
          [
            -179.8799,
            35.9199
          ],
          [
            -179.9193,
            35.6485
          ]
        ]
      }
    },
    {
      "type": "Feature",
      "properties": {
        "instrument": "SHARAD_HIGHRES",
        "product_id": "R_1723601_001_SS19_700_A",
        "dat_file": "r_1723601_001_ss19_700_a.dat",
        "lbl_file": "r_1723601_001_ss19_700_a.lbl"
      },
      "geometry": {
        "type": "LineString",
        "coordinates": [
          [
            -153.1427,
            59.652
          ],
          [
            -153.2039,
            59.4125
          ],
          [
            -153.2795,
            59.1131
          ],
          [
            -153.317,
            58.9633
          ],
          [
            -153.3765,
            58.7238
          ],
          [
            -153.4134,
            58.5741
          ],
          [
            -153.4428,
            58.454
          ],
          [
            -153.5084,
            58.1844
          ],
          [
            -153.5301,
            58.0946
          ],
          [
            -153.5948,
            57.825
          ],
          [
            -153.6588,
            57.5554
          ],
          [
            -153.6941,
            57.4056
          ],
          [
            -153.7292,
            57.2558
          ],
          [
            -153.7711,
            57.076
          ],
          [
            -153.8058,
            56.9262
          ],
          [
            -153.8472,
            56.7464
          ],
          [
            -153.9224,
            56.4167
          ],
          [
            -153.99,
            56.117
          ],
          [
            -154.0503,
            55.8472
          ],
          [
            -154.0968,
            55.6374
          ],
          [
            -154.1364,
            55.4575
          ],
          [
            -154.1823,
            55.2476
          ],
          [
            -154.2344,
            55.0078
          ],
          [
            -154.2603,
            54.8878
          ],
          [
            -154.2861,
            54.7679
          ],
          [
            -154.3374,
            54.528
          ],
          [
            -154.4073,
            54.1981
          ],
          [
            -154.464,
            53.9281
          ],
          [
            -154.5202,
            53.6581
          ],
          [
            -154.5698,
            53.4182
          ],
          [
            -154.6252,
            53.1481
          ],
          [
            -154.6923,
            52.8181
          ],
          [
            -154.7226,
            52.6681
          ],
          [
            -154.7888,
            52.338
          ],
          [
            -154.8306,
            52.1279
          ],
          [
            -154.8781,
            51.8878
          ],
          [
            -154.9194,
            51.6777
          ],
          [
            -154.9663,
            51.4376
          ],
          [
            -154.9955,
            51.2875
          ],
          [
            -155.0593,
            50.9572
          ],
          [
            -155.0996,
            50.7471
          ],
          [
            -155.1397,
            50.5369
          ],
          [
            -155.2136,
            50.1465
          ],
          [
            -155.2812,
            49.7862
          ],
          [
            -155.3315,
            49.5158
          ],
          [
            -155.3704,
            49.3056
          ],
          [
            -155.4036,
            49.1254
          ],
          [
            -155.4641,
            48.7949
          ],
          [
            -155.535,
            48.4044
          ],
          [
            -155.6268,
            47.8936
          ],
          [
            -155.6963,
            47.5029
          ],
          [
            -155.7705,
            47.0821
          ],
          [
            -155.8126,
            46.8417
          ],
          [
            -155.8545,
            46.6012
          ],
          [
            -155.9325,
            46.1502
          ],
          [
            -155.9841,
            45.8496
          ],
          [
            -156.0303,
            45.579
          ],
          [
            -156.1169,
            45.0678
          ],
          [
            -156.1926,
            44.6166
          ],
          [
            -156.2627,
            44.1955
          ],
          [
            -156.3471,
            43.6841
          ],
          [
            -156.416,
            43.2629
          ],
          [
            -156.4552,
            43.0221
          ],
          [
            -156.5088,
            42.6911
          ],
          [
            -156.5814,
            42.2397
          ],
          [
            -156.6726,
            41.6678
          ],
          [
            -156.7677,
            41.0657
          ],
          [
            -156.8055,
            40.8248
          ],
          [
            -156.8713,
            40.4032
          ],
          [
            -156.946,
            39.9214
          ],
          [
            -157.0248,
            39.4093
          ],
          [
            -157.1076,
            38.8671
          ],
          [
            -157.1579,
            38.5357
          ],
          [
            -157.2533,
            37.9029
          ],
          [
            -157.3479,
            37.27
          ],
          [
            -157.4373,
            36.6671
          ],
          [
            -157.5216,
            36.0943
          ],
          [
            -157.6141,
            35.4611
          ],
          [
            -157.6972,
            34.8881
          ],
          [
            -157.7841,
            34.2848
          ],
          [
            -157.879,
            33.6211
          ],
          [
            -157.969,
            32.9874
          ],
          [
            -158.0584,
            32.3536
          ],
          [
            -158.1641,
            31.5989
          ],
          [
            -158.2481,
            30.995
          ],
          [
            -158.3358,
            30.3609
          ],
          [
            -158.4122,
            29.8048
          ]
        ]
      }
    },
    {
      "type": "Feature",
      "properties": {
        "product_id": "R_2177201_001_SS19_700_A",
        "instrument": "SHARAD_HIGHRES",
        "dat_file": "r_2177201_001_ss19_700_a.dat",
        "lbl_file": "r_2177201_001_ss19_700_a.lbl"
      },
      "geometry": {
        "type": "LineString",
        "coordinates": [
          [
            -153.208,
            59.9078
          ],
          [
            -153.2546,
            59.7281
          ],
          [
            -153.3085,
            59.5184
          ],
          [
            -153.3695,
            59.2784
          ],
          [
            -153.4149,
            59.0986
          ],
          [
            -153.4599,
            58.9188
          ],
          [
            -153.4898,
            58.7989
          ],
          [
            -153.5269,
            58.649
          ],
          [
            -153.5858,
            58.4093
          ],
          [
            -153.615,
            58.2894
          ],
          [
            -153.6514,
            58.1395
          ],
          [
            -153.702,
            57.9297
          ],
          [
            -153.7735,
            57.6299
          ],
          [
            -153.8161,
            57.45
          ],
          [
            -153.8654,
            57.2401
          ],
          [
            -153.9352,
            56.9402
          ],
          [
            -153.9836,
            56.7303
          ],
          [
            -154.0248,
            56.5503
          ],
          [
            -154.1064,
            56.1904
          ],
          [
            -154.1603,
            55.9504
          ],
          [
            -154.2004,
            55.7704
          ],
          [
            -154.2469,
            55.5604
          ],
          [
            -154.2865,
            55.3803
          ],
          [
            -154.3585,
            55.0503
          ],
          [
            -154.4039,
            54.8402
          ],
          [
            -154.4426,
            54.6601
          ],
          [
            -154.5193,
            54.3
          ],
          [
            -154.5637,
            54.0898
          ],
          [
            -154.6015,
            53.9097
          ],
          [
            -154.6765,
            53.5495
          ],
          [
            -154.7322,
            53.2793
          ],
          [
            -154.7691,
            53.0991
          ],
          [
            -154.8302,
            52.7988
          ],
          [
            -154.8968,
            52.4685
          ],
          [
            -154.9568,
            52.1681
          ],
          [
            -154.9985,
            51.9579
          ],
          [
            -155.0459,
            51.7176
          ],
          [
            -155.0871,
            51.5073
          ],
          [
            -155.1164,
            51.3571
          ],
          [
            -155.1688,
            51.0867
          ],
          [
            -155.2324,
            50.7561
          ],
          [
            -155.2669,
            50.5758
          ],
          [
            -155.3183,
            50.3054
          ],
          [
            -155.3637,
            50.065
          ],
          [
            -155.4032,
            49.8546
          ],
          [
            -155.4425,
            49.6442
          ],
          [
            -155.4983,
            49.3436
          ],
          [
            -155.5482,
            49.073
          ],
          [
            -155.6197,
            48.6822
          ],
          [
            -155.6525,
            48.5018
          ],
          [
            -155.696,
            48.2612
          ],
          [
            -155.7716,
            47.8402
          ],
          [
            -155.8305,
            47.5094
          ],
          [
            -155.9207,
            46.998
          ],
          [
            -155.9995,
            46.5468
          ],
          [
            -156.036,
            46.3362
          ],
          [
            -156.0931,
            46.0052
          ],
          [
            -156.1806,
            45.4936
          ],
          [
            -156.2672,
            44.982
          ],
          [
            -156.353,
            44.4703
          ],
          [
            -156.433,
            43.9886
          ],
          [
            -156.4975,
            43.5972
          ],
          [
            -156.5419,
            43.3262
          ],
          [
            -156.6203,
            42.8443
          ],
          [
            -156.6544,
            42.6335
          ],
          [
            -156.7319,
            42.1516
          ],
          [
            -156.8088,
            41.6696
          ],
          [
            -156.8613,
            41.3382
          ],
          [
            -156.9088,
            41.0369
          ],
          [
            -156.9655,
            40.6753
          ],
          [
            -157.0547,
            40.1026
          ],
          [
            -157.1106,
            39.741
          ],
          [
            -157.157,
            39.4395
          ],
          [
            -157.2446,
            38.8667
          ],
          [
            -157.3178,
            38.3843
          ],
          [
            -157.3724,
            38.0224
          ],
          [
            -157.4177,
            37.7208
          ],
          [
            -157.4943,
            37.208
          ],
          [
            -157.5704,
            36.6952
          ],
          [
            -157.6593,
            36.0918
          ],
          [
            -157.6991,
            35.8202
          ],
          [
            -157.7827,
            35.2468
          ],
          [
            -157.8483,
            34.7941
          ],
          [
            -157.8962,
            34.462
          ],
          [
            -157.9569,
            34.0393
          ],
          [
            -158.0302,
            33.5261
          ],
          [
            -158.116,
            32.9221
          ],
          [
            -158.2267,
            32.1368
          ],
          [
            -158.2944,
            31.6534
          ],
          [
            -158.3744,
            31.0793
          ],
          [
            -158.4623,
            30.4447
          ],
          [
            -158.5123,
            30.082
          ],
          [
            -158.5691,
            29.6682
          ]
        ]
      }
    },
    {
      "type": "Feature",
      "properties": {
        "instrument": "SHARAD_HIGHRES",
        "product_id": "R_5488301_001_SS19_700_A",
        "dat_file": "r_5488301_001_ss19_700_a.dat",
        "lbl_file": "r_5488301_001_ss19_700_a.lbl"
      },
      "geometry": {
        "type": "LineString",
        "coordinates": [
          [
            -153.3501,
            59.6707
          ],
          [
            -153.3886,
            59.521
          ],
          [
            -153.4268,
            59.3713
          ],
          [
            -153.4799,
            59.1616
          ],
          [
            -153.5475,
            58.8921
          ],
          [
            -153.6144,
            58.6225
          ],
          [
            -153.6586,
            58.4427
          ],
          [
            -153.6952,
            58.2929
          ],
          [
            -153.7533,
            58.0532
          ],
          [
            -153.8109,
            57.8135
          ],
          [
            -153.868,
            57.5738
          ],
          [
            -153.9316,
            57.304
          ],
          [
            -153.9946,
            57.0343
          ],
          [
            -154.0293,
            56.8844
          ],
          [
            -154.0914,
            56.6146
          ],
          [
            -154.1256,
            56.4647
          ],
          [
            -154.18,
            56.2248
          ],
          [
            -154.2205,
            56.0449
          ],
          [
            -154.2674,
            55.835
          ],
          [
            -154.3273,
            55.565
          ],
          [
            -154.3735,
            55.3551
          ],
          [
            -154.4259,
            55.1151
          ],
          [
            -154.4844,
            54.8451
          ],
          [
            -154.5552,
            54.5151
          ],
          [
            -154.6316,
            54.1551
          ],
          [
            -154.7009,
            53.825
          ],
          [
            -154.7571,
            53.5549
          ],
          [
            -154.8005,
            53.3448
          ],
          [
            -154.8559,
            53.0746
          ],
          [
            -154.9048,
            52.8344
          ],
          [
            -154.9775,
            52.4742
          ],
          [
            -155.0495,
            52.1139
          ],
          [
            -155.0971,
            51.8736
          ],
          [
            -155.1385,
            51.6634
          ],
          [
            -155.2206,
            51.2429
          ],
          [
            -155.2729,
            50.9726
          ],
          [
            -155.3478,
            50.582
          ],
          [
            -155.4163,
            50.2215
          ],
          [
            -155.4943,
            49.8068
          ],
          [
            -155.528,
            49.6265
          ],
          [
            -155.5671,
            49.4161
          ],
          [
            -155.6171,
            49.1456
          ],
          [
            -155.6667,
            48.8751
          ],
          [
            -155.7216,
            48.5744
          ],
          [
            -155.7815,
            48.2437
          ],
          [
            -155.8517,
            47.8528
          ],
          [
            -155.8946,
            47.6123
          ],
          [
            -155.9373,
            47.3717
          ],
          [
            -156.0062,
            46.9807
          ],
          [
            -156.085,
            46.5295
          ],
          [
            -156.1579,
            46.1083
          ],
          [
            -156.2096,
            45.8074
          ],
          [
            -156.2661,
            45.4764
          ],
          [
            -156.3426,
            45.0249
          ],
          [
            -156.4033,
            44.6637
          ],
          [
            -156.4536,
            44.3627
          ],
          [
            -156.5086,
            44.0316
          ],
          [
            -156.588,
            43.5498
          ],
          [
            -156.6373,
            43.2487
          ],
          [
            -156.701,
            42.8572
          ],
          [
            -156.7788,
            42.3753
          ],
          [
            -156.8416,
            41.9836
          ],
          [
            -156.8992,
            41.6221
          ],
          [
            -156.9802,
            41.1099
          ],
          [
            -157.0559,
            40.6277
          ],
          [
            -157.1076,
            40.2961
          ],
          [
            -157.1777,
            39.844
          ],
          [
            -157.2427,
            39.4219
          ],
          [
            -157.3165,
            38.9395
          ],
          [
            -157.3807,
            38.5173
          ],
          [
            -157.4627,
            37.9744
          ],
          [
            -157.4899,
            37.7934
          ],
          [
            -157.5576,
            37.3409
          ],
          [
            -157.6294,
            36.8581
          ],
          [
            -157.6963,
            36.4055
          ],
          [
            -157.7717,
            35.8924
          ],
          [
            -157.8246,
            35.5302
          ],
          [
            -157.8861,
            35.1075
          ],
          [
            -157.956,
            34.6244
          ],
          [
            -158.0125,
            34.2319
          ],
          [
            -158.0774,
            33.7788
          ],
          [
            -158.1377,
            33.356
          ],
          [
            -158.202,
            32.9028
          ],
          [
            -158.266,
            32.4496
          ],
          [
            -158.3424,
            31.9057
          ],
          [
            -158.41,
            31.4221
          ],
          [
            -158.5024,
            30.7571
          ],
          [
            -158.5484,
            30.4245
          ],
          [
            -158.6026,
            30.0314
          ],
          [
            -158.6856,
            29.4266
          ],
          [
            -158.7558,
            28.9124
          ],
          [
            -158.8175,
            28.4586
          ],
          [
            -158.8994,
            27.8534
          ],
          [
            -158.9565,
            27.4298
          ],
          [
            -159.0418,
            26.7942
          ],
          [
            -159.0944,
            26.4006
          ],
          [
            -159.2112,
            25.5226
          ],
          [
            -159.3193,
            24.7048
          ],
          [
            -159.3791,
            24.2505
          ],
          [
            -159.4546,
            23.6748
          ],
          [
            -159.514,
            23.2203
          ],
          [
            -159.5693,
            22.796
          ],
          [
            -159.6677,
            22.0382
          ],
          [
            -159.7774,
            21.1892
          ],
          [
            -159.8827,
            20.3704
          ],
          [
            -159.941,
            19.9154
          ],
          [
            -160.0224,
            19.2782
          ],
          [
            -160.0997,
            18.6713
          ],
          [
            -160.2114,
            17.7911
          ],
          [
            -160.269,
            17.3357
          ],
          [
            -160.4068,
            16.2425
          ],
          [
            -160.5592,
            15.0274
          ],
          [
            -160.6693,
            14.1461
          ],
          [
            -160.7488,
            13.5078
          ],
          [
            -160.8772,
            12.4741
          ],
          [
            -160.9864,
            11.5921
          ],
          [
            -161.0916,
            10.7403
          ],
          [
            -161.2602,
            9.3708
          ],
          [
            -161.4507,
            7.818
          ],
          [
            -161.663,
            6.0817
          ],
          [
            -161.8711,
            4.3748
          ],
          [
            -162.1456,
            2.1179
          ],
          [
            -162.3957,
            0.0582
          ]
        ]
      }
    },
    {
      "type": "Feature",
      "properties": {
        "product_id": "R_5489701_001_SS19_700_A",
        "instrument": "SHARAD_HIGHRES",
        "dat_file": "r_5489701_001_ss19_700_a.dat",
        "lbl_file": "r_5489701_001_ss19_700_a.lbl"
      },
      "geometry": {
        "type": "LineString",
        "coordinates": [
          [
            179.964,
            35.732
          ],
          [
            179.8896,
            35.2186
          ],
          [
            179.833,
            34.826
          ],
          [
            179.7853,
            34.4938
          ],
          [
            179.7421,
            34.1917
          ],
          [
            179.6561,
            33.5875
          ],
          [
            179.5749,
            33.0134
          ],
          [
            179.5366,
            32.7414
          ],
          [
            179.4561,
            32.1671
          ],
          [
            179.4097,
            31.8346
          ],
          [
            179.3341,
            31.2905
          ],
          [
            179.2339,
            30.5648
          ],
          [
            -169.3733,
            74.7038
          ],
          [
            -169.4384,
            74.615
          ],
          [
            -169.4814,
            74.5558
          ],
          [
            -169.5454,
            74.4671
          ],
          [
            -169.6088,
            74.3783
          ],
          [
            -169.6715,
            74.2895
          ],
          [
            -169.7542,
            74.171
          ],
          [
            -169.7952,
            74.1118
          ],
          [
            -169.8359,
            74.0526
          ],
          [
            -169.9165,
            73.9341
          ],
          [
            -169.9564,
            73.8748
          ],
          [
            -170.0158,
            73.7859
          ],
          [
            -170.0551,
            73.7267
          ],
          [
            -170.1136,
            73.6377
          ],
          [
            -170.1523,
            73.5785
          ],
          [
            -170.2099,
            73.4895
          ],
          [
            -170.248,
            73.4302
          ],
          [
            -170.3047,
            73.3413
          ],
          [
            -170.3609,
            73.2523
          ],
          [
            -170.3981,
            73.193
          ],
          [
            -170.4718,
            73.0743
          ],
          [
            -170.4901,
            73.0447
          ],
          [
            -170.5627,
            72.926
          ],
          [
            -170.6166,
            72.837
          ],
          [
            -170.6701,
            72.7479
          ],
          [
            -170.7406,
            72.6292
          ],
          [
            -170.7756,
            72.5698
          ],
          [
            -170.8449,
            72.451
          ],
          [
            -170.8793,
            72.3917
          ],
          [
            -170.9305,
            72.3026
          ],
          [
            -170.9981,
            72.1838
          ],
          [
            -171.0316,
            72.1244
          ],
          [
            -171.0981,
            72.0055
          ],
          [
            -171.1475,
            71.9164
          ],
          [
            -171.1965,
            71.8272
          ],
          [
            -171.2612,
            71.7084
          ],
          [
            -171.3252,
            71.5895
          ],
          [
            -171.3885,
            71.4705
          ],
          [
            -171.4512,
            71.3516
          ],
          [
            -171.5132,
            71.2327
          ],
          [
            -171.5593,
            71.1435
          ],
          [
            -171.6202,
            71.0245
          ],
          [
            -171.6504,
            70.965
          ],
          [
            -171.7103,
            70.846
          ],
          [
            -171.7697,
            70.727
          ],
          [
            -171.8139,
            70.6377
          ],
          [
            -171.8577,
            70.5484
          ],
          [
            -171.9012,
            70.4591
          ],
          [
            -171.9587,
            70.3401
          ],
          [
            -172.0439,
            70.1615
          ],
          [
            -172.1,
            70.0424
          ],
          [
            -172.1556,
            69.9233
          ],
          [
            -172.1832,
            69.8637
          ],
          [
            -172.238,
            69.7446
          ],
          [
            -172.3058,
            69.5956
          ],
          [
            -172.3728,
            69.4467
          ],
          [
            -172.3994,
            69.3871
          ],
          [
            -172.4522,
            69.2679
          ],
          [
            -172.4915,
            69.1785
          ],
          [
            -172.5435,
            69.0593
          ],
          [
            -172.5693,
            68.9997
          ],
          [
            -172.6206,
            68.8805
          ],
          [
            -172.6588,
            68.7911
          ],
          [
            -172.7093,
            68.6718
          ],
          [
            -172.7594,
            68.5526
          ],
          [
            -172.8214,
            68.4035
          ],
          [
            -172.8583,
            68.314
          ],
          [
            -172.9071,
            68.1947
          ],
          [
            -172.9434,
            68.1053
          ],
          [
            -173.0035,
            67.9561
          ],
          [
            -173.0273,
            67.8965
          ],
          [
            -173.0629,
            67.807
          ],
          [
            -173.1218,
            67.6578
          ],
          [
            -173.1568,
            67.5683
          ],
          [
            -173.2032,
            67.4489
          ],
          [
            -173.2377,
            67.3594
          ],
          [
            -173.2948,
            67.2102
          ],
          [
            -173.3401,
            67.0908
          ],
          [
            -173.3738,
            67.0013
          ],
          [
            -173.4073,
            66.9117
          ],
          [
            -173.4738,
            66.7326
          ],
          [
            -173.5177,
            66.6132
          ],
          [
            -173.5504,
            66.5236
          ],
          [
            -173.6045,
            66.3743
          ],
          [
            -173.6367,
            66.2847
          ],
          [
            -173.6581,
            66.225
          ],
          [
            -173.7112,
            66.0756
          ],
          [
            -173.7638,
            65.9263
          ],
          [
            -173.7951,
            65.8367
          ],
          [
            -173.847,
            65.6873
          ],
          [
            -173.8779,
            65.5977
          ],
          [
            -173.929,
            65.4483
          ],
          [
            -173.9595,
            65.3586
          ],
          [
            -173.9898,
            65.269
          ],
          [
            -174.0499,
            65.0897
          ],
          [
            -174.1193,
            64.8805
          ],
          [
            -174.1781,
            64.7011
          ],
          [
            -174.2363,
            64.5218
          ],
          [
            -174.2844,
            64.3723
          ],
          [
            -174.3605,
            64.1331
          ],
          [
            -174.4356,
            63.8938
          ],
          [
            -174.4913,
            63.7144
          ],
          [
            -174.5373,
            63.5649
          ],
          [
            -174.5739,
            63.4452
          ],
          [
            -174.6193,
            63.2956
          ],
          [
            -174.6643,
            63.1461
          ],
          [
            -174.7001,
            63.0264
          ],
          [
            -174.7622,
            62.8169
          ],
          [
            -174.7974,
            62.6973
          ],
          [
            -174.8411,
            62.5476
          ],
          [
            -174.8931,
            62.3681
          ],
          [
            -174.9275,
            62.2484
          ],
          [
            -174.9958,
            62.0089
          ],
          [
            -175.0296,
            61.8892
          ],
          [
            -175.0716,
            61.7395
          ],
          [
            -175.1134,
            61.5898
          ],
          [
            -175.1383,
            61.5
          ],
          [
            -175.2042,
            61.2604
          ],
          [
            -175.245,
            61.1107
          ],
          [
            -175.3017,
            60.9011
          ],
          [
            -175.3818,
            60.6016
          ],
          [
            -175.4451,
            60.362
          ],
          [
            -175.4765,
            60.2421
          ],
          [
            -175.5311,
            60.0324
          ],
          [
            -175.6082,
            59.7328
          ],
          [
            -175.6388,
            59.613
          ],
          [
            -175.6844,
            59.4332
          ],
          [
            -175.7146,
            59.3133
          ],
          [
            -175.7746,
            59.0735
          ],
          [
            -175.8414,
            58.8038
          ],
          [
            -175.9148,
            58.504
          ],
          [
            -175.9729,
            58.2642
          ],
          [
            -176.0233,
            58.0543
          ],
          [
            -176.0733,
            57.8444
          ],
          [
            -176.1017,
            57.7245
          ],
          [
            -176.1511,
            57.5146
          ],
          [
            -176.221,
            57.2147
          ],
          [
            -176.2626,
            57.0347
          ],
          [
            -176.3039,
            56.8547
          ],
          [
            -176.3722,
            56.5548
          ],
          [
            -176.4263,
            56.3148
          ],
          [
            -176.4532,
            56.1947
          ],
          [
            -176.5266,
            55.8647
          ],
          [
            -176.6123,
            55.4746
          ],
          [
            -176.6645,
            55.2345
          ],
          [
            -176.7356,
            54.9043
          ],
          [
            -176.8187,
            54.5141
          ],
          [
            -176.9008,
            54.1238
          ],
          [
            -176.9695,
            53.7935
          ],
          [
            -177.0067,
            53.6133
          ],
          [
            -177.0498,
            53.4031
          ],
          [
            -177.1171,
            53.0727
          ],
          [
            -177.1414,
            52.9526
          ],
          [
            -177.2018,
            52.6522
          ],
          [
            -177.2736,
            52.2917
          ],
          [
            -177.3388,
            51.9612
          ],
          [
            -177.4151,
            51.5706
          ],
          [
            -177.4964,
            51.1498
          ],
          [
            -177.5654,
            50.7892
          ],
          [
            -177.6326,
            50.4345
          ],
          [
            -177.706,
            50.0436
          ],
          [
            -177.7508,
            49.8031
          ],
          [
            -177.7898,
            49.5926
          ],
          [
            -177.8562,
            49.2318
          ],
          [
            -177.9275,
            48.8408
          ],
          [
            -177.9602,
            48.6604
          ],
          [
            -178.0144,
            48.3596
          ],
          [
            -178.0843,
            47.9685
          ],
          [
            -178.143,
            47.6376
          ],
          [
            -178.2171,
            47.2163
          ],
          [
            -178.2539,
            47.0057
          ],
          [
            -178.3062,
            46.7047
          ],
          [
            -178.3737,
            46.3135
          ],
          [
            -178.4458,
            45.8921
          ],
          [
            -178.5275,
            45.4104
          ],
          [
            -178.6034,
            44.9587
          ],
          [
            -178.6386,
            44.7479
          ],
          [
            -178.6986,
            44.3866
          ],
          [
            -178.7533,
            44.0553
          ],
          [
            -178.7978,
            43.7842
          ],
          [
            -178.8519,
            43.4528
          ],
          [
            -178.9203,
            43.031
          ],
          [
            -179.0027,
            42.5188
          ],
          [
            -179.0892,
            41.9764
          ],
          [
            -179.1607,
            41.5243
          ],
          [
            -179.2317,
            41.0721
          ],
          [
            -179.3069,
            40.5897
          ],
          [
            -179.3676,
            40.1977
          ],
          [
            -179.4372,
            39.7454
          ],
          [
            -179.5293,
            39.1422
          ],
          [
            -179.5933,
            38.7199
          ],
          [
            -179.6841,
            38.1165
          ],
          [
            -179.7742,
            37.5129
          ],
          [
            -179.8413,
            37.0602
          ],
          [
            -179.9169,
            36.5471
          ]
        ]
      }
    },
    {
      "type": "Feature",
      "properties": {
        "product_id": "R_5678301_001_SS19_700_A",
        "instrument": "SHARAD_HIGHRES",
        "dat_file": "r_5678301_001_ss19_700_a.dat",
        "lbl_file": "r_5678301_001_ss19_700_a.lbl"
      },
      "geometry": {
        "type": "LineString",
        "coordinates": [
          [
            179.9264,
            36.5135
          ],
          [
            179.8733,
            36.1512
          ],
          [
            179.7634,
            35.3962
          ],
          [
            179.711,
            35.0338
          ],
          [
            179.6198,
            34.3994
          ],
          [
            179.5766,
            34.0973
          ],
          [
            179.4949,
            33.5231
          ],
          [
            179.4393,
            33.1303
          ],
          [
            179.3584,
            32.556
          ],
          [
            179.2991,
            32.1328
          ],
          [
            179.2569,
            31.8304
          ],
          [
            179.1603,
            31.135
          ],
          [
            179.1143,
            30.8023
          ],
          [
            179.0435,
            30.2881
          ],
          [
            -169.5085,
            74.7095
          ],
          [
            -169.552,
            74.6504
          ],
          [
            -169.5953,
            74.5912
          ],
          [
            -169.6596,
            74.5024
          ],
          [
            -169.7022,
            74.4432
          ],
          [
            -169.7444,
            74.384
          ],
          [
            -169.8073,
            74.2952
          ],
          [
            -169.8696,
            74.2064
          ],
          [
            -169.9312,
            74.1176
          ],
          [
            -169.9923,
            74.0287
          ],
          [
            -170.0327,
            73.9695
          ],
          [
            -170.0928,
            73.8806
          ],
          [
            -170.1523,
            73.7917
          ],
          [
            -170.2113,
            73.7028
          ],
          [
            -170.2697,
            73.6139
          ],
          [
            -170.3084,
            73.5546
          ],
          [
            -170.3659,
            73.4657
          ],
          [
            -170.404,
            73.4064
          ],
          [
            -170.4606,
            73.3174
          ],
          [
            -170.5168,
            73.2284
          ],
          [
            -170.5354,
            73.1988
          ],
          [
            -170.6093,
            73.0801
          ],
          [
            -170.6459,
            73.0208
          ],
          [
            -170.7004,
            72.9318
          ],
          [
            -170.7723,
            72.8131
          ],
          [
            -170.8257,
            72.724
          ],
          [
            -170.8962,
            72.6053
          ],
          [
            -170.9485,
            72.5162
          ],
          [
            -171.0004,
            72.4271
          ],
          [
            -171.0689,
            72.3084
          ],
          [
            -171.1028,
            72.249
          ],
          [
            -171.1702,
            72.1301
          ],
          [
            -171.2036,
            72.0707
          ],
          [
            -171.2534,
            71.9816
          ],
          [
            -171.3027,
            71.8925
          ],
          [
            -171.3841,
            71.7439
          ],
          [
            -171.4484,
            71.625
          ],
          [
            -171.512,
            71.5061
          ],
          [
            -171.5593,
            71.4169
          ],
          [
            -171.6062,
            71.3277
          ],
          [
            -171.6527,
            71.2385
          ],
          [
            -171.6989,
            71.1492
          ],
          [
            -171.7295,
            71.0898
          ],
          [
            -171.7902,
            70.9708
          ],
          [
            -171.8503,
            70.8518
          ],
          [
            -171.8801,
            70.7923
          ],
          [
            -171.9098,
            70.7328
          ],
          [
            -171.9687,
            70.6137
          ],
          [
            -172.027,
            70.4947
          ],
          [
            -172.0559,
            70.4352
          ],
          [
            -172.0991,
            70.3459
          ],
          [
            -172.1419,
            70.2566
          ],
          [
            -172.2126,
            70.1077
          ],
          [
            -172.2546,
            70.0184
          ],
          [
            -172.324,
            69.8695
          ],
          [
            -172.3789,
            69.7503
          ],
          [
            -172.4333,
            69.6312
          ],
          [
            -172.4872,
            69.512
          ],
          [
            -172.5273,
            69.4227
          ],
          [
            -172.5671,
            69.3333
          ],
          [
            -172.6198,
            69.2141
          ],
          [
            -172.672,
            69.0949
          ],
          [
            -172.6979,
            69.0353
          ],
          [
            -172.7366,
            68.9459
          ],
          [
            -172.775,
            68.8564
          ],
          [
            -172.8511,
            68.6776
          ],
          [
            -172.9262,
            68.4987
          ],
          [
            -172.9757,
            68.3794
          ],
          [
            -173.0126,
            68.2899
          ],
          [
            -173.0614,
            68.1706
          ],
          [
            -173.0977,
            68.0812
          ],
          [
            -173.1338,
            67.9917
          ],
          [
            -173.1697,
            67.9022
          ],
          [
            -173.2172,
            67.7829
          ],
          [
            -173.2643,
            67.6635
          ],
          [
            -173.2994,
            67.574
          ],
          [
            -173.3574,
            67.4248
          ],
          [
            -173.3919,
            67.3353
          ],
          [
            -173.449,
            67.186
          ],
          [
            -173.5055,
            67.0368
          ],
          [
            -173.5615,
            66.8875
          ],
          [
            -173.5948,
            66.798
          ],
          [
            -173.6609,
            66.6188
          ],
          [
            -173.7262,
            66.4397
          ],
          [
            -173.7801,
            66.2904
          ],
          [
            -173.8122,
            66.2008
          ],
          [
            -173.8864,
            65.9917
          ],
          [
            -173.9179,
            65.9021
          ],
          [
            -173.9804,
            65.7228
          ],
          [
            -174.0217,
            65.6033
          ],
          [
            -174.0627,
            65.4838
          ],
          [
            -174.1034,
            65.3643
          ],
          [
            -174.1539,
            65.2148
          ],
          [
            -174.194,
            65.0953
          ],
          [
            -174.2437,
            64.9459
          ],
          [
            -174.3126,
            64.7366
          ],
          [
            -174.3516,
            64.617
          ],
          [
            -174.4,
            64.4676
          ],
          [
            -174.448,
            64.3181
          ],
          [
            -174.4766,
            64.2284
          ],
          [
            -174.4956,
            64.1686
          ],
          [
            -174.5522,
            63.9891
          ],
          [
            -174.5803,
            63.8994
          ],
          [
            -174.6361,
            63.72
          ],
          [
            -174.7005,
            63.5106
          ],
          [
            -174.7733,
            63.2713
          ],
          [
            -174.8273,
            63.0917
          ],
          [
            -174.863,
            62.9721
          ],
          [
            -174.9074,
            62.8225
          ],
          [
            -174.9602,
            62.6429
          ],
          [
            -175.0212,
            62.4334
          ],
          [
            -175.0644,
            62.2838
          ],
          [
            -175.1158,
            62.1042
          ],
          [
            -175.1583,
            61.9545
          ],
          [
            -175.1921,
            61.8347
          ],
          [
            -175.2508,
            61.6252
          ],
          [
            -175.3254,
            61.3557
          ],
          [
            -175.3991,
            61.0862
          ],
          [
            -175.4719,
            60.8166
          ],
          [
            -175.5279,
            60.607
          ],
          [
            -175.5597,
            60.4871
          ],
          [
            -175.5992,
            60.3374
          ],
          [
            -175.6306,
            60.2175
          ],
          [
            -175.6852,
            60.0078
          ],
          [
            -175.7239,
            59.858
          ],
          [
            -175.7853,
            59.6183
          ],
          [
            -175.8158,
            59.4984
          ],
          [
            -175.8612,
            59.3186
          ],
          [
            -175.9362,
            59.0189
          ],
          [
            -175.9808,
            58.839
          ],
          [
            -176.0103,
            58.7191
          ],
          [
            -176.0397,
            58.5992
          ],
          [
            -176.0981,
            58.3593
          ],
          [
            -176.1271,
            58.2394
          ],
          [
            -176.1775,
            58.0295
          ],
          [
            -176.2204,
            57.8496
          ],
          [
            -176.263,
            57.6697
          ],
          [
            -176.3264,
            57.3998
          ],
          [
            -176.3961,
            57.0998
          ],
          [
            -176.4582,
            56.8298
          ],
          [
            -176.5265,
            56.5298
          ],
          [
            -176.5941,
            56.2298
          ],
          [
            -176.641,
            56.0197
          ],
          [
            -176.6743,
            55.8697
          ],
          [
            -176.7404,
            55.5696
          ],
          [
            -176.7863,
            55.3595
          ],
          [
            -176.8513,
            55.0593
          ],
          [
            -176.89,
            54.8792
          ],
          [
            -176.9349,
            54.6691
          ],
          [
            -176.9604,
            54.549
          ],
          [
            -177.0364,
            54.1887
          ],
          [
            -177.0803,
            53.9785
          ],
          [
            -177.1302,
            53.7382
          ],
          [
            -177.1982,
            53.4079
          ],
          [
            -177.2289,
            53.2577
          ],
          [
            -177.2777,
            53.0174
          ],
          [
            -177.3383,
            52.717
          ],
          [
            -177.4103,
            52.3564
          ],
          [
            -177.4816,
            51.9959
          ],
          [
            -177.5522,
            51.6353
          ],
          [
            -177.5989,
            51.3948
          ],
          [
            -177.6279,
            51.2446
          ],
          [
            -177.6684,
            51.0342
          ],
          [
            -177.7029,
            50.8538
          ],
          [
            -177.7828,
            50.4329
          ],
          [
            -177.845,
            50.1022
          ],
          [
            -177.9123,
            49.7414
          ],
          [
            -177.979,
            49.3805
          ],
          [
            -178.0561,
            48.9594
          ],
          [
            -178.1216,
            48.5985
          ],
          [
            -178.2081,
            48.1171
          ],
          [
            -178.2617,
            47.8163
          ],
          [
            -178.2937,
            47.6357
          ],
          [
            -178.3573,
            47.2746
          ],
          [
            -178.4152,
            46.9436
          ],
          [
            -178.4987,
            46.462
          ],
          [
            -178.5453,
            46.191
          ],
          [
            -178.6173,
            45.7696
          ],
          [
            -178.7141,
            45.1975
          ],
          [
            -178.7998,
            44.6855
          ],
          [
            -178.8847,
            44.1734
          ],
          [
            -178.9639,
            43.6915
          ],
          [
            -179.0473,
            43.1793
          ],
          [
            -179.1009,
            42.8478
          ],
          [
            -179.1735,
            42.3957
          ],
          [
            -179.2168,
            42.1245
          ],
          [
            -179.2599,
            41.8532
          ],
          [
            -179.2933,
            41.6422
          ],
          [
            -179.3834,
            41.0694
          ],
          [
            -179.4305,
            40.7679
          ],
          [
            -179.4727,
            40.4965
          ],
          [
            -179.5287,
            40.1346
          ],
          [
            -179.5659,
            39.8933
          ],
          [
            -179.6168,
            39.5615
          ],
          [
            -179.695,
            39.0487
          ],
          [
            -179.7772,
            38.5056
          ],
          [
            -179.8588,
            37.9624
          ],
          [
            -179.9443,
            37.3889
          ]
        ]
      }
    },
    {
      "type": "Feature",
      "properties": {
        "instrument": "SHARAD_HIGHRES",
        "product_id": "R_6535401_001_SS4_700_A",
        "dat_file": "r_6535401_001_ss4_700_a.dat",
        "lbl_file": "r_6535401_001_ss4_700_a.lbl"
      },
      "geometry": {
        "type": "LineString",
        "coordinates": [
          [
            -163.1538,
            59.6617
          ],
          [
            -163.201,
            59.482
          ],
          [
            -163.2478,
            59.3023
          ],
          [
            -163.2943,
            59.1226
          ],
          [
            -163.3404,
            58.9429
          ],
          [
            -163.4014,
            58.7032
          ],
          [
            -163.4618,
            58.4636
          ],
          [
            -163.4918,
            58.3437
          ],
          [
            -163.5365,
            58.1639
          ],
          [
            -163.5809,
            57.9842
          ],
          [
            -163.625,
            57.8044
          ],
          [
            -163.6979,
            57.5047
          ],
          [
            -163.7268,
            57.3848
          ],
          [
            -163.7556,
            57.2649
          ],
          [
            -163.827,
            56.9651
          ],
          [
            -163.9117,
            56.6053
          ],
          [
            -163.9953,
            56.2455
          ],
          [
            -164.0779,
            55.8857
          ],
          [
            -164.1188,
            55.7057
          ],
          [
            -164.1594,
            55.5258
          ],
          [
            -164.2133,
            55.2858
          ],
          [
            -164.2534,
            55.1058
          ],
          [
            -164.3065,
            54.8658
          ],
          [
            -164.3592,
            54.6258
          ],
          [
            -164.4115,
            54.3857
          ],
          [
            -164.4505,
            54.2057
          ],
          [
            -164.5021,
            53.9656
          ],
          [
            -164.5661,
            53.6655
          ],
          [
            -164.6042,
            53.4854
          ],
          [
            -164.6673,
            53.1852
          ],
          [
            -164.7049,
            53.0051
          ],
          [
            -164.7547,
            52.7649
          ],
          [
            -164.7918,
            52.5847
          ],
          [
            -164.841,
            52.3445
          ],
          [
            -164.8899,
            52.1043
          ],
          [
            -164.9142,
            51.9842
          ],
          [
            -164.9867,
            51.6238
          ],
          [
            -165.0585,
            51.2633
          ],
          [
            -165.0941,
            51.0831
          ],
          [
            -165.1766,
            50.6625
          ],
          [
            -165.2273,
            50.4017
          ],
          [
            -165.2853,
            50.1012
          ],
          [
            -165.3314,
            49.8608
          ],
          [
            -165.3772,
            49.6203
          ],
          [
            -165.4341,
            49.3197
          ],
          [
            -165.5018,
            48.959
          ],
          [
            -165.5801,
            48.5381
          ],
          [
            -165.6356,
            48.2375
          ],
          [
            -165.6797,
            47.9969
          ],
          [
            -165.7672,
            47.5157
          ],
          [
            -165.843,
            47.0946
          ],
          [
            -165.886,
            46.854
          ],
          [
            -165.9501,
            46.493
          ],
          [
            -166.0032,
            46.1921
          ],
          [
            -166.0454,
            45.9514
          ],
          [
            -166.1188,
            45.5301
          ],
          [
            -166.2123,
            44.9883
          ],
          [
            -166.2638,
            44.6873
          ],
          [
            -166.3048,
            44.4465
          ],
          [
            -166.3558,
            44.1454
          ],
          [
            -166.3964,
            43.9046
          ],
          [
            -166.4368,
            43.6637
          ],
          [
            -166.4971,
            43.3023
          ],
          [
            -166.5769,
            42.8204
          ],
          [
            -166.6659,
            42.2782
          ],
          [
            -166.715,
            41.977
          ],
          [
            -166.7833,
            41.5551
          ],
          [
            -166.8415,
            41.1935
          ],
          [
            -166.8801,
            40.9525
          ],
          [
            -166.976,
            40.3497
          ],
          [
            -167.0805,
            39.6864
          ],
          [
            -167.1746,
            39.0834
          ],
          [
            -167.2679,
            38.4803
          ],
          [
            -167.3512,
            37.9373
          ],
          [
            -167.4339,
            37.3943
          ],
          [
            -167.5251,
            36.7909
          ],
          [
            -167.6066,
            36.2477
          ],
          [
            -167.6965,
            35.644
          ],
          [
            -167.7412,
            35.3421
          ],
          [
            -167.8124,
            34.859
          ],
          [
            -167.8832,
            34.3759
          ],
          [
            -167.9624,
            33.8323
          ],
          [
            -168.0062,
            33.5303
          ],
          [
            -168.1194,
            32.7448
          ],
          [
            -168.1627,
            32.4427
          ],
          [
            -168.2231,
            32.0196
          ],
          [
            -168.2918,
            31.5361
          ],
          [
            -168.3687,
            30.992
          ],
          [
            -168.4537,
            30.3873
          ],
          [
            -168.496,
            30.085
          ],
          [
            -168.5719,
            29.5406
          ],
          [
            -168.6139,
            29.2382
          ],
          [
            -168.7059,
            28.5727
          ],
          [
            -168.814,
            27.7861
          ],
          [
            -168.9214,
            26.9992
          ],
          [
            -169.0609,
            25.97
          ],
          [
            -169.1405,
            25.3783
          ]
        ]
      }
    },
    {
      "type": "Feature",
      "properties": {
        "product_id": "R_6684502_001_SS4_700_A",
        "instrument": "SHARAD_HIGHRES",
        "dat_file": "r_6684502_001_ss4_700_a.dat",
        "lbl_file": "r_6684502_001_ss4_700_a.lbl"
      },
      "geometry": {
        "type": "LineString",
        "coordinates": [
          [
            179.9473,
            30.2672
          ],
          [
            -168.3163,
            74.7053
          ],
          [
            -168.3612,
            74.6462
          ],
          [
            -168.4058,
            74.5871
          ],
          [
            -168.4502,
            74.5279
          ],
          [
            -168.4942,
            74.4688
          ],
          [
            -168.5814,
            74.3505
          ],
          [
            -168.6245,
            74.2913
          ],
          [
            -168.71,
            74.173
          ],
          [
            -168.7523,
            74.1138
          ],
          [
            -168.7944,
            74.0546
          ],
          [
            -168.8362,
            73.9954
          ],
          [
            -168.8777,
            73.9362
          ],
          [
            -168.919,
            73.877
          ],
          [
            -169.0007,
            73.7585
          ],
          [
            -169.0412,
            73.6993
          ],
          [
            -169.0814,
            73.6401
          ],
          [
            -169.1214,
            73.5808
          ],
          [
            -169.1611,
            73.5216
          ],
          [
            -169.2398,
            73.4031
          ],
          [
            -169.3176,
            73.2845
          ],
          [
            -169.3561,
            73.2253
          ],
          [
            -169.4325,
            73.1067
          ],
          [
            -169.4704,
            73.0474
          ],
          [
            -169.508,
            72.9881
          ],
          [
            -169.5826,
            72.8695
          ],
          [
            -169.6563,
            72.7508
          ],
          [
            -169.6928,
            72.6915
          ],
          [
            -169.7291,
            72.6322
          ],
          [
            -169.8012,
            72.5135
          ],
          [
            -169.8724,
            72.3948
          ],
          [
            -169.9077,
            72.3354
          ],
          [
            -169.9428,
            72.2761
          ],
          [
            -170.0124,
            72.1573
          ],
          [
            -170.0469,
            72.0979
          ],
          [
            -170.1153,
            71.9792
          ],
          [
            -170.1831,
            71.8604
          ],
          [
            -170.2166,
            71.801
          ],
          [
            -170.2833,
            71.6821
          ],
          [
            -170.3492,
            71.5633
          ],
          [
            -170.4144,
            71.4444
          ],
          [
            -170.4467,
            71.385
          ],
          [
            -170.4789,
            71.3256
          ],
          [
            -170.5427,
            71.2067
          ],
          [
            -170.5744,
            71.1472
          ],
          [
            -170.6372,
            71.0283
          ],
          [
            -170.6995,
            70.9094
          ],
          [
            -170.761,
            70.7904
          ],
          [
            -170.7916,
            70.7309
          ],
          [
            -170.8523,
            70.6119
          ],
          [
            -170.9123,
            70.4929
          ],
          [
            -170.9718,
            70.3739
          ],
          [
            -171.0307,
            70.2549
          ],
          [
            -171.089,
            70.1359
          ],
          [
            -171.1754,
            69.9573
          ],
          [
            -171.2039,
            69.8978
          ],
          [
            -171.2606,
            69.7787
          ],
          [
            -171.3167,
            69.6596
          ],
          [
            -171.3723,
            69.5405
          ],
          [
            -171.4,
            69.4809
          ],
          [
            -171.4548,
            69.3618
          ],
          [
            -171.5091,
            69.2426
          ],
          [
            -171.563,
            69.1235
          ],
          [
            -171.6164,
            69.0043
          ],
          [
            -171.6693,
            68.8851
          ],
          [
            -171.7217,
            68.7659
          ],
          [
            -171.7477,
            68.7063
          ],
          [
            -171.7995,
            68.5871
          ],
          [
            -171.8508,
            68.4679
          ],
          [
            -171.9269,
            68.289
          ],
          [
            -171.9771,
            68.1697
          ],
          [
            -172.0269,
            68.0505
          ],
          [
            -172.1008,
            67.8715
          ],
          [
            -172.1252,
            67.8119
          ],
          [
            -172.1738,
            67.6926
          ],
          [
            -172.2219,
            67.5733
          ],
          [
            -172.2697,
            67.454
          ],
          [
            -172.3171,
            67.3346
          ],
          [
            -172.3641,
            67.2153
          ],
          [
            -172.4107,
            67.0959
          ],
          [
            -172.457,
            66.9765
          ],
          [
            -172.5029,
            66.8572
          ],
          [
            -172.5937,
            66.6184
          ],
          [
            -172.6608,
            66.4393
          ],
          [
            -172.7052,
            66.3198
          ],
          [
            -172.7711,
            66.1407
          ],
          [
            -172.8363,
            65.9615
          ],
          [
            -172.8578,
            65.9018
          ],
          [
            -172.9221,
            65.7226
          ],
          [
            -172.9645,
            65.6031
          ],
          [
            -173.0067,
            65.4836
          ],
          [
            -173.0485,
            65.3641
          ],
          [
            -173.1313,
            65.1251
          ],
          [
            -173.1926,
            64.9458
          ],
          [
            -173.2332,
            64.8262
          ],
          [
            -173.2935,
            64.6469
          ],
          [
            -173.3333,
            64.5274
          ],
          [
            -173.3532,
            64.4676
          ],
          [
            -173.4123,
            64.2882
          ],
          [
            -173.4708,
            64.1088
          ],
          [
            -173.5095,
            63.9892
          ],
          [
            -173.567,
            63.8098
          ],
          [
            -173.6241,
            63.6304
          ],
          [
            -173.6618,
            63.5108
          ],
          [
            -173.6993,
            63.3911
          ],
          [
            -173.755,
            63.2117
          ],
          [
            -173.8103,
            63.0322
          ],
          [
            -173.8469,
            62.9125
          ],
          [
            -173.8832,
            62.7928
          ],
          [
            -173.9193,
            62.6732
          ],
          [
            -173.9552,
            62.5535
          ],
          [
            -174.0264,
            62.3141
          ],
          [
            -174.0617,
            62.1944
          ],
          [
            -174.1142,
            62.0148
          ],
          [
            -174.1663,
            61.8352
          ],
          [
            -174.2179,
            61.6556
          ],
          [
            -174.2861,
            61.4161
          ],
          [
            -174.3367,
            61.2365
          ],
          [
            -174.3869,
            61.0568
          ],
          [
            -174.4367,
            60.8771
          ],
          [
            -174.4697,
            60.7573
          ],
          [
            -174.5025,
            60.6375
          ],
          [
            -174.5514,
            60.4578
          ],
          [
            -174.5999,
            60.2781
          ],
          [
            -174.648,
            60.0984
          ],
          [
            -174.7274,
            59.7988
          ],
          [
            -174.7745,
            59.619
          ],
          [
            -174.8213,
            59.4392
          ],
          [
            -174.8523,
            59.3194
          ],
          [
            -174.8985,
            59.1396
          ],
          [
            -174.9748,
            58.8399
          ],
          [
            -175.0051,
            58.72
          ],
          [
            -175.0502,
            58.5401
          ],
          [
            -175.095,
            58.3602
          ],
          [
            -175.1395,
            58.1804
          ],
          [
            -175.1983,
            57.9405
          ],
          [
            -175.2421,
            57.7606
          ],
          [
            -175.2856,
            57.5807
          ],
          [
            -175.3288,
            57.4007
          ],
          [
            -175.3717,
            57.2208
          ],
          [
            -175.4567,
            56.8609
          ],
          [
            -175.5127,
            56.6209
          ],
          [
            -175.5683,
            56.3809
          ],
          [
            -175.6097,
            56.2009
          ],
          [
            -175.6508,
            56.0209
          ],
          [
            -175.7188,
            55.7208
          ],
          [
            -175.7861,
            55.4207
          ],
          [
            -175.8527,
            55.1206
          ],
          [
            -175.8792,
            55.0005
          ],
          [
            -175.958,
            54.6403
          ],
          [
            -176.023,
            54.3401
          ],
          [
            -176.0617,
            54.1599
          ],
          [
            -176.1257,
            53.8597
          ],
          [
            -176.1765,
            53.6194
          ],
          [
            -176.2144,
            53.4392
          ],
          [
            -176.2645,
            53.199
          ],
          [
            -176.3144,
            52.9587
          ],
          [
            -176.3515,
            52.7784
          ],
          [
            -176.413,
            52.478
          ],
          [
            -176.4618,
            52.2377
          ],
          [
            -176.5344,
            51.8771
          ],
          [
            -176.5683,
            51.7077
          ],
          [
            -176.623,
            51.4324
          ],
          [
            -176.6586,
            51.2521
          ],
          [
            -176.7058,
            51.0116
          ],
          [
            -176.7761,
            50.6509
          ],
          [
            -176.8688,
            50.1699
          ],
          [
            -176.949,
            49.749
          ],
          [
            -176.9831,
            49.5686
          ],
          [
            -177.0396,
            49.2679
          ],
          [
            -177.0958,
            48.9671
          ],
          [
            -177.1404,
            48.7265
          ],
          [
            -177.2069,
            48.3656
          ],
          [
            -177.2947,
            47.8842
          ],
          [
            -177.3491,
            47.5833
          ],
          [
            -177.4354,
            47.1019
          ],
          [
            -177.5102,
            46.6805
          ],
          [
            -177.5632,
            46.3796
          ],
          [
            -177.6054,
            46.1387
          ],
          [
            -177.6683,
            45.7775
          ],
          [
            -177.7618,
            45.2356
          ],
          [
            -177.8441,
            44.7537
          ],
          [
            -177.9358,
            44.2116
          ],
          [
            -177.9964,
            43.8502
          ],
          [
            -178.0366,
            43.6092
          ],
          [
            -178.0966,
            43.2477
          ],
          [
            -178.1957,
            42.645
          ],
          [
            -178.2743,
            42.1628
          ],
          [
            -178.3328,
            41.8012
          ],
          [
            -178.391,
            41.4394
          ],
          [
            -178.4296,
            41.1983
          ],
          [
            -178.4968,
            40.7762
          ],
          [
            -178.535,
            40.535
          ],
          [
            -178.6299,
            39.9319
          ],
          [
            -178.7052,
            39.4493
          ],
          [
            -178.7986,
            38.846
          ],
          [
            -178.882,
            38.3029
          ],
          [
            -178.9648,
            37.7597
          ],
          [
            -179.0378,
            37.2769
          ],
          [
            -179.0924,
            36.9147
          ],
          [
            -179.1286,
            36.6732
          ],
          [
            -179.1737,
            36.3713
          ],
          [
            -179.2276,
            36.009
          ],
          [
            -179.2991,
            35.5258
          ],
          [
            -179.3879,
            34.9218
          ],
          [
            -179.4673,
            34.3781
          ],
          [
            -179.5462,
            33.8343
          ],
          [
            -179.6507,
            33.1091
          ],
          [
            -179.7458,
            32.4442
          ],
          [
            -179.8317,
            31.8396
          ],
          [
            -179.9256,
            31.1745
          ]
        ]
      }
    },
    {
      "type": "Feature",
      "properties": {
        "product_id": "R_7514003_001_SS4_700_A",
        "instrument": "SHARAD_HIGHRES",
        "dat_file": "r_7514003_001_ss4_700_a.dat",
        "lbl_file": "r_7514003_001_ss4_700_a.lbl"
      },
      "geometry": {
        "type": "LineString",
        "coordinates": [
          [
            -156.5603,
            44.6436
          ],
          [
            -156.6207,
            44.2824
          ],
          [
            -156.6608,
            44.0415
          ],
          [
            -156.7007,
            43.8007
          ],
          [
            -156.7701,
            43.3792
          ],
          [
            -156.839,
            42.9576
          ],
          [
            -156.8879,
            42.6564
          ],
          [
            -156.9365,
            42.3553
          ],
          [
            -157.0043,
            41.9335
          ],
          [
            -157.1098,
            41.2708
          ],
          [
            -157.1953,
            40.7284
          ],
          [
            -157.2613,
            40.3065
          ],
          [
            -157.3269,
            39.8845
          ],
          [
            -157.3921,
            39.4625
          ],
          [
            -157.4569,
            39.0404
          ],
          [
            -157.5213,
            38.6183
          ],
          [
            -157.5671,
            38.3167
          ],
          [
            -157.6218,
            37.9548
          ],
          [
            -157.6943,
            37.4722
          ],
          [
            -157.7574,
            37.0499
          ],
          [
            -157.838,
            36.5068
          ],
          [
            -157.9092,
            36.024
          ],
          [
            -157.98,
            35.5411
          ],
          [
            -158.0504,
            35.0581
          ],
          [
            -158.1204,
            34.5751
          ],
          [
            -158.1987,
            34.0316
          ],
          [
            -158.2679,
            33.5484
          ],
          [
            -158.3796,
            32.7631
          ],
          [
            -158.4479,
            32.2798
          ],
          [
            -158.5074,
            31.8567
          ],
          [
            -158.6088,
            31.1315
          ],
          [
            -158.6928,
            30.527
          ],
          [
            -158.7346,
            30.2247
          ],
          [
            -158.8096,
            29.6804
          ],
          [
            -158.8594,
            29.3176
          ],
          [
            -158.9173,
            28.8942
          ],
          [
            -158.9832,
            28.4102
          ],
          [
            -159.1061,
            27.5027
          ],
          [
            -159.2038,
            26.7764
          ],
          [
            -159.2848,
            26.1711
          ],
          [
            -159.3574,
            25.6262
          ],
          [
            -159.4217,
            25.1418
          ],
          [
            -159.5656,
            24.0515
          ],
          [
            -159.6451,
            23.4457
          ],
          [
            -159.7164,
            22.9003
          ],
          [
            -159.8347,
            21.9912
          ],
          [
            -159.9054,
            21.4456
          ],
          [
            -159.9915,
            20.7786
          ],
          [
            -160.1162,
            19.8082
          ],
          [
            -160.2635,
            18.6555
          ],
          [
            -160.333,
            18.1093
          ],
          [
            -160.4254,
            17.3809
          ],
          [
            -160.5175,
            16.6524
          ],
          [
            -160.5864,
            16.1059
          ],
          [
            -160.6628,
            15.4985
          ],
          [
            -160.736,
            14.9147
          ]
        ]
      }
    },
    {
      "type": "Feature",
      "properties": {
        "product_id": "R_7756101_001_SS4_700_A",
        "instrument": "SHARAD_HIGHRES",
        "dat_file": "r_7756101_001_ss4_700_a.dat",
        "lbl_file": "r_7756101_001_ss4_700_a.lbl"
      },
      "geometry": {
        "type": "LineString",
        "coordinates": [
          [
            179.9581,
            59.0132
          ],
          [
            179.9128,
            59.1928
          ],
          [
            179.8824,
            59.3126
          ],
          [
            179.8365,
            59.4922
          ],
          [
            179.7903,
            59.6718
          ],
          [
            179.7593,
            59.7916
          ],
          [
            179.7125,
            59.9712
          ],
          [
            179.6654,
            60.1508
          ],
          [
            179.6179,
            60.3303
          ],
          [
            179.57,
            60.5099
          ],
          [
            179.5217,
            60.6894
          ],
          [
            179.4731,
            60.8689
          ],
          [
            179.4076,
            61.1083
          ],
          [
            179.3746,
            61.228
          ],
          [
            179.3081,
            61.4673
          ],
          [
            179.2577,
            61.6467
          ],
          [
            179.2068,
            61.8262
          ],
          [
            179.1556,
            62.0056
          ],
          [
            179.1212,
            62.1252
          ],
          [
            179.0866,
            62.2448
          ],
          [
            179.0343,
            62.4242
          ],
          [
            178.9992,
            62.5438
          ],
          [
            178.9461,
            62.7232
          ],
          [
            178.8566,
            63.0221
          ],
          [
            178.8204,
            63.1416
          ],
          [
            178.7657,
            63.3209
          ],
          [
            178.7105,
            63.5002
          ],
          [
            178.6734,
            63.6197
          ],
          [
            178.5985,
            63.8588
          ],
          [
            178.5417,
            64.038
          ],
          [
            178.4843,
            64.2172
          ],
          [
            178.4264,
            64.3964
          ],
          [
            178.3679,
            64.5756
          ],
          [
            178.3088,
            64.7548
          ],
          [
            178.2491,
            64.934
          ],
          [
            178.1888,
            65.1131
          ],
          [
            178.1074,
            65.3519
          ],
          [
            178.0456,
            65.531
          ],
          [
            177.9831,
            65.7101
          ],
          [
            177.9411,
            65.8294
          ],
          [
            177.8988,
            65.9488
          ],
          [
            177.8347,
            66.1278
          ],
          [
            177.7916,
            66.2471
          ],
          [
            177.7482,
            66.3665
          ],
          [
            177.7044,
            66.4858
          ],
          [
            177.6604,
            66.6051
          ],
          [
            177.5936,
            66.784
          ],
          [
            177.5487,
            66.9033
          ],
          [
            177.5034,
            67.0226
          ],
          [
            177.4578,
            67.1419
          ],
          [
            177.4118,
            67.2611
          ],
          [
            177.3421,
            67.44
          ],
          [
            177.2952,
            67.5592
          ],
          [
            177.2479,
            67.6784
          ],
          [
            177.2002,
            67.7976
          ],
          [
            177.1521,
            67.9168
          ],
          [
            177.1036,
            68.036
          ],
          [
            177.0547,
            68.1552
          ],
          [
            177.0054,
            68.2743
          ],
          [
            176.9557,
            68.3935
          ],
          [
            176.8803,
            68.5722
          ],
          [
            176.8295,
            68.6913
          ],
          [
            176.7783,
            68.8104
          ],
          [
            176.7266,
            68.9295
          ],
          [
            176.6744,
            69.0486
          ],
          [
            176.6482,
            69.1081
          ],
          [
            176.5953,
            69.2272
          ],
          [
            176.542,
            69.3462
          ],
          [
            176.4881,
            69.4652
          ],
          [
            176.4338,
            69.5843
          ],
          [
            176.379,
            69.7033
          ],
          [
            176.3514,
            69.7628
          ],
          [
            176.2958,
            69.8818
          ],
          [
            176.2114,
            70.0602
          ],
          [
            176.183,
            70.1197
          ],
          [
            176.1257,
            70.2386
          ],
          [
            176.068,
            70.3576
          ],
          [
            176.0096,
            70.4765
          ],
          [
            175.9507,
            70.5954
          ],
          [
            175.8912,
            70.7143
          ],
          [
            175.8311,
            70.8331
          ],
          [
            175.7704,
            70.952
          ],
          [
            175.7398,
            71.0114
          ],
          [
            175.6781,
            71.1303
          ],
          [
            175.6159,
            71.2491
          ],
          [
            175.5845,
            71.3085
          ],
          [
            175.5212,
            71.4273
          ],
          [
            175.4573,
            71.546
          ],
          [
            175.3926,
            71.6648
          ],
          [
            175.3601,
            71.7242
          ],
          [
            175.2944,
            71.8429
          ],
          [
            175.228,
            71.9616
          ],
          [
            175.1609,
            72.0803
          ],
          [
            175.093,
            72.199
          ],
          [
            175.0588,
            72.2583
          ],
          [
            175.0244,
            72.3176
          ],
          [
            174.955,
            72.4362
          ],
          [
            174.8848,
            72.5548
          ],
          [
            174.8494,
            72.6141
          ],
          [
            174.778,
            72.7327
          ],
          [
            174.742,
            72.792
          ],
          [
            174.6693,
            72.9106
          ],
          [
            174.5958,
            73.0291
          ],
          [
            174.5587,
            73.0884
          ],
          [
            174.5214,
            73.1476
          ],
          [
            174.4838,
            73.2068
          ],
          [
            174.4461,
            73.2661
          ],
          [
            174.3699,
            73.3846
          ],
          [
            174.3314,
            73.4438
          ],
          [
            174.2538,
            73.5622
          ],
          [
            174.1752,
            73.6806
          ],
          [
            174.1356,
            73.7398
          ],
          [
            174.0957,
            73.799
          ],
          [
            174.0555,
            73.8582
          ],
          [
            174.0151,
            73.9173
          ],
          [
            173.9335,
            74.0357
          ],
          [
            173.8923,
            74.0948
          ],
          [
            173.8509,
            74.154
          ],
          [
            173.7671,
            74.2722
          ],
          [
            173.7249,
            74.3314
          ],
          [
            173.6395,
            74.4496
          ],
          [
            173.5964,
            74.5087
          ],
          [
            173.553,
            74.5678
          ],
          [
            173.5093,
            74.6269
          ],
          [
            173.4653,
            74.686
          ],
          [
            -175.0027,
            30.4578
          ],
          [
            -175.1035,
            31.1831
          ],
          [
            -175.1711,
            31.6665
          ],
          [
            -175.2731,
            32.3916
          ],
          [
            -175.3415,
            32.8748
          ],
          [
            -175.4275,
            33.4788
          ],
          [
            -175.5227,
            34.1431
          ],
          [
            -175.5924,
            34.6261
          ],
          [
            -175.6449,
            34.9883
          ],
          [
            -175.7594,
            35.7729
          ],
          [
            -175.875,
            36.5573
          ],
          [
            -175.9377,
            36.9796
          ],
          [
            -175.9917,
            37.3416
          ],
          [
            -176.0369,
            37.6432
          ],
          [
            -176.1096,
            38.1256
          ],
          [
            -176.1736,
            38.5478
          ],
          [
            -176.2564,
            39.0904
          ],
          [
            -176.3027,
            39.3918
          ],
          [
            -176.3585,
            39.7535
          ],
          [
            -176.4052,
            40.0548
          ],
          [
            -176.4993,
            40.6575
          ],
          [
            -176.5847,
            41.1997
          ],
          [
            -176.6612,
            41.6817
          ],
          [
            -176.7383,
            42.1636
          ],
          [
            -176.7868,
            42.4647
          ],
          [
            -176.8258,
            42.7056
          ],
          [
            -176.8944,
            43.1271
          ],
          [
            -176.9635,
            43.5486
          ],
          [
            -177.0231,
            43.9098
          ],
          [
            -177.1032,
            44.3913
          ],
          [
            -177.1334,
            44.5719
          ],
          [
            -177.184,
            44.8728
          ],
          [
            -177.2553,
            45.294
          ],
          [
            -177.3272,
            45.7152
          ],
          [
            -177.3789,
            46.016
          ],
          [
            -177.4205,
            46.2566
          ],
          [
            -177.5043,
            46.7378
          ],
          [
            -177.5783,
            47.1587
          ],
          [
            -177.6209,
            47.3993
          ],
          [
            -177.6637,
            47.6398
          ],
          [
            -177.7067,
            47.8803
          ],
          [
            -177.7608,
            48.1809
          ],
          [
            -177.8319,
            48.5728
          ],
          [
            -177.92,
            49.0536
          ],
          [
            -177.9979,
            49.4743
          ],
          [
            -178.0653,
            49.8348
          ],
          [
            -178.1333,
            50.1953
          ],
          [
            -178.1904,
            50.4957
          ],
          [
            -178.2711,
            50.9162
          ],
          [
            -178.3176,
            51.1564
          ],
          [
            -178.3527,
            51.3366
          ],
          [
            -178.4233,
            51.6969
          ],
          [
            -178.4708,
            51.9371
          ],
          [
            -178.5066,
            52.1172
          ],
          [
            -178.5667,
            52.4174
          ],
          [
            -178.6151,
            52.6575
          ],
          [
            -178.6516,
            52.8376
          ],
          [
            -178.7129,
            53.1377
          ],
          [
            -178.7376,
            53.2577
          ],
          [
            -178.8121,
            53.6178
          ],
          [
            -178.8497,
            53.7978
          ],
          [
            -178.9001,
            54.0378
          ],
          [
            -178.9636,
            54.3378
          ],
          [
            -179.002,
            54.5177
          ],
          [
            -179.0535,
            54.7577
          ],
          [
            -179.1185,
            55.0576
          ],
          [
            -179.1709,
            55.2975
          ],
          [
            -179.2105,
            55.4774
          ],
          [
            -179.2503,
            55.6573
          ],
          [
            -179.2904,
            55.8372
          ],
          [
            -179.3172,
            55.9571
          ],
          [
            -179.3712,
            56.1969
          ],
          [
            -179.412,
            56.3768
          ],
          [
            -179.4668,
            56.6166
          ],
          [
            -179.5082,
            56.7964
          ],
          [
            -179.5638,
            57.0361
          ],
          [
            -179.5918,
            57.156
          ],
          [
            -179.6481,
            57.3957
          ],
          [
            -179.6907,
            57.5755
          ],
          [
            -179.7479,
            57.8152
          ],
          [
            -179.7767,
            57.935
          ],
          [
            -179.8347,
            58.1746
          ],
          [
            -179.8785,
            58.3543
          ],
          [
            -179.9079,
            58.4741
          ],
          [
            -179.9671,
            58.7137
          ]
        ]
      }
    },
    {
      "type": "Feature",
      "properties": {
        "instrument": "SHARAD_HIGHRES",
        "product_id": "R_0722802_001_SS19_700_A",
        "dat_file": "r_0722802_001_ss19_700_a.dat",
        "lbl_file": "r_0722802_001_ss19_700_a.lbl"
      },
      "geometry": {
        "type": "LineString",
        "coordinates": [
          [
            -152.9381,
            59.6822
          ],
          [
            -152.9691,
            59.5624
          ],
          [
            -153.0076,
            59.4127
          ],
          [
            -153.0459,
            59.2629
          ],
          [
            -153.0991,
            59.0533
          ],
          [
            -153.1293,
            58.9334
          ],
          [
            -153.1818,
            58.7237
          ],
          [
            -153.2265,
            58.5437
          ],
          [
            -153.2856,
            58.304
          ],
          [
            -153.3441,
            58.0643
          ],
          [
            -153.3804,
            57.9145
          ],
          [
            -153.4237,
            57.7347
          ],
          [
            -153.4667,
            57.5549
          ],
          [
            -153.5165,
            57.3451
          ],
          [
            -153.5659,
            57.1353
          ],
          [
            -153.601,
            56.9854
          ],
          [
            -153.6844,
            56.6257
          ],
          [
            -153.7257,
            56.4458
          ],
          [
            -153.7804,
            56.2059
          ],
          [
            -153.8211,
            56.026
          ],
          [
            -153.8683,
            55.8161
          ],
          [
            -153.9018,
            55.6662
          ],
          [
            -153.9418,
            55.4862
          ],
          [
            -154.0079,
            55.1863
          ],
          [
            -154.0538,
            54.9764
          ],
          [
            -154.0994,
            54.7664
          ],
          [
            -154.164,
            54.4664
          ],
          [
            -154.228,
            54.1664
          ],
          [
            -154.2661,
            53.9864
          ],
          [
            -154.348,
            53.5963
          ],
          [
            -154.3917,
            53.3862
          ],
          [
            -154.4413,
            53.1461
          ],
          [
            -154.5212,
            52.7559
          ],
          [
            -154.5881,
            52.4258
          ],
          [
            -154.6183,
            52.2757
          ],
          [
            -154.6843,
            51.9454
          ],
          [
            -154.7438,
            51.6452
          ],
          [
            -154.8263,
            51.2248
          ],
          [
            -154.8847,
            50.9245
          ],
          [
            -154.9195,
            50.7443
          ],
          [
            -154.9599,
            50.5341
          ],
          [
            -155.0001,
            50.3238
          ],
          [
            -155.0685,
            49.9633
          ],
          [
            -155.1025,
            49.7831
          ],
          [
            -155.1588,
            49.4827
          ],
          [
            -155.2314,
            49.0921
          ],
          [
            -155.2923,
            48.7616
          ],
          [
            -155.3418,
            48.4911
          ],
          [
            -155.3964,
            48.1906
          ],
          [
            -155.4723,
            47.7698
          ],
          [
            -155.5528,
            47.3189
          ],
          [
            -155.5848,
            47.1385
          ],
          [
            -155.6537,
            46.7476
          ],
          [
            -155.7168,
            46.3868
          ],
          [
            -155.7482,
            46.2064
          ],
          [
            -155.8106,
            45.8455
          ],
          [
            -155.888,
            45.3944
          ],
          [
            -155.929,
            45.1538
          ],
          [
            -155.9749,
            44.883
          ],
          [
            -156.0155,
            44.6424
          ],
          [
            -156.066,
            44.3415
          ],
          [
            -156.1062,
            44.1008
          ],
          [
            -156.1612,
            43.7698
          ],
          [
            -156.2109,
            43.4689
          ],
          [
            -156.2948,
            42.9573
          ],
          [
            -156.3731,
            42.4757
          ],
          [
            -156.4556,
            41.964
          ],
          [
            -156.4942,
            41.7231
          ],
          [
            -156.5518,
            41.3618
          ],
          [
            -156.6186,
            40.9402
          ],
          [
            -156.6944,
            40.4584
          ],
          [
            -156.7415,
            40.1572
          ],
          [
            -156.7837,
            39.8861
          ],
          [
            -156.8304,
            39.5849
          ],
          [
            -156.8769,
            39.2836
          ],
          [
            -156.9278,
            38.9522
          ],
          [
            -157.0335,
            38.2591
          ],
          [
            -157.111,
            37.7468
          ],
          [
            -157.2015,
            37.144
          ],
          [
            -157.2913,
            36.541
          ],
          [
            -157.376,
            35.9681
          ],
          [
            -157.4557,
            35.4253
          ],
          [
            -157.5568,
            34.7316
          ],
          [
            -157.6397,
            34.1585
          ],
          [
            -157.7221,
            33.5852
          ],
          [
            -157.8083,
            32.9817
          ],
          [
            -157.8982,
            32.3479
          ],
          [
            -157.9918,
            31.6838
          ],
          [
            -158.0637,
            31.1705
          ],
          [
            -158.173,
            30.3854
          ],
          [
            -158.2499,
            29.8294
          ]
        ]
      }
    },
    {
      "type": "Feature",
      "properties": {
        "instrument": "SHARAD_HIGHRES",
        "product_id": "R_0801901_001_SS19_700_A",
        "dat_file": "r_0801901_001_ss19_700_a.dat",
        "lbl_file": "r_0801901_001_ss19_700_a.lbl"
      },
      "geometry": {
        "type": "LineString",
        "coordinates": [
          [
            -145.6006,
            75.0182
          ],
          [
            -145.6924,
            74.9
          ],
          [
            -145.7378,
            74.8409
          ],
          [
            -145.8053,
            74.7522
          ],
          [
            -145.8722,
            74.6635
          ],
          [
            -145.9821,
            74.5156
          ],
          [
            -146.0472,
            74.4268
          ],
          [
            -146.0902,
            74.3677
          ],
          [
            -146.1542,
            74.2789
          ],
          [
            -146.2176,
            74.1901
          ],
          [
            -146.2804,
            74.1013
          ],
          [
            -146.3426,
            74.0125
          ],
          [
            -146.3632,
            73.9829
          ],
          [
            -146.4451,
            73.8641
          ],
          [
            -146.5258,
            73.7456
          ],
          [
            -146.5657,
            73.6864
          ],
          [
            -146.6449,
            73.5679
          ],
          [
            -146.7037,
            73.479
          ],
          [
            -146.7619,
            73.39
          ],
          [
            -146.8004,
            73.3308
          ],
          [
            -146.8387,
            73.2715
          ],
          [
            -146.8767,
            73.2122
          ],
          [
            -146.9334,
            73.1232
          ],
          [
            -147.0081,
            73.0046
          ],
          [
            -147.0636,
            72.9156
          ],
          [
            -147.1003,
            72.8563
          ],
          [
            -147.155,
            72.7673
          ],
          [
            -147.2271,
            72.6486
          ],
          [
            -147.2807,
            72.5595
          ],
          [
            -147.3338,
            72.4705
          ],
          [
            -147.4039,
            72.3518
          ],
          [
            -147.456,
            72.2627
          ],
          [
            -147.5076,
            72.1736
          ],
          [
            -147.5418,
            72.1142
          ],
          [
            -147.6096,
            71.9954
          ],
          [
            -147.6432,
            71.936
          ],
          [
            -147.6933,
            71.8469
          ],
          [
            -147.7265,
            71.7875
          ],
          [
            -147.7759,
            71.6984
          ],
          [
            -147.8249,
            71.6092
          ],
          [
            -147.8735,
            71.5201
          ],
          [
            -147.9537,
            71.3714
          ],
          [
            -148.0013,
            71.2823
          ],
          [
            -148.0642,
            71.1633
          ],
          [
            -148.0954,
            71.1039
          ],
          [
            -148.1419,
            71.0147
          ],
          [
            -148.1881,
            70.9255
          ],
          [
            -148.2339,
            70.8362
          ],
          [
            -148.2944,
            70.7172
          ],
          [
            -148.3394,
            70.628
          ],
          [
            -148.3989,
            70.509
          ],
          [
            -148.4284,
            70.4495
          ],
          [
            -148.487,
            70.3305
          ],
          [
            -148.5306,
            70.2412
          ],
          [
            -148.6025,
            70.0924
          ],
          [
            -148.6736,
            69.9435
          ],
          [
            -148.7158,
            69.8542
          ],
          [
            -148.7577,
            69.7649
          ],
          [
            -148.8132,
            69.6458
          ],
          [
            -148.8545,
            69.5564
          ],
          [
            -148.9226,
            69.4075
          ],
          [
            -148.9631,
            69.3181
          ],
          [
            -149.0167,
            69.199
          ],
          [
            -149.0698,
            69.0798
          ],
          [
            -149.1093,
            68.9904
          ],
          [
            -149.1355,
            68.9308
          ],
          [
            -149.2134,
            68.752
          ],
          [
            -149.2775,
            68.603
          ],
          [
            -149.3283,
            68.4838
          ],
          [
            -149.3787,
            68.3645
          ],
          [
            -149.4162,
            68.2751
          ],
          [
            -149.4658,
            68.1558
          ],
          [
            -149.515,
            68.0366
          ],
          [
            -149.5638,
            67.9173
          ],
          [
            -149.6122,
            67.798
          ],
          [
            -149.6602,
            67.6787
          ],
          [
            -149.7078,
            67.5594
          ],
          [
            -149.7902,
            67.3505
          ],
          [
            -149.8599,
            67.1715
          ],
          [
            -149.8944,
            67.082
          ],
          [
            -149.9288,
            66.9925
          ],
          [
            -149.9856,
            66.8432
          ],
          [
            -150.0306,
            66.7239
          ],
          [
            -150.0753,
            66.6045
          ],
          [
            -150.1307,
            66.4552
          ],
          [
            -150.1637,
            66.3656
          ],
          [
            -150.1965,
            66.2761
          ],
          [
            -150.2291,
            66.1865
          ],
          [
            -150.2723,
            66.0671
          ],
          [
            -150.3365,
            65.8879
          ],
          [
            -150.3895,
            65.7386
          ],
          [
            -150.442,
            65.5892
          ],
          [
            -150.4837,
            65.4698
          ],
          [
            -150.525,
            65.3503
          ],
          [
            -150.5559,
            65.2606
          ],
          [
            -150.6171,
            65.0814
          ],
          [
            -150.6676,
            64.932
          ],
          [
            -150.7177,
            64.7826
          ],
          [
            -150.7871,
            64.5734
          ],
          [
            -150.8166,
            64.4837
          ],
          [
            -150.8557,
            64.3642
          ],
          [
            -150.9042,
            64.2147
          ],
          [
            -150.9619,
            64.0354
          ],
          [
            -150.981,
            63.9756
          ],
          [
            -151.0285,
            63.8261
          ],
          [
            -151.085,
            63.6467
          ],
          [
            -151.1595,
            63.4075
          ],
          [
            -151.1872,
            63.3177
          ],
          [
            -151.2422,
            63.1383
          ],
          [
            -151.2786,
            63.0187
          ],
          [
            -151.3507,
            62.7794
          ],
          [
            -151.3686,
            62.7195
          ],
          [
            -151.4131,
            62.57
          ],
          [
            -151.4573,
            62.4204
          ],
          [
            -151.4924,
            62.3007
          ],
          [
            -151.536,
            62.1511
          ],
          [
            -151.6051,
            61.9117
          ],
          [
            -151.6564,
            61.7322
          ],
          [
            -151.6819,
            61.6424
          ],
          [
            -151.7409,
            61.4329
          ],
          [
            -151.7828,
            61.2832
          ],
          [
            -151.8574,
            61.0138
          ],
          [
            -151.9148,
            60.8042
          ],
          [
            -151.9635,
            60.6246
          ],
          [
            -152.0039,
            60.4749
          ],
          [
            -152.036,
            60.3551
          ],
          [
            -152.0838,
            60.1754
          ],
          [
            -152.1391,
            59.9658
          ],
          [
            -152.1705,
            59.846
          ],
          [
            -152.2173,
            59.6662
          ],
          [
            -152.2483,
            59.5464
          ],
          [
            -152.2945,
            59.3667
          ],
          [
            -152.348,
            59.157
          ],
          [
            -152.3859,
            59.0072
          ],
          [
            -152.4236,
            58.8574
          ],
          [
            -152.476,
            58.6476
          ],
          [
            -152.5501,
            58.348
          ],
          [
            -152.5795,
            58.2281
          ],
          [
            -152.6379,
            57.9883
          ],
          [
            -152.6669,
            57.8685
          ],
          [
            -152.7245,
            57.6287
          ],
          [
            -152.7958,
            57.3289
          ],
          [
            -152.8593,
            57.0591
          ],
          [
            -152.8943,
            56.9092
          ],
          [
            -152.943,
            56.6993
          ],
          [
            -153.0051,
            56.4294
          ],
          [
            -153.0325,
            56.3094
          ],
          [
            -153.0802,
            56.0995
          ],
          [
            -153.1208,
            55.9196
          ],
          [
            -153.1946,
            55.5896
          ],
          [
            -153.2544,
            55.3197
          ],
          [
            -153.2808,
            55.1997
          ],
          [
            -153.3333,
            54.9596
          ],
          [
            -153.3854,
            54.7196
          ],
          [
            -153.4628,
            54.3596
          ],
          [
            -153.533,
            54.0295
          ],
          [
            -153.571,
            53.8494
          ],
          [
            -153.6276,
            53.5793
          ],
          [
            -153.6713,
            53.3691
          ],
          [
            -153.7271,
            53.099
          ],
          [
            -153.7886,
            52.7988
          ],
          [
            -153.8435,
            52.5286
          ],
          [
            -153.8859,
            52.3184
          ],
          [
            -153.97,
            51.898
          ],
          [
            -154.0354,
            51.5677
          ],
          [
            -154.0826,
            51.3274
          ],
          [
            -154.1295,
            51.0871
          ],
          [
            -154.2051,
            50.6966
          ],
          [
            -154.2512,
            50.4563
          ],
          [
            -154.2971,
            50.2159
          ],
          [
            -154.3427,
            49.9755
          ],
          [
            -154.3767,
            49.7953
          ],
          [
            -154.4162,
            49.5849
          ],
          [
            -154.4667,
            49.3145
          ],
          [
            -154.5446,
            48.8937
          ],
          [
            -154.6327,
            48.4128
          ],
          [
            -154.7036,
            48.022
          ],
          [
            -154.7631,
            47.6913
          ],
          [
            -154.79,
            47.5409
          ],
          [
            -154.8382,
            47.2703
          ],
          [
            -154.8755,
            47.0598
          ],
          [
            -154.9285,
            46.7591
          ],
          [
            -154.9654,
            46.5486
          ],
          [
            -155.0283,
            46.1877
          ],
          [
            -155.1218,
            45.6462
          ],
          [
            -155.1733,
            45.3454
          ],
          [
            -155.2143,
            45.1047
          ],
          [
            -155.2805,
            44.7136
          ],
          [
            -155.3412,
            44.3525
          ],
          [
            -155.3714,
            44.1719
          ],
          [
            -155.4564,
            43.6603
          ],
          [
            -155.511,
            43.3292
          ],
          [
            -155.5653,
            42.998
          ],
          [
            -155.6437,
            42.5163
          ],
          [
            -155.7118,
            42.0948
          ],
          [
            -155.7746,
            41.7033
          ],
          [
            -155.8418,
            41.2817
          ],
          [
            -155.88,
            41.0407
          ],
          [
            -155.9607,
            40.5287
          ],
          [
            -156.0642,
            39.8659
          ],
          [
            -156.1249,
            39.4742
          ],
          [
            -156.2176,
            38.8715
          ],
          [
            -156.2958,
            38.3591
          ],
          [
            -156.3689,
            37.8768
          ],
          [
            -156.4596,
            37.2739
          ],
          [
            -156.5092,
            36.9422
          ],
          [
            -156.5541,
            36.6406
          ],
          [
            -156.6256,
            36.1581
          ],
          [
            -156.7188,
            35.5247
          ],
          [
            -156.8113,
            34.8912
          ],
          [
            -156.8857,
            34.3783
          ],
          [
            -156.9423,
            33.986
          ],
          [
            -156.99,
            33.654
          ],
          [
            -157.072,
            33.0806
          ],
          [
            -157.1364,
            32.6278
          ],
          [
            -157.1706,
            32.3862
          ],
          [
            -157.2558,
            31.7824
          ],
          [
            -157.3658,
            30.9972
          ],
          [
            -157.4708,
            30.2421
          ],
          [
            -157.537,
            29.7626
          ]
        ]
      }
    },
    {
      "type": "Feature",
      "properties": {
        "instrument": "SHARAD_HIGHRES",
        "product_id": "R_7891201_001_SS4_700_A",
        "dat_file": "r_7891201_001_ss4_700_a.dat",
        "lbl_file": "r_7891201_001_ss4_700_a.lbl"
      },
      "geometry": {
        "type": "LineString",
        "coordinates": [
          [
            -166.1437,
            44.6203
          ],
          [
            -166.1841,
            44.3794
          ],
          [
            -166.2443,
            44.0181
          ],
          [
            -166.2843,
            43.7771
          ],
          [
            -166.3538,
            43.3554
          ],
          [
            -166.4326,
            42.8734
          ],
          [
            -166.4815,
            42.5721
          ],
          [
            -166.5496,
            42.1503
          ],
          [
            -166.6076,
            41.7886
          ],
          [
            -166.6748,
            41.3667
          ],
          [
            -166.7416,
            40.9447
          ],
          [
            -166.8268,
            40.402
          ],
          [
            -166.8926,
            39.9799
          ],
          [
            -166.9487,
            39.618
          ],
          [
            -166.9952,
            39.3165
          ],
          [
            -167.0692,
            38.8339
          ],
          [
            -167.1152,
            38.5322
          ],
          [
            -167.1884,
            38.0495
          ],
          [
            -167.243,
            37.6874
          ],
          [
            -167.3154,
            37.2046
          ],
          [
            -167.3694,
            36.8424
          ],
          [
            -167.4142,
            36.5406
          ],
          [
            -167.4677,
            36.1784
          ],
          [
            -167.5388,
            35.6953
          ],
          [
            -167.583,
            35.3934
          ],
          [
            -167.6709,
            34.7894
          ],
          [
            -167.7321,
            34.3666
          ],
          [
            -167.8017,
            33.8833
          ],
          [
            -167.845,
            33.5812
          ],
          [
            -167.9053,
            33.1582
          ],
          [
            -167.9655,
            32.7351
          ],
          [
            -168.0339,
            32.2516
          ],
          [
            -168.1528,
            31.4052
          ],
          [
            -168.2119,
            30.9819
          ],
          [
            -168.2959,
            30.3771
          ],
          [
            -168.3628,
            29.8932
          ],
          [
            -168.4377,
            29.3488
          ],
          [
            -168.4957,
            28.9252
          ],
          [
            -168.57,
            28.3806
          ],
          [
            -168.6849,
            27.5332
          ],
          [
            -168.7665,
            26.9278
          ],
          [
            -168.8234,
            26.504
          ],
          [
            -168.9044,
            25.8984
          ],
          [
            -169.0172,
            25.0504
          ],
          [
            -169.1453,
            24.081
          ],
          [
            -169.2011,
            23.6567
          ],
          [
            -169.2964,
            22.9294
          ],
          [
            -169.3676,
            22.3838
          ],
          [
            -169.4386,
            21.838
          ],
          [
            -169.5172,
            21.2316
          ],
          [
            -169.5799,
            20.7463
          ],
          [
            -169.7126,
            19.7149
          ],
          [
            -169.7981,
            19.0474
          ],
          [
            -169.8756,
            18.4404
          ],
          [
            -169.9837,
            17.5905
          ],
          [
            -170.0838,
            16.801
          ],
          [
            -170.1452,
            16.3151
          ],
          [
            -170.2371,
            15.5861
          ],
          [
            -170.3244,
            14.8916
          ]
        ]
      }
    },
    {
      "type": "Feature",
      "properties": {
        "instrument": "SHARAD_HIGHRES",
        "product_id": "R_7714503_001_SS4_700_A",
        "dat_file": "r_7714503_001_ss4_700_a.dat",
        "lbl_file": "r_7714503_001_ss4_700_a.lbl"
      },
      "geometry": {
        "type": "LineString",
        "coordinates": [
          [
            -156.6464,
            74.7908
          ],
          [
            -156.6911,
            74.7317
          ],
          [
            -156.7354,
            74.6727
          ],
          [
            -156.7794,
            74.6135
          ],
          [
            -156.8232,
            74.5544
          ],
          [
            -156.9098,
            74.4362
          ],
          [
            -156.9526,
            74.3771
          ],
          [
            -157.0375,
            74.2588
          ],
          [
            -157.0796,
            74.1996
          ],
          [
            -157.1213,
            74.1405
          ],
          [
            -157.2041,
            74.0221
          ],
          [
            -157.2858,
            73.9038
          ],
          [
            -157.3664,
            73.7854
          ],
          [
            -157.4064,
            73.7262
          ],
          [
            -157.4461,
            73.667
          ],
          [
            -157.4855,
            73.6077
          ],
          [
            -157.5637,
            73.4893
          ],
          [
            -157.6024,
            73.43
          ],
          [
            -157.6792,
            73.3116
          ],
          [
            -157.7172,
            73.2523
          ],
          [
            -157.755,
            73.1931
          ],
          [
            -157.7926,
            73.1338
          ],
          [
            -157.8299,
            73.0745
          ],
          [
            -157.904,
            72.956
          ],
          [
            -157.9406,
            72.8967
          ],
          [
            -158.0134,
            72.7781
          ],
          [
            -158.0494,
            72.7188
          ],
          [
            -158.0853,
            72.6595
          ],
          [
            -158.1564,
            72.5408
          ],
          [
            -158.1916,
            72.4815
          ],
          [
            -158.2615,
            72.3629
          ],
          [
            -158.3306,
            72.2442
          ],
          [
            -158.3989,
            72.1255
          ],
          [
            -158.4328,
            72.0661
          ],
          [
            -158.5,
            71.9474
          ],
          [
            -158.5664,
            71.8286
          ],
          [
            -158.5994,
            71.7693
          ],
          [
            -158.6322,
            71.7099
          ],
          [
            -158.6648,
            71.6505
          ],
          [
            -158.7295,
            71.5317
          ],
          [
            -158.7935,
            71.4129
          ],
          [
            -158.8252,
            71.3535
          ],
          [
            -158.8883,
            71.2346
          ],
          [
            -158.9195,
            71.1752
          ],
          [
            -158.9816,
            71.0564
          ],
          [
            -159.043,
            70.9375
          ],
          [
            -159.1038,
            70.8186
          ],
          [
            -159.1639,
            70.6997
          ],
          [
            -159.2235,
            70.5807
          ],
          [
            -159.2531,
            70.5213
          ],
          [
            -159.2825,
            70.4618
          ],
          [
            -159.3409,
            70.3428
          ],
          [
            -159.3699,
            70.2834
          ],
          [
            -159.4275,
            70.1644
          ],
          [
            -159.4845,
            70.0454
          ],
          [
            -159.5128,
            69.9859
          ],
          [
            -159.569,
            69.8669
          ],
          [
            -159.5969,
            69.8074
          ],
          [
            -159.6523,
            69.6883
          ],
          [
            -159.7072,
            69.5693
          ],
          [
            -159.7616,
            69.4502
          ],
          [
            -159.8155,
            69.3311
          ],
          [
            -159.8689,
            69.212
          ],
          [
            -159.8954,
            69.1525
          ],
          [
            -159.9481,
            69.0334
          ],
          [
            -159.9743,
            68.9738
          ],
          [
            -160.0263,
            68.8547
          ],
          [
            -160.0778,
            68.7356
          ],
          [
            -160.1289,
            68.6164
          ],
          [
            -160.1543,
            68.5568
          ],
          [
            -160.2297,
            68.3781
          ],
          [
            -160.2547,
            68.3185
          ],
          [
            -160.3043,
            68.1993
          ],
          [
            -160.3289,
            68.1397
          ],
          [
            -160.3778,
            68.0205
          ],
          [
            -160.4264,
            67.9012
          ],
          [
            -160.4745,
            67.782
          ],
          [
            -160.5223,
            67.6627
          ],
          [
            -160.5932,
            67.4839
          ],
          [
            -160.64,
            67.3646
          ],
          [
            -160.7095,
            67.1857
          ],
          [
            -160.7325,
            67.126
          ],
          [
            -160.8009,
            66.947
          ],
          [
            -160.8685,
            66.7681
          ],
          [
            -160.9131,
            66.6487
          ],
          [
            -160.9795,
            66.4697
          ],
          [
            -161.0233,
            66.3503
          ],
          [
            -161.0884,
            66.1713
          ],
          [
            -161.1314,
            66.0519
          ],
          [
            -161.1741,
            65.9325
          ],
          [
            -161.2585,
            65.6937
          ],
          [
            -161.3003,
            65.5743
          ],
          [
            -161.3624,
            65.3951
          ],
          [
            -161.4034,
            65.2757
          ],
          [
            -161.4442,
            65.1562
          ],
          [
            -161.5048,
            64.977
          ],
          [
            -161.5248,
            64.9173
          ],
          [
            -161.5846,
            64.7381
          ],
          [
            -161.6241,
            64.6186
          ],
          [
            -161.6634,
            64.4991
          ],
          [
            -161.6829,
            64.4393
          ],
          [
            -161.7411,
            64.26
          ],
          [
            -161.7796,
            64.1405
          ],
          [
            -161.8178,
            64.021
          ],
          [
            -161.8747,
            63.8417
          ],
          [
            -161.9123,
            63.7221
          ],
          [
            -161.9683,
            63.5428
          ],
          [
            -162.0421,
            63.3036
          ],
          [
            -162.0969,
            63.1242
          ],
          [
            -162.1331,
            63.0046
          ],
          [
            -162.1871,
            62.8252
          ],
          [
            -162.2228,
            62.7056
          ],
          [
            -162.2759,
            62.5262
          ],
          [
            -162.3286,
            62.3467
          ],
          [
            -162.3981,
            62.1074
          ],
          [
            -162.4497,
            61.9279
          ],
          [
            -162.4839,
            61.8082
          ],
          [
            -162.5348,
            61.6287
          ],
          [
            -162.5516,
            61.5689
          ],
          [
            -162.5852,
            61.4492
          ],
          [
            -162.6519,
            61.2098
          ],
          [
            -162.7014,
            61.0302
          ],
          [
            -162.7505,
            60.8506
          ],
          [
            -162.7992,
            60.671
          ],
          [
            -162.8475,
            60.4914
          ],
          [
            -162.8795,
            60.3717
          ],
          [
            -162.9272,
            60.192
          ],
          [
            -162.9588,
            60.0723
          ],
          [
            -163.0059,
            59.8926
          ],
          [
            -163.0371,
            59.7728
          ],
          [
            -163.099,
            59.5332
          ],
          [
            -163.1603,
            59.2936
          ],
          [
            -163.2059,
            59.1139
          ],
          [
            -163.2361,
            58.9941
          ],
          [
            -163.2961,
            58.7544
          ],
          [
            -163.3407,
            58.5747
          ],
          [
            -163.385,
            58.3949
          ],
          [
            -163.429,
            58.2151
          ],
          [
            -163.4727,
            58.0353
          ],
          [
            -163.5161,
            57.8555
          ],
          [
            -163.5592,
            57.6756
          ],
          [
            -163.602,
            57.4958
          ],
          [
            -163.6304,
            57.3759
          ],
          [
            -163.6868,
            57.1361
          ],
          [
            -163.7288,
            56.9562
          ],
          [
            -163.7705,
            56.7763
          ],
          [
            -163.8394,
            56.4765
          ],
          [
            -163.8668,
            56.3565
          ],
          [
            -163.9212,
            56.1166
          ],
          [
            -163.9752,
            55.8767
          ],
          [
            -164.002,
            55.7567
          ],
          [
            -164.0686,
            55.4567
          ],
          [
            -164.1082,
            55.2767
          ],
          [
            -164.1868,
            54.9167
          ],
          [
            -164.2516,
            54.6166
          ],
          [
            -164.303,
            54.3766
          ],
          [
            -164.3413,
            54.1965
          ],
          [
            -164.392,
            53.9564
          ],
          [
            -164.4424,
            53.7163
          ],
          [
            -164.4924,
            53.4761
          ],
          [
            -164.5667,
            53.1159
          ],
          [
            -164.6159,
            52.8757
          ],
          [
            -164.6647,
            52.6355
          ],
          [
            -164.7373,
            52.2751
          ],
          [
            -164.7972,
            51.9748
          ],
          [
            -164.8448,
            51.7345
          ],
          [
            -164.9039,
            51.4341
          ],
          [
            -164.9625,
            51.1337
          ],
          [
            -164.9858,
            51.0135
          ],
          [
            -165.062,
            50.6181
          ],
          [
            -165.1052,
            50.3921
          ],
          [
            -165.1509,
            50.1517
          ],
          [
            -165.2302,
            49.7309
          ],
          [
            -165.3087,
            49.31
          ],
          [
            -165.3643,
            49.0094
          ],
          [
            -165.4085,
            48.7689
          ],
          [
            -165.4634,
            48.4682
          ],
          [
            -165.5288,
            48.1073
          ],
          [
            -165.5613,
            47.9269
          ],
          [
            -165.6259,
            47.5659
          ],
          [
            -165.6687,
            47.3253
          ],
          [
            -165.7113,
            47.0846
          ],
          [
            -165.7853,
            46.6634
          ],
          [
            -165.8168,
            46.4829
          ],
          [
            -165.8795,
            46.1218
          ],
          [
            -165.9417,
            45.7607
          ],
          [
            -166.024,
            45.2791
          ],
          [
            -166.0649,
            45.0382
          ],
          [
            -166.1157,
            44.7372
          ],
          [
            -166.1763,
            44.3759
          ],
          [
            -166.2165,
            44.135
          ],
          [
            -166.2864,
            43.7134
          ],
          [
            -166.3459,
            43.352
          ],
          [
            -166.3755,
            43.1712
          ],
          [
            -166.454,
            42.6893
          ],
          [
            -166.493,
            42.4482
          ],
          [
            -166.5512,
            42.0867
          ],
          [
            -166.5995,
            41.7853
          ],
          [
            -166.6858,
            41.2429
          ],
          [
            -166.7619,
            40.7606
          ],
          [
            -166.8186,
            40.3988
          ],
          [
            -166.8656,
            40.0973
          ],
          [
            -166.9404,
            39.6149
          ],
          [
            -167.0239,
            39.072
          ],
          [
            -167.1068,
            38.5291
          ],
          [
            -167.1617,
            38.1671
          ],
          [
            -167.2436,
            37.624
          ],
          [
            -167.2798,
            37.3826
          ],
          [
            -167.3698,
            36.779
          ],
          [
            -167.4324,
            36.3564
          ],
          [
            -167.4947,
            35.9337
          ],
          [
            -167.539,
            35.6318
          ],
          [
            -167.6359,
            34.9675
          ],
          [
            -167.7059,
            34.4842
          ],
          [
            -167.7929,
            33.8801
          ],
          [
            -167.8879,
            33.2154
          ],
          [
            -167.9309,
            32.9132
          ],
          [
            -167.9994,
            32.4296
          ],
          [
            -168.1015,
            31.7042
          ],
          [
            -168.2029,
            30.9785
          ],
          [
            -168.2785,
            30.4342
          ],
          [
            -168.3663,
            29.7984
          ]
        ]
      }
    },
    {
      "type": "Feature",
      "properties": {
        "product_id": "R_3710801_001_SS19_700_A",
        "instrument": "SHARAD_HIGHRES",
        "dat_file": "r_3710801_001_ss19_700_a.dat",
        "lbl_file": "r_3710801_001_ss19_700_a.lbl"
      },
      "geometry": {
        "type": "LineString",
        "coordinates": [
          [
            -156.8985,
            74.5797
          ],
          [
            -156.9423,
            74.5206
          ],
          [
            -157.0289,
            74.4023
          ],
          [
            -157.0931,
            74.3136
          ],
          [
            -157.1356,
            74.2544
          ],
          [
            -157.2197,
            74.1361
          ],
          [
            -157.2821,
            74.0473
          ],
          [
            -157.3233,
            73.9881
          ],
          [
            -157.3847,
            73.8993
          ],
          [
            -157.4455,
            73.8105
          ],
          [
            -157.4857,
            73.7513
          ],
          [
            -157.5456,
            73.6624
          ],
          [
            -157.6049,
            73.5736
          ],
          [
            -157.6441,
            73.5143
          ],
          [
            -157.7025,
            73.4255
          ],
          [
            -157.7795,
            73.307
          ],
          [
            -157.8367,
            73.2181
          ],
          [
            -157.8745,
            73.1588
          ],
          [
            -157.9308,
            73.0699
          ],
          [
            -158.0051,
            72.9513
          ],
          [
            -158.0419,
            72.892
          ],
          [
            -158.1149,
            72.7734
          ],
          [
            -158.1691,
            72.6844
          ],
          [
            -158.2228,
            72.5954
          ],
          [
            -158.2761,
            72.5064
          ],
          [
            -158.3289,
            72.4174
          ],
          [
            -158.3813,
            72.3284
          ],
          [
            -158.4332,
            72.2393
          ],
          [
            -158.4847,
            72.1503
          ],
          [
            -158.5527,
            72.0315
          ],
          [
            -158.6032,
            71.9425
          ],
          [
            -158.6699,
            71.8237
          ],
          [
            -158.7194,
            71.7346
          ],
          [
            -158.7849,
            71.6158
          ],
          [
            -158.8335,
            71.5267
          ],
          [
            -158.9137,
            71.3781
          ],
          [
            -158.9613,
            71.289
          ],
          [
            -159.0242,
            71.1701
          ],
          [
            -159.0554,
            71.1107
          ],
          [
            -159.1019,
            71.0215
          ],
          [
            -159.1634,
            70.9026
          ],
          [
            -159.2544,
            70.7242
          ],
          [
            -159.2994,
            70.635
          ],
          [
            -159.3589,
            70.516
          ],
          [
            -159.4178,
            70.397
          ],
          [
            -159.4616,
            70.3078
          ],
          [
            -159.5195,
            70.1888
          ],
          [
            -159.5482,
            70.1293
          ],
          [
            -159.6053,
            70.0102
          ],
          [
            -159.6336,
            69.9507
          ],
          [
            -159.6618,
            69.8912
          ],
          [
            -159.7178,
            69.7722
          ],
          [
            -159.7594,
            69.6829
          ],
          [
            -159.8145,
            69.5638
          ],
          [
            -159.8691,
            69.4447
          ],
          [
            -159.9232,
            69.3256
          ],
          [
            -159.9901,
            69.1767
          ],
          [
            -160.0562,
            69.0278
          ],
          [
            -160.0956,
            68.9384
          ],
          [
            -160.1476,
            68.8192
          ],
          [
            -160.1735,
            68.7597
          ],
          [
            -160.2376,
            68.6107
          ],
          [
            -160.2884,
            68.4915
          ],
          [
            -160.3388,
            68.3723
          ],
          [
            -160.3763,
            68.2829
          ],
          [
            -160.4506,
            68.104
          ],
          [
            -160.4874,
            68.0146
          ],
          [
            -160.5361,
            67.8954
          ],
          [
            -160.6084,
            67.7165
          ],
          [
            -160.6561,
            67.5972
          ],
          [
            -160.7152,
            67.4481
          ],
          [
            -160.7737,
            67.2989
          ],
          [
            -160.8201,
            67.1796
          ],
          [
            -160.8661,
            67.0603
          ],
          [
            -160.9004,
            66.9708
          ],
          [
            -160.9458,
            66.8515
          ],
          [
            -160.9796,
            66.7619
          ],
          [
            -161.0244,
            66.6426
          ],
          [
            -161.0799,
            66.4934
          ],
          [
            -161.1239,
            66.374
          ],
          [
            -161.1785,
            66.2247
          ],
          [
            -161.2218,
            66.1053
          ],
          [
            -161.2754,
            65.9561
          ],
          [
            -161.3074,
            65.8665
          ],
          [
            -161.3603,
            65.7172
          ],
          [
            -161.4023,
            65.5978
          ],
          [
            -161.4647,
            65.4186
          ],
          [
            -161.5162,
            65.2692
          ],
          [
            -161.5774,
            65.09
          ],
          [
            -161.648,
            64.8809
          ],
          [
            -161.688,
            64.7614
          ],
          [
            -161.7277,
            64.6419
          ],
          [
            -161.7573,
            64.5523
          ],
          [
            -161.8258,
            64.3431
          ],
          [
            -161.8742,
            64.1937
          ],
          [
            -161.9127,
            64.0741
          ],
          [
            -161.9414,
            63.9844
          ],
          [
            -162.0078,
            63.7752
          ],
          [
            -162.0454,
            63.6556
          ],
          [
            -162.092,
            63.5061
          ],
          [
            -162.1384,
            63.3566
          ],
          [
            -162.1752,
            63.237
          ],
          [
            -162.2662,
            62.938
          ],
          [
            -162.3022,
            62.8184
          ],
          [
            -162.3736,
            62.5791
          ],
          [
            -162.4529,
            62.3098
          ],
          [
            -162.4965,
            62.1603
          ],
          [
            -162.5398,
            62.0107
          ],
          [
            -162.5742,
            61.891
          ],
          [
            -162.6169,
            61.7414
          ],
          [
            -162.6594,
            61.5917
          ],
          [
            -162.7099,
            61.4122
          ],
          [
            -162.7517,
            61.2625
          ],
          [
            -162.8015,
            61.0829
          ],
          [
            -162.8754,
            60.8135
          ],
          [
            -162.9484,
            60.5441
          ],
          [
            -162.9806,
            60.4243
          ],
          [
            -163.0206,
            60.2746
          ],
          [
            -163.0524,
            60.1548
          ],
          [
            -163.0998,
            59.9751
          ],
          [
            -163.1312,
            59.8553
          ],
          [
            -163.178,
            59.6756
          ],
          [
            -163.209,
            59.5558
          ],
          [
            -163.2629,
            59.3461
          ],
          [
            -163.3011,
            59.1964
          ],
          [
            -163.3693,
            58.9267
          ],
          [
            -163.4293,
            58.687
          ],
          [
            -163.4591,
            58.5672
          ],
          [
            -163.5256,
            58.2975
          ],
          [
            -163.5987,
            57.9978
          ],
          [
            -163.6494,
            57.788
          ],
          [
            -163.6925,
            57.6081
          ],
          [
            -163.7211,
            57.4882
          ],
          [
            -163.7779,
            57.2484
          ],
          [
            -163.8552,
            56.9186
          ],
          [
            -163.9316,
            56.5887
          ],
          [
            -163.9729,
            56.4088
          ],
          [
            -164.0071,
            56.2588
          ],
          [
            -164.0547,
            56.0489
          ],
          [
            -164.0885,
            55.8989
          ],
          [
            -164.1556,
            55.5989
          ],
          [
            -164.1889,
            55.4489
          ],
          [
            -164.2747,
            55.0589
          ],
          [
            -164.3074,
            54.9089
          ],
          [
            -164.3659,
            54.6388
          ],
          [
            -164.4046,
            54.4588
          ],
          [
            -164.4559,
            54.2187
          ],
          [
            -164.5258,
            53.8885
          ],
          [
            -164.5762,
            53.6484
          ],
          [
            -164.6075,
            53.4983
          ],
          [
            -164.6387,
            53.3482
          ],
          [
            -164.6883,
            53.108
          ],
          [
            -164.7437,
            52.8377
          ],
          [
            -164.8169,
            52.4774
          ],
          [
            -164.8532,
            52.2972
          ],
          [
            -164.9313,
            51.9067
          ],
          [
            -164.973,
            51.6965
          ],
          [
            -165.0026,
            51.5463
          ],
          [
            -165.0498,
            51.306
          ],
          [
            -165.0967,
            51.0656
          ],
          [
            -165.1896,
            50.5849
          ],
          [
            -165.2528,
            50.2543
          ],
          [
            -165.3325,
            49.8335
          ],
          [
            -165.3664,
            49.6532
          ],
          [
            -165.417,
            49.3827
          ],
          [
            -165.4617,
            49.1422
          ],
          [
            -165.5006,
            48.9317
          ],
          [
            -165.5393,
            48.7213
          ],
          [
            -165.5888,
            48.4506
          ],
          [
            -165.6489,
            48.1199
          ],
          [
            -165.7355,
            47.6387
          ],
          [
            -165.8212,
            47.1574
          ],
          [
            -165.8955,
            46.7362
          ],
          [
            -165.9639,
            46.3451
          ],
          [
            -166.0005,
            46.1345
          ],
          [
            -166.0629,
            45.7733
          ],
          [
            -166.13,
            45.3821
          ],
          [
            -166.2068,
            44.9306
          ],
          [
            -166.2576,
            44.6296
          ],
          [
            -166.3132,
            44.2984
          ],
          [
            -166.3784,
            43.907
          ],
          [
            -166.4184,
            43.6661
          ],
          [
            -166.4532,
            43.4553
          ],
          [
            -166.5421,
            42.9131
          ],
          [
            -166.6253,
            42.401
          ],
          [
            -166.6545,
            42.2203
          ],
          [
            -166.7223,
            41.7985
          ],
          [
            -166.7992,
            41.3164
          ],
          [
            -166.847,
            41.015
          ],
          [
            -166.8898,
            40.7438
          ],
          [
            -166.9796,
            40.171
          ],
          [
            -167.0733,
            39.5681
          ],
          [
            -167.1384,
            39.146
          ],
          [
            -167.1985,
            38.7539
          ],
          [
            -167.2353,
            38.5127
          ],
          [
            -167.3086,
            38.0301
          ],
          [
            -167.3769,
            37.5776
          ],
          [
            -167.4538,
            37.0647
          ],
          [
            -167.5481,
            36.431
          ],
          [
            -167.6328,
            35.8575
          ],
          [
            -167.7169,
            35.284
          ],
          [
            -167.8136,
            34.6197
          ],
          [
            -167.8704,
            34.2272
          ],
          [
            -167.9313,
            33.8044
          ],
          [
            -167.9919,
            33.3815
          ],
          [
            -168.0909,
            32.6867
          ],
          [
            -168.1764,
            32.0824
          ],
          [
            -168.2699,
            31.4175
          ],
          [
            -168.3712,
            30.692
          ],
          [
            -168.4551,
            30.0873
          ],
          [
            -168.5324,
            29.527
          ]
        ]
      }
    },
    {
      "type": "Feature",
      "properties": {
        "instrument": "SHARAD_HIGHRES",
        "product_id": "R_8667201_001_SS4_700_A",
        "dat_file": "r_8667201_001_ss4_700_a.dat",
        "lbl_file": "r_8667201_001_ss4_700_a.lbl"
      },
      "geometry": {
        "type": "LineString",
        "coordinates": [
          [
            -162.0183,
            14.8975
          ],
          [
            -162.1019,
            15.5653
          ],
          [
            -162.1781,
            16.1722
          ],
          [
            -162.3157,
            17.2643
          ],
          [
            -162.4001,
            17.9316
          ],
          [
            -162.531,
            18.9624
          ],
          [
            -162.5928,
            19.4474
          ],
          [
            -162.6858,
            20.1748
          ],
          [
            -162.7402,
            20.599
          ],
          [
            -162.8963,
            21.8107
          ],
          [
            -163.0298,
            22.8402
          ],
          [
            -163.1087,
            23.4457
          ],
          [
            -163.1879,
            24.051
          ],
          [
            -163.2913,
            24.8377
          ],
          [
            -163.4113,
            25.7453
          ],
          [
            -163.4595,
            26.1082
          ],
          [
            -163.5159,
            26.5316
          ],
          [
            -163.5806,
            27.0154
          ],
          [
            -163.6211,
            27.3177
          ],
          [
            -163.7106,
            27.9827
          ],
          [
            -163.7842,
            28.5267
          ],
          [
            -163.8581,
            29.0706
          ],
          [
            -163.9158,
            29.4935
          ],
          [
            -163.9903,
            30.0373
          ],
          [
            -164.0902,
            30.7621
          ],
          [
            -164.1404,
            31.1244
          ],
          [
            -164.2413,
            31.849
          ],
          [
            -164.292,
            32.2112
          ],
          [
            -164.3599,
            32.6941
          ],
          [
            -164.4025,
            32.9958
          ],
          [
            -164.4795,
            33.5389
          ],
          [
            -164.5397,
            33.9613
          ],
          [
            -164.6002,
            34.3836
          ],
          [
            -164.7045,
            35.1074
          ],
          [
            -164.757,
            35.4692
          ],
          [
            -164.8273,
            35.9516
          ],
          [
            -164.9069,
            36.4942
          ],
          [
            -164.9781,
            36.9764
          ],
          [
            -165.0228,
            37.2778
          ],
          [
            -165.0947,
            37.7599
          ],
          [
            -165.158,
            38.1817
          ],
          [
            -165.2125,
            38.5432
          ],
          [
            -165.2856,
            39.0251
          ],
          [
            -165.35,
            39.4467
          ],
          [
            -165.4426,
            40.0489
          ],
          [
            -165.5173,
            40.5306
          ],
          [
            -165.5831,
            40.952
          ],
          [
            -165.6493,
            41.3733
          ],
          [
            -165.6969,
            41.6743
          ],
          [
            -165.7351,
            41.915
          ],
          [
            -165.812,
            42.3964
          ],
          [
            -165.8992,
            42.9379
          ],
          [
            -165.9382,
            43.1785
          ],
          [
            -166.0167,
            43.6597
          ],
          [
            -166.0563,
            43.9003
          ],
          [
            -166.1158,
            44.2611
          ],
          [
            -166.1764,
            44.6255
          ]
        ]
      }
    },
    {
      "type": "Feature",
      "properties": {
        "instrument": "SHARAD_HIGHRES",
        "product_id": "R_7748801_001_SS4_700_A",
        "dat_file": "r_7748801_001_ss4_700_a.dat",
        "lbl_file": "r_7748801_001_ss4_700_a.lbl"
      },
      "geometry": {
        "type": "LineString",
        "coordinates": [
          [
            -156.6415,
            74.7498
          ],
          [
            -156.686,
            74.6906
          ],
          [
            -156.7302,
            74.6314
          ],
          [
            -156.8178,
            74.513
          ],
          [
            -156.8611,
            74.4537
          ],
          [
            -156.9041,
            74.3945
          ],
          [
            -156.9894,
            74.276
          ],
          [
            -157.0316,
            74.2167
          ],
          [
            -157.1151,
            74.0982
          ],
          [
            -157.1565,
            74.0389
          ],
          [
            -157.2385,
            73.9203
          ],
          [
            -157.3195,
            73.8017
          ],
          [
            -157.3596,
            73.7423
          ],
          [
            -157.439,
            73.6237
          ],
          [
            -157.4783,
            73.5644
          ],
          [
            -157.5563,
            73.4457
          ],
          [
            -157.5949,
            73.3863
          ],
          [
            -157.6715,
            73.2676
          ],
          [
            -157.7094,
            73.2082
          ],
          [
            -157.7846,
            73.0895
          ],
          [
            -157.8219,
            73.0301
          ],
          [
            -157.8957,
            72.9113
          ],
          [
            -157.9687,
            72.7925
          ],
          [
            -158.0049,
            72.733
          ],
          [
            -158.0766,
            72.6142
          ],
          [
            -158.1475,
            72.4953
          ],
          [
            -158.1826,
            72.4359
          ],
          [
            -158.2176,
            72.3764
          ],
          [
            -158.2869,
            72.2575
          ],
          [
            -158.3213,
            72.1981
          ],
          [
            -158.3894,
            72.0791
          ],
          [
            -158.4232,
            72.0197
          ],
          [
            -158.4902,
            71.9007
          ],
          [
            -158.5235,
            71.8412
          ],
          [
            -158.5894,
            71.7222
          ],
          [
            -158.6547,
            71.6032
          ],
          [
            -158.7192,
            71.4842
          ],
          [
            -158.7831,
            71.3651
          ],
          [
            -158.8147,
            71.3056
          ],
          [
            -158.8462,
            71.2461
          ],
          [
            -158.9088,
            71.127
          ],
          [
            -158.9398,
            71.0675
          ],
          [
            -159.0014,
            70.9484
          ],
          [
            -159.0926,
            70.7697
          ],
          [
            -159.1227,
            70.7101
          ],
          [
            -159.1824,
            70.591
          ],
          [
            -159.2121,
            70.5314
          ],
          [
            -159.2709,
            70.4122
          ],
          [
            -159.3292,
            70.293
          ],
          [
            -159.4156,
            70.1142
          ],
          [
            -159.4441,
            70.0546
          ],
          [
            -159.5007,
            69.9354
          ],
          [
            -159.5288,
            69.8757
          ],
          [
            -159.5846,
            69.7565
          ],
          [
            -159.6123,
            69.6969
          ],
          [
            -159.6673,
            69.5776
          ],
          [
            -159.7219,
            69.4583
          ],
          [
            -159.7759,
            69.339
          ],
          [
            -159.8294,
            69.2197
          ],
          [
            -159.8825,
            69.1004
          ],
          [
            -159.935,
            68.981
          ],
          [
            -159.9871,
            68.8617
          ],
          [
            -160.0388,
            68.7423
          ],
          [
            -160.0645,
            68.6826
          ],
          [
            -160.1408,
            68.5035
          ],
          [
            -160.1911,
            68.3841
          ],
          [
            -160.241,
            68.2647
          ],
          [
            -160.2904,
            68.1453
          ],
          [
            -160.3395,
            68.0259
          ],
          [
            -160.3639,
            67.9661
          ],
          [
            -160.4364,
            67.787
          ],
          [
            -160.4842,
            67.6675
          ],
          [
            -160.5317,
            67.548
          ],
          [
            -160.5553,
            67.4883
          ],
          [
            -160.6022,
            67.3688
          ],
          [
            -160.6487,
            67.2493
          ],
          [
            -160.6948,
            67.1298
          ],
          [
            -160.7634,
            66.9505
          ],
          [
            -160.8086,
            66.8309
          ],
          [
            -160.8535,
            66.7114
          ],
          [
            -160.8981,
            66.5918
          ],
          [
            -160.9643,
            66.4125
          ],
          [
            -160.9862,
            66.3527
          ],
          [
            -161.0514,
            66.1733
          ],
          [
            -161.0945,
            66.0537
          ],
          [
            -161.1585,
            65.8743
          ],
          [
            -161.1797,
            65.8144
          ],
          [
            -161.2428,
            65.635
          ],
          [
            -161.2845,
            65.5153
          ],
          [
            -161.3464,
            65.3359
          ],
          [
            -161.3874,
            65.2162
          ],
          [
            -161.4281,
            65.0965
          ],
          [
            -161.4685,
            64.9768
          ],
          [
            -161.5086,
            64.8571
          ],
          [
            -161.5484,
            64.7374
          ],
          [
            -161.6077,
            64.5579
          ],
          [
            -161.6469,
            64.4382
          ],
          [
            -161.6858,
            64.3184
          ],
          [
            -161.7437,
            64.1388
          ],
          [
            -161.782,
            64.0191
          ],
          [
            -161.82,
            63.8993
          ],
          [
            -161.8766,
            63.7197
          ],
          [
            -161.9327,
            63.54
          ],
          [
            -162.0066,
            63.3004
          ],
          [
            -162.0432,
            63.1806
          ],
          [
            -162.1158,
            62.941
          ],
          [
            -162.1875,
            62.7013
          ],
          [
            -162.2583,
            62.4617
          ],
          [
            -162.3109,
            62.2819
          ],
          [
            -162.3457,
            62.162
          ],
          [
            -162.3803,
            62.0422
          ],
          [
            -162.4147,
            61.9223
          ],
          [
            -162.466,
            61.7425
          ],
          [
            -162.4999,
            61.6226
          ],
          [
            -162.5504,
            61.4427
          ],
          [
            -162.6005,
            61.2628
          ],
          [
            -162.6667,
            61.023
          ],
          [
            -162.6995,
            60.9031
          ],
          [
            -162.7484,
            60.7232
          ],
          [
            -162.7969,
            60.5432
          ],
          [
            -162.845,
            60.3633
          ],
          [
            -162.9086,
            60.1234
          ],
          [
            -162.9715,
            59.8834
          ],
          [
            -163.0183,
            59.7034
          ],
          [
            -163.0647,
            59.5234
          ],
          [
            -163.1108,
            59.3434
          ],
          [
            -163.1717,
            59.1034
          ],
          [
            -163.217,
            58.9233
          ],
          [
            -163.262,
            58.7433
          ],
          [
            -163.2918,
            58.6232
          ],
          [
            -163.3657,
            58.3231
          ],
          [
            -163.4242,
            58.0829
          ],
          [
            -163.4822,
            57.8428
          ],
          [
            -163.5253,
            57.6627
          ],
          [
            -163.5966,
            57.3624
          ],
          [
            -163.653,
            57.1222
          ],
          [
            -163.709,
            56.8819
          ],
          [
            -163.7368,
            56.7618
          ],
          [
            -163.8195,
            56.4014
          ],
          [
            -163.8876,
            56.101
          ],
          [
            -163.9416,
            55.8607
          ],
          [
            -163.9928,
            55.6311
          ],
          [
            -164.0372,
            55.4304
          ],
          [
            -164.1031,
            55.1299
          ],
          [
            -164.1424,
            54.9496
          ],
          [
            -164.1944,
            54.7092
          ],
          [
            -164.2717,
            54.3485
          ],
          [
            -164.31,
            54.1682
          ],
          [
            -164.3481,
            53.9878
          ],
          [
            -164.386,
            53.8074
          ],
          [
            -164.4362,
            53.5669
          ],
          [
            -164.4736,
            53.3865
          ],
          [
            -164.5232,
            53.1459
          ],
          [
            -164.5969,
            52.7851
          ],
          [
            -164.6699,
            52.4241
          ],
          [
            -164.7061,
            52.2437
          ],
          [
            -164.7541,
            52.003
          ],
          [
            -164.8018,
            51.7624
          ],
          [
            -164.8255,
            51.642
          ],
          [
            -164.8845,
            51.3412
          ],
          [
            -164.9547,
            50.9801
          ],
          [
            -165.0011,
            50.7393
          ],
          [
            -165.0242,
            50.619
          ],
          [
            -165.0931,
            50.2578
          ],
          [
            -165.1727,
            49.8364
          ],
          [
            -165.2178,
            49.5956
          ],
          [
            -165.285,
            49.2343
          ],
          [
            -165.3516,
            48.873
          ],
          [
            -165.4067,
            48.5719
          ],
          [
            -165.4505,
            48.3309
          ],
          [
            -165.5049,
            48.0298
          ],
          [
            -165.5805,
            47.6081
          ],
          [
            -165.6447,
            47.2466
          ],
          [
            -165.6979,
            46.9453
          ],
          [
            -165.7507,
            46.644
          ],
          [
            -165.8032,
            46.3427
          ],
          [
            -165.8865,
            45.8605
          ],
          [
            -165.9485,
            45.4988
          ],
          [
            -165.9998,
            45.1974
          ],
          [
            -166.0813,
            44.715
          ],
          [
            -166.1721,
            44.1723
          ],
          [
            -166.262,
            43.6295
          ],
          [
            -166.3412,
            43.147
          ],
          [
            -166.4295,
            42.604
          ],
          [
            -166.4685,
            42.3626
          ],
          [
            -166.5267,
            42.0006
          ],
          [
            -166.5653,
            41.7592
          ],
          [
            -166.6229,
            41.3971
          ],
          [
            -166.6707,
            41.0953
          ],
          [
            -166.7372,
            40.6727
          ],
          [
            -166.8033,
            40.2501
          ],
          [
            -166.8783,
            39.7671
          ],
          [
            -166.9528,
            39.284
          ],
          [
            -167.0452,
            38.68
          ],
          [
            -167.1094,
            38.2572
          ],
          [
            -167.2005,
            37.653
          ],
          [
            -167.2819,
            37.1092
          ],
          [
            -167.3179,
            36.8675
          ],
          [
            -167.3806,
            36.4444
          ],
          [
            -167.4519,
            35.9608
          ],
          [
            -167.5404,
            35.3563
          ],
          [
            -167.6283,
            34.7516
          ],
          [
            -167.733,
            34.0259
          ],
          [
            -167.8196,
            33.421
          ],
          [
            -167.9228,
            32.695
          ],
          [
            -167.9997,
            32.1504
          ],
          [
            -168.0677,
            31.6662
          ],
          [
            -168.1607,
            31.0004
          ],
          [
            -168.2531,
            30.3344
          ],
          [
            -168.3329,
            29.7555
          ]
        ]
      }
    },
    {
      "type": "Feature",
      "properties": {
        "product_id": "R_2466401_001_SS04_700_A",
        "instrument": "SHARAD_HIGHRES",
        "dat_file": "r_2466401_001_ss04_700_a.dat",
        "lbl_file": null
      },
      "geometry": {
        "type": "LineString",
        "coordinates": [
          [
            98.749,
            74.8679
          ],
          [
            98.7028,
            74.8088
          ],
          [
            98.6569,
            74.7497
          ],
          [
            98.6112,
            74.6905
          ],
          [
            98.5659,
            74.6314
          ],
          [
            98.5209,
            74.5723
          ],
          [
            98.4762,
            74.5132
          ],
          [
            98.3877,
            74.3949
          ],
          [
            98.3003,
            74.2765
          ],
          [
            98.2571,
            74.2174
          ],
          [
            98.2141,
            74.1582
          ],
          [
            98.1714,
            74.099
          ],
          [
            98.129,
            74.0398
          ],
          [
            98.0868,
            73.9806
          ],
          [
            98.0034,
            73.8622
          ],
          [
            97.962,
            73.8029
          ],
          [
            97.9205,
            73.7431
          ],
          [
            97.8797,
            73.6839
          ],
          [
            97.8391,
            73.6247
          ],
          [
            97.7587,
            73.5062
          ],
          [
            97.6793,
            73.3876
          ],
          [
            97.64,
            73.3284
          ],
          [
            97.562,
            73.2098
          ],
          [
            97.5234,
            73.1505
          ],
          [
            97.485,
            73.0912
          ],
          [
            97.4088,
            72.9726
          ],
          [
            97.3336,
            72.854
          ],
          [
            97.2963,
            72.7946
          ],
          [
            97.2224,
            72.676
          ],
          [
            97.1858,
            72.6166
          ],
          [
            97.1494,
            72.5573
          ],
          [
            97.0771,
            72.4386
          ],
          [
            97.0057,
            72.3199
          ],
          [
            96.9703,
            72.2605
          ],
          [
            96.9001,
            72.1417
          ],
          [
            96.8307,
            72.023
          ],
          [
            96.762,
            71.9042
          ],
          [
            96.728,
            71.8448
          ],
          [
            96.6604,
            71.7259
          ],
          [
            96.6269,
            71.6665
          ],
          [
            96.5605,
            71.5477
          ],
          [
            96.4947,
            71.4288
          ],
          [
            96.4297,
            71.3099
          ],
          [
            96.3974,
            71.2504
          ],
          [
            96.3333,
            71.1315
          ],
          [
            96.2699,
            71.0126
          ],
          [
            96.2072,
            70.8936
          ],
          [
            96.1761,
            70.8342
          ],
          [
            96.1451,
            70.7747
          ],
          [
            96.0836,
            70.6557
          ],
          [
            96.0228,
            70.5367
          ],
          [
            95.9625,
            70.4177
          ],
          [
            95.9028,
            70.2987
          ],
          [
            95.8437,
            70.1796
          ],
          [
            95.7852,
            70.0605
          ],
          [
            95.7562,
            70.001
          ],
          [
            95.6985,
            69.8819
          ],
          [
            95.6414,
            69.7628
          ],
          [
            95.613,
            69.7033
          ],
          [
            95.5848,
            69.6437
          ],
          [
            95.5287,
            69.5246
          ],
          [
            95.5008,
            69.465
          ],
          [
            95.4455,
            69.3459
          ],
          [
            95.3907,
            69.2267
          ],
          [
            95.3635,
            69.1671
          ],
          [
            95.3095,
            69.048
          ],
          [
            95.2559,
            68.9288
          ],
          [
            95.2028,
            68.8096
          ],
          [
            95.1764,
            68.75
          ],
          [
            95.124,
            68.6307
          ],
          [
            95.0721,
            68.5115
          ],
          [
            95.0206,
            68.3923
          ],
          [
            94.995,
            68.3326
          ],
          [
            94.9189,
            68.1537
          ],
          [
            94.8438,
            67.9748
          ],
          [
            94.7942,
            67.8555
          ],
          [
            94.7451,
            67.7362
          ],
          [
            94.6963,
            67.6169
          ],
          [
            94.648,
            67.4975
          ],
          [
            94.6,
            67.3782
          ],
          [
            94.5524,
            67.2588
          ],
          [
            94.5052,
            67.1395
          ],
          [
            94.4351,
            66.9604
          ],
          [
            94.3429,
            66.7216
          ],
          [
            94.2521,
            66.4828
          ],
          [
            94.2073,
            66.3634
          ],
          [
            94.1627,
            66.2439
          ],
          [
            94.1185,
            66.1245
          ],
          [
            94.0746,
            66.005
          ],
          [
            94.0094,
            65.8258
          ],
          [
            93.9663,
            65.7063
          ],
          [
            93.9235,
            65.5868
          ],
          [
            93.8811,
            65.4673
          ],
          [
            93.8389,
            65.3478
          ],
          [
            93.797,
            65.2283
          ],
          [
            93.7348,
            65.049
          ],
          [
            93.6936,
            64.9295
          ],
          [
            93.6324,
            64.7501
          ],
          [
            93.592,
            64.6306
          ],
          [
            93.5518,
            64.511
          ],
          [
            93.5119,
            64.3914
          ],
          [
            93.4723,
            64.2719
          ],
          [
            93.4133,
            64.0925
          ],
          [
            93.3549,
            63.9131
          ],
          [
            93.3163,
            63.7934
          ],
          [
            93.2588,
            63.614
          ],
          [
            93.2208,
            63.4944
          ],
          [
            93.1643,
            63.3149
          ],
          [
            93.1269,
            63.1952
          ],
          [
            93.0897,
            63.0756
          ],
          [
            93.0527,
            62.9559
          ],
          [
            92.9977,
            62.7764
          ],
          [
            92.9613,
            62.6567
          ],
          [
            92.9432,
            62.5969
          ],
          [
            92.8713,
            62.3575
          ],
          [
            92.8002,
            62.118
          ],
          [
            92.765,
            61.9983
          ],
          [
            92.7125,
            61.8187
          ],
          [
            92.6605,
            61.6391
          ],
          [
            92.6089,
            61.4595
          ],
          [
            92.5408,
            61.22
          ],
          [
            92.5239,
            61.1601
          ],
          [
            92.4735,
            60.9804
          ],
          [
            92.4401,
            60.8606
          ],
          [
            92.3903,
            60.6809
          ],
          [
            92.3246,
            60.4413
          ],
          [
            92.2595,
            60.2017
          ],
          [
            92.2112,
            60.0219
          ],
          [
            92.1632,
            59.8422
          ],
          [
            92.0998,
            59.6025
          ],
          [
            92.0527,
            59.4227
          ],
          [
            92.0059,
            59.2429
          ],
          [
            91.9749,
            59.123
          ],
          [
            91.9287,
            58.9432
          ],
          [
            91.8828,
            58.7634
          ],
          [
            91.8373,
            58.5836
          ],
          [
            91.8071,
            58.4637
          ],
          [
            91.7621,
            58.2838
          ],
          [
            91.7174,
            58.1039
          ],
          [
            91.673,
            57.924
          ],
          [
            91.6289,
            57.7441
          ],
          [
            91.5851,
            57.5642
          ],
          [
            91.5416,
            57.3843
          ],
          [
            91.4984,
            57.2043
          ],
          [
            91.427,
            56.9044
          ],
          [
            91.3987,
            56.7845
          ],
          [
            91.3564,
            56.6045
          ],
          [
            91.3144,
            56.4245
          ],
          [
            91.2588,
            56.1845
          ],
          [
            91.2174,
            56.0045
          ],
          [
            91.1626,
            55.7644
          ],
          [
            91.1082,
            55.5244
          ],
          [
            91.0812,
            55.4044
          ],
          [
            91.0141,
            55.1042
          ],
          [
            90.9742,
            54.9242
          ],
          [
            90.9213,
            54.684
          ],
          [
            90.8688,
            54.4439
          ],
          [
            90.8297,
            54.2638
          ],
          [
            90.7779,
            54.0236
          ],
          [
            90.7393,
            53.8435
          ],
          [
            90.6882,
            53.6033
          ],
          [
            90.6374,
            53.363
          ],
          [
            90.587,
            53.1228
          ],
          [
            90.5245,
            52.8225
          ],
          [
            90.4625,
            52.5221
          ],
          [
            90.4133,
            52.2818
          ],
          [
            90.3523,
            51.9814
          ],
          [
            90.3038,
            51.7411
          ],
          [
            90.2078,
            51.2603
          ],
          [
            90.1366,
            50.8997
          ],
          [
            90.0895,
            50.6593
          ],
          [
            90.0544,
            50.479
          ],
          [
            89.9846,
            50.1183
          ],
          [
            89.904,
            49.6974
          ],
          [
            89.8811,
            49.5772
          ],
          [
            89.8242,
            49.2765
          ],
          [
            89.7452,
            48.8556
          ],
          [
            89.6781,
            48.4947
          ],
          [
            89.6337,
            48.2541
          ],
          [
            89.5675,
            47.8932
          ],
          [
            89.5346,
            47.7127
          ],
          [
            89.4692,
            47.3517
          ],
          [
            89.4151,
            47.0509
          ],
          [
            89.3828,
            46.8704
          ],
          [
            89.2973,
            46.3889
          ],
          [
            89.2126,
            45.9074
          ],
          [
            89.1601,
            45.6065
          ],
          [
            89.1183,
            45.3657
          ],
          [
            89.056,
            45.0045
          ],
          [
            89.025,
            44.8238
          ],
          [
            88.9531,
            44.4023
          ],
          [
            88.8716,
            43.9206
          ],
          [
            88.8009,
            43.499
          ],
          [
            88.7207,
            43.0171
          ],
          [
            88.6511,
            42.5954
          ],
          [
            88.582,
            42.1736
          ],
          [
            88.4841,
            41.5711
          ],
          [
            88.4355,
            41.2697
          ],
          [
            88.3775,
            40.9081
          ],
          [
            88.3007,
            40.4259
          ],
          [
            88.2245,
            39.9436
          ],
          [
            88.1487,
            39.4612
          ],
          [
            88.0548,
            38.8582
          ],
          [
            87.9524,
            38.1947
          ],
          [
            87.9154,
            37.9534
          ],
          [
            87.8418,
            37.4708
          ],
          [
            87.7777,
            37.0484
          ],
          [
            87.6868,
            36.445
          ],
          [
            87.6416,
            36.1432
          ],
          [
            87.5876,
            35.7811
          ],
          [
            87.507,
            35.2378
          ],
          [
            87.4447,
            34.8151
          ],
          [
            87.365,
            34.2717
          ],
          [
            87.2683,
            33.6074
          ],
          [
            87.2158,
            33.245
          ],
          [
            87.1288,
            32.6409
          ],
          [
            87.0855,
            32.3388
          ],
          [
            86.9993,
            31.7345
          ],
          [
            86.888,
            30.9489
          ],
          [
            86.786,
            30.2235
          ],
          [
            86.6979,
            29.5929
          ]
        ]
      }
    },
    {
      "type": "Feature",
      "properties": {
        "product_id": "R_6711902_001_SS4_700_A",
        "instrument": "SHARAD_HIGHRES",
        "dat_file": "r_6711902_001_ss4_700_a.dat",
        "lbl_file": null
      },
      "geometry": {
        "type": "LineString",
        "coordinates": [
          [
            94.3274,
            -9.8245
          ],
          [
            94.1045,
            -8.0481
          ],
          [
            93.9972,
            -7.1909
          ],
          [
            93.806,
            -5.6606
          ],
          [
            93.4933,
            -3.1525
          ],
          [
            93.0749,
            0.2091
          ],
          [
            93.0672,
            0.2701
          ],
          [
            92.9228,
            1.4306
          ],
          [
            92.725,
            3.0179
          ],
          [
            92.4889,
            4.9094
          ],
          [
            92.2676,
            6.678
          ],
          [
            92.084,
            8.1408
          ],
          [
            91.946,
            9.2375
          ],
          [
            91.8538,
            9.9685
          ],
          [
            91.6998,
            11.1863
          ],
          [
            91.5453,
            12.4037
          ],
          [
            91.4368,
            13.2556
          ],
          [
            91.2891,
            14.4114
          ],
          [
            91.1486,
            15.5059
          ],
          [
            90.9918,
            16.7217
          ],
          [
            90.9131,
            17.3294
          ],
          [
            90.7709,
            18.4229
          ],
          [
            90.6598,
            19.2732
          ],
          [
            90.5642,
            20.0018
          ],
          [
            90.4201,
            21.0945
          ],
          [
            90.2832,
            22.1261
          ],
          [
            90.2104,
            22.6721
          ],
          [
            90.1536,
            23.0967
          ],
          [
            90.0477,
            23.8851
          ],
          [
            89.9084,
            24.9158
          ],
          [
            89.826,
            25.5219
          ],
          [
            89.7681,
            25.9461
          ],
          [
            89.7017,
            26.4309
          ],
          [
            89.61,
            27.0973
          ],
          [
            89.5598,
            27.4608
          ],
          [
            89.4842,
            28.0059
          ],
          [
            89.3998,
            28.6115
          ],
          [
            89.2724,
            29.5196
          ],
          [
            89.2297,
            29.8222
          ],
          [
            89.1783,
            30.1854
          ],
          [
            89.1009,
            30.73
          ],
          [
            89.0144,
            31.3351
          ],
          [
            88.9187,
            32.0005
          ],
          [
            88.8399,
            32.5449
          ],
          [
            88.7783,
            32.9682
          ],
          [
            88.6987,
            33.5124
          ],
          [
            88.6186,
            34.0564
          ],
          [
            88.556,
            34.4796
          ],
          [
            88.4479,
            35.2048
          ],
          [
            88.4117,
            35.4465
          ],
          [
            88.3298,
            35.9903
          ],
          [
            88.2749,
            36.3527
          ],
          [
            88.2013,
            36.8359
          ],
          [
            88.1458,
            37.1983
          ],
          [
            88.1086,
            37.4399
          ],
          [
            88.0714,
            37.6814
          ],
          [
            88.0059,
            38.104
          ],
          [
            87.9683,
            38.3455
          ],
          [
            87.8927,
            38.8285
          ],
          [
            87.8452,
            39.1303
          ],
          [
            87.7879,
            39.4924
          ],
          [
            87.7207,
            39.9148
          ],
          [
            87.6724,
            40.2165
          ],
          [
            87.6142,
            40.5785
          ],
          [
            87.5752,
            40.8198
          ],
          [
            87.5066,
            41.242
          ],
          [
            87.4672,
            41.4833
          ],
          [
            87.4078,
            41.8451
          ],
          [
            87.368,
            42.0863
          ],
          [
            87.308,
            42.4481
          ],
          [
            87.2678,
            42.6893
          ],
          [
            87.1869,
            43.1716
          ],
          [
            87.1155,
            43.5935
          ],
          [
            87.0642,
            43.8949
          ],
          [
            86.9919,
            44.3167
          ],
          [
            86.9503,
            44.5577
          ],
          [
            86.919,
            44.7385
          ],
          [
            86.8455,
            45.1602
          ],
          [
            86.7608,
            45.6421
          ],
          [
            86.7074,
            45.9433
          ],
          [
            86.6645,
            46.1842
          ],
          [
            86.5997,
            46.5455
          ],
          [
            86.5562,
            46.7864
          ],
          [
            86.5016,
            47.0874
          ],
          [
            86.4466,
            47.3884
          ],
          [
            86.3801,
            47.7496
          ],
          [
            86.3243,
            48.0506
          ],
          [
            86.2455,
            48.4719
          ],
          [
            86.2115,
            48.6524
          ],
          [
            86.1316,
            49.0736
          ],
          [
            86.0625,
            49.4346
          ],
          [
            86.0216,
            49.6463
          ]
        ]
      }
    },
    {
      "type": "Feature",
      "properties": {
        "instrument": "SHARAD_HIGHRES",
        "product_id": "R_4033901_001_SS19_700_A",
        "dat_file": "r_4033901_001_ss19_700_a.dat",
        "lbl_file": "r_4033901_001_ss19_700_a.lbl"
      },
      "geometry": {
        "type": "LineString",
        "coordinates": [
          [
            -161.8037,
            46.412
          ],
          [
            -161.8452,
            46.1714
          ],
          [
            -161.8865,
            45.9307
          ],
          [
            -161.9378,
            45.6299
          ],
          [
            -161.999,
            45.2689
          ],
          [
            -162.0648,
            44.8778
          ],
          [
            -162.1151,
            44.5769
          ],
          [
            -162.1701,
            44.2458
          ],
          [
            -162.2099,
            44.0051
          ],
          [
            -162.2742,
            43.6138
          ],
          [
            -162.3674,
            43.0418
          ],
          [
            -162.4258,
            42.6805
          ],
          [
            -162.4597,
            42.4697
          ],
          [
            -162.4983,
            42.2288
          ],
          [
            -162.5607,
            41.8373
          ],
          [
            -162.6512,
            41.265
          ],
          [
            -162.6985,
            40.9638
          ],
          [
            -162.7502,
            40.6324
          ],
          [
            -162.7831,
            40.4214
          ],
          [
            -162.8298,
            40.1201
          ],
          [
            -162.8763,
            39.8188
          ],
          [
            -162.9226,
            39.5174
          ],
          [
            -162.9825,
            39.1256
          ],
          [
            -163.0192,
            38.8844
          ],
          [
            -163.1104,
            38.2814
          ],
          [
            -163.1783,
            37.8292
          ],
          [
            -163.2548,
            37.3165
          ],
          [
            -163.2945,
            37.0487
          ]
        ]
      }
    },
    {
      "type": "Feature",
      "properties": {
        "product_id": "R_1274004_001_SS19_700_A",
        "instrument": "SHARAD_HIGHRES",
        "dat_file": "r_1274004_001_ss19_700_a.dat",
        "lbl_file": "r_1274004_001_ss19_700_a.lbl"
      },
      "geometry": {
        "type": "LineString",
        "coordinates": [
          [
            -169.5087,
            55.4228
          ],
          [
            -169.5609,
            55.1824
          ],
          [
            -169.6062,
            54.972
          ],
          [
            -169.6576,
            54.7316
          ],
          [
            -169.7213,
            54.4311
          ],
          [
            -169.7719,
            54.1903
          ],
          [
            -169.847,
            53.8296
          ],
          [
            -169.9028,
            53.559
          ],
          [
            -169.9459,
            53.3485
          ],
          [
            -170.0131,
            53.0178
          ],
          [
            -170.0676,
            52.7471
          ],
          [
            -170.1217,
            52.4765
          ],
          [
            -170.1694,
            52.2359
          ],
          [
            -170.1991,
            52.0855
          ],
          [
            -170.2757,
            51.6945
          ],
          [
            -170.3399,
            51.3636
          ],
          [
            -170.392,
            51.0928
          ],
          [
            -170.4323,
            50.8822
          ],
          [
            -170.5122,
            50.4609
          ],
          [
            -170.5575,
            50.2202
          ],
          [
            -170.5969,
            50.0095
          ],
          [
            -170.6417,
            49.7688
          ],
          [
            -170.7084,
            49.4076
          ],
          [
            -170.7745,
            49.0464
          ],
          [
            -170.8183,
            48.8055
          ],
          [
            -170.8727,
            48.5045
          ],
          [
            -170.9321,
            48.1733
          ],
          [
            -170.9964,
            47.8119
          ],
          [
            -171.0337,
            47.6011
          ],
          [
            -171.0761,
            47.3602
          ],
          [
            -171.1393,
            46.9988
          ],
          [
            -171.1916,
            46.6976
          ],
          [
            -171.2643,
            46.2758
          ],
          [
            -171.3261,
            45.9143
          ],
          [
            -171.3874,
            45.5528
          ],
          [
            -171.4383,
            45.2514
          ],
          [
            -171.4989,
            44.8898
          ],
          [
            -171.5591,
            44.5282
          ],
          [
            -171.599,
            44.287
          ],
          [
            -171.6783,
            43.8048
          ],
          [
            -171.7226,
            43.5334
          ],
          [
            -171.7911,
            43.1114
          ],
          [
            -171.8688,
            42.6289
          ],
          [
            -171.9074,
            42.3877
          ],
          [
            -171.9746,
            41.9655
          ],
          [
            -172.0271,
            41.6337
          ],
          [
            -172.0793,
            41.3019
          ],
          [
            -172.1171,
            41.0606
          ],
          [
            -172.1876,
            40.6081
          ],
          [
            -172.239,
            40.2762
          ],
          [
            -172.3133,
            39.7934
          ],
          [
            -172.3687,
            39.4313
          ],
          [
            -172.4238,
            39.0691
          ],
          [
            -172.4923,
            38.6164
          ],
          [
            -172.5649,
            38.1334
          ],
          [
            -172.655,
            37.5295
          ],
          [
            -172.7533,
            36.8652
          ],
          [
            -172.811,
            36.4726
          ],
          [
            -172.8552,
            36.1706
          ],
          [
            -172.9212,
            35.7175
          ],
          [
            -173.0043,
            35.1435
          ],
          [
            -173.0565,
            34.7809
          ],
          [
            -173.1065,
            34.4319
          ]
        ]
      }
    },
    {
      "type": "Feature",
      "properties": {
        "product_id": "R_1297701_001_SS19_700_A",
        "instrument": "SHARAD_HIGHRES",
        "dat_file": "r_1297701_001_ss19_700_a.dat",
        "lbl_file": null
      },
      "geometry": {
        "type": "LineString",
        "coordinates": [
          [
            -158.7732,
            59.6313
          ],
          [
            -158.7962,
            59.5415
          ],
          [
            -158.857,
            59.3018
          ],
          [
            -158.8947,
            59.152
          ],
          [
            -158.9396,
            58.9722
          ],
          [
            -158.9842,
            58.7925
          ],
          [
            -159.0285,
            58.6127
          ],
          [
            -159.1017,
            58.3127
          ],
          [
            -159.174,
            58.013
          ],
          [
            -159.2241,
            57.8032
          ],
          [
            -159.2809,
            57.5634
          ],
          [
            -159.3512,
            57.2636
          ],
          [
            -159.3791,
            57.1437
          ],
          [
            -159.4207,
            56.9638
          ],
          [
            -159.4621,
            56.7839
          ],
          [
            -159.5032,
            56.6039
          ],
          [
            -159.5576,
            56.3641
          ],
          [
            -159.5981,
            56.1841
          ],
          [
            -159.6584,
            55.9142
          ],
          [
            -159.6983,
            55.7342
          ],
          [
            -159.7577,
            55.4643
          ],
          [
            -159.8361,
            55.1043
          ],
          [
            -159.8814,
            54.8943
          ],
          [
            -159.92,
            54.7143
          ],
          [
            -159.952,
            54.5642
          ],
          [
            -160.0092,
            54.2942
          ],
          [
            -160.0785,
            53.9641
          ],
          [
            -160.116,
            53.784
          ],
          [
            -160.1657,
            53.5439
          ],
          [
            -160.2089,
            53.3338
          ],
          [
            -160.2457,
            53.1537
          ],
          [
            -160.2945,
            52.9136
          ],
          [
            -160.3248,
            52.7635
          ],
          [
            -160.355,
            52.6134
          ],
          [
            -160.421,
            52.2831
          ],
          [
            -160.4923,
            51.9228
          ],
          [
            -160.5746,
            51.5024
          ],
          [
            -160.6096,
            51.3222
          ],
          [
            -160.656,
            51.0819
          ],
          [
            -160.7136,
            50.7815
          ],
          [
            -160.7992,
            50.331
          ],
          [
            -160.8726,
            49.9404
          ],
          [
            -160.9453,
            49.5498
          ],
          [
            -161.0063,
            49.2193
          ],
          [
            -161.0887,
            48.7685
          ],
          [
            -161.1703,
            48.3177
          ],
          [
            -161.2296,
            47.987
          ],
          [
            -161.2671,
            47.7766
          ],
          [
            -161.3204,
            47.476
          ],
          [
            -161.3522,
            47.2956
          ],
          [
            -161.4312,
            46.8446
          ],
          [
            -161.4678,
            46.6341
          ],
          [
            -161.5354,
            46.2431
          ],
          [
            -161.5664,
            46.0627
          ],
          [
            -161.6281,
            45.7018
          ],
          [
            -161.7046,
            45.2506
          ],
          [
            -161.7502,
            44.9798
          ],
          [
            -161.8056,
            44.6489
          ],
          [
            -161.8756,
            44.2277
          ],
          [
            -161.9154,
            43.9869
          ],
          [
            -161.9846,
            43.5656
          ],
          [
            -162.0141,
            43.3851
          ],
          [
            -162.0728,
            43.0239
          ],
          [
            -162.1457,
            42.5724
          ],
          [
            -162.194,
            42.2713
          ],
          [
            -162.266,
            41.8197
          ],
          [
            -162.2994,
            41.609
          ],
          [
            -162.3801,
            41.0971
          ],
          [
            -162.4461,
            40.6755
          ],
          [
            -162.5303,
            40.1333
          ],
          [
            -162.5768,
            39.8321
          ],
          [
            -162.6231,
            39.5308
          ],
          [
            -162.7105,
            38.9584
          ],
          [
            -162.7972,
            38.3859
          ],
          [
            -162.8471,
            38.0544
          ],
          [
            -162.8968,
            37.7228
          ],
          [
            -162.9642,
            37.2707
          ],
          [
            -163.0579,
            36.6376
          ],
          [
            -163.1288,
            36.1552
          ],
          [
            -163.1993,
            35.6728
          ],
          [
            -163.2519,
            35.3109
          ],
          [
            -163.3043,
            34.9489
          ],
          [
            -163.3608,
            34.5568
          ],
          [
            -163.4257,
            34.1043
          ],
          [
            -163.5117,
            33.5009
          ],
          [
            -163.5887,
            32.9577
          ],
          [
            -163.661,
            32.4446
          ],
          [
            -163.7498,
            31.8107
          ],
          [
            -163.8003,
            31.4485
          ],
          [
            -163.8548,
            31.056
          ],
          [
            -163.9466,
            30.3917
          ],
          [
            -164.024,
            29.8281
          ]
        ]
      }
    },
    {
      "type": "Feature",
      "properties": {
        "product_id": "R_3985901_001_SS19_700_A",
        "instrument": "SHARAD_HIGHRES",
        "dat_file": "r_3985901_001_ss19_700_a.dat",
        "lbl_file": null
      },
      "geometry": {
        "type": "LineString",
        "coordinates": [
          [
            170.9,
            0.0797
          ],
          [
            170.7382,
            1.4214
          ],
          [
            170.5358,
            3.0976
          ],
          [
            170.4069,
            4.1639
          ],
          [
            170.2373,
            5.5647
          ],
          [
            170.097,
            6.7214
          ],
          [
            169.8935,
            8.3948
          ],
          [
            169.6931,
            10.0368
          ],
          [
            169.5591,
            11.1311
          ],
          [
            169.4322,
            12.1642
          ],
          [
            169.3012,
            13.2273
          ],
          [
            169.2036,
            14.0168
          ],
          [
            169.102,
            14.8365
          ],
          [
            168.9812,
            15.8076
          ],
          [
            168.8941,
            16.5055
          ],
          [
            168.7573,
            17.5974
          ],
          [
            168.6581,
            18.3858
          ],
          [
            168.5432,
            19.2953
          ],
          [
            168.4201,
            20.265
          ],
          [
            168.3235,
            21.0225
          ],
          [
            168.1993,
            21.9917
          ],
          [
            168.1096,
            22.6882
          ],
          [
            168.0117,
            23.445
          ],
          [
            167.9488,
            23.9293
          ],
          [
            167.862,
            24.5951
          ],
          [
            167.747,
            25.4725
          ],
          [
            167.6633,
            26.1077
          ],
          [
            167.5511,
            26.9544
          ],
          [
            167.4382,
            27.8009
          ],
          [
            167.3571,
            28.4054
          ],
          [
            167.3001,
            28.8285
          ],
          [
            167.2388,
            29.2818
          ],
          [
            167.1822,
            29.6981
          ]
        ]
      }
    },
    {
      "type": "Feature",
      "properties": {
        "product_id": "R_5867501_001_SS19_700_A",
        "instrument": "SHARAD_HIGHRES",
        "dat_file": "r_5867501_001_ss19_700_a.dat",
        "lbl_file": null
      },
      "geometry": {
        "type": "LineString",
        "coordinates": [
          [
            -157.0796,
            0.0788
          ],
          [
            -157.397,
            2.6708
          ],
          [
            -157.6437,
            4.682
          ],
          [
            -157.8871,
            6.6614
          ],
          [
            -158.0635,
            8.0919
          ],
          [
            -158.2328,
            9.4609
          ],
          [
            -158.3988,
            10.7988
          ],
          [
            -158.5805,
            12.2577
          ],
          [
            -158.7439,
            13.5641
          ],
          [
            -158.8812,
            14.6573
          ],
          [
            -158.9577,
            15.2645
          ],
          [
            -159.0574,
            16.0537
          ],
          [
            -159.1574,
            16.8427
          ],
          [
            -159.2191,
            17.3281
          ],
          [
            -159.308,
            18.0257
          ],
          [
            -159.3933,
            18.6929
          ],
          [
            -159.4516,
            19.1477
          ],
          [
            -159.5725,
            20.0874
          ],
          [
            -159.6979,
            21.0571
          ],
          [
            -159.7569,
            21.5116
          ],
          [
            -159.8437,
            22.178
          ],
          [
            -159.8991,
            22.602
          ],
          [
            -159.9785,
            23.2076
          ],
          [
            -160.0502,
            23.7525
          ],
          [
            -160.1462,
            24.479
          ],
          [
            -160.2507,
            25.2658
          ],
          [
            -160.3355,
            25.9011
          ],
          [
            -160.3882,
            26.2943
          ],
          [
            -160.4655,
            26.869
          ],
          [
            -160.5472,
            27.4738
          ],
          [
            -160.6334,
            28.1086
          ],
          [
            -160.687,
            28.5016
          ],
          [
            -160.7366,
            28.8643
          ],
          [
            -160.8238,
            29.4989
          ],
          [
            -160.8989,
            30.0427
          ],
          [
            -160.9618,
            30.4959
          ],
          [
            -161.0249,
            30.9489
          ],
          [
            -161.101,
            31.4925
          ],
          [
            -161.1775,
            32.036
          ],
          [
            -161.233,
            32.4285
          ],
          [
            -161.3059,
            32.9416
          ],
          [
            -161.3576,
            33.3038
          ],
          [
            -161.4225,
            33.7564
          ],
          [
            -161.4877,
            34.209
          ],
          [
            -161.5401,
            34.5711
          ],
          [
            -161.6147,
            35.0839
          ],
          [
            -161.6809,
            35.5363
          ],
          [
            -161.7341,
            35.8981
          ],
          [
            -161.8054,
            36.3806
          ],
          [
            -161.8726,
            36.8328
          ],
          [
            -161.9402,
            37.2849
          ],
          [
            -161.9991,
            37.6767
          ],
          [
            -162.0766,
            38.189
          ],
          [
            -162.1408,
            38.6109
          ],
          [
            -162.21,
            39.0628
          ],
          [
            -162.275,
            39.4845
          ],
          [
            -162.3357,
            39.876
          ],
          [
            -162.4156,
            40.388
          ],
          [
            -162.4771,
            40.7794
          ],
          [
            -162.539,
            41.1708
          ],
          [
            -162.6494,
            41.8631
          ],
          [
            -162.7318,
            42.3747
          ],
          [
            -162.7806,
            42.6756
          ],
          [
            -162.8444,
            43.0668
          ],
          [
            -162.9136,
            43.4879
          ],
          [
            -162.9783,
            43.879
          ],
          [
            -163.0485,
            44.3001
          ],
          [
            -163.1243,
            44.7512
          ],
          [
            -163.1701,
            45.0218
          ],
          [
            -163.2418,
            45.4427
          ],
          [
            -163.3089,
            45.8335
          ],
          [
            -163.3713,
            46.1942
          ],
          [
            -163.4334,
            46.5506
          ],
          [
            -163.465,
            46.731
          ],
          [
            -163.5605,
            47.2718
          ],
          [
            -163.6248,
            47.6324
          ],
          [
            -163.695,
            48.0229
          ],
          [
            -163.7494,
            48.3233
          ],
          [
            -163.8262,
            48.7438
          ],
          [
            -163.8871,
            49.0741
          ],
          [
            -163.9484,
            49.4044
          ],
          [
            -164.0046,
            49.7046
          ],
          [
            -164.0555,
            49.9748
          ],
          [
            -164.1239,
            50.335
          ],
          [
            -164.1756,
            50.6052
          ],
          [
            -164.2451,
            50.9653
          ],
          [
            -164.3035,
            51.2654
          ],
          [
            -164.3742,
            51.6254
          ],
          [
            -164.4217,
            51.8655
          ],
          [
            -164.5056,
            52.2854
          ],
          [
            -164.5479,
            52.4954
          ],
          [
            -164.621,
            52.8553
          ],
          [
            -164.6825,
            53.1552
          ],
          [
            -164.7383,
            53.4251
          ],
          [
            -164.8134,
            53.7849
          ],
          [
            -164.8703,
            54.0547
          ],
          [
            -164.934,
            54.3545
          ],
          [
            -164.9854,
            54.5942
          ],
          [
            -165.0437,
            54.864
          ],
          [
            -165.1025,
            55.1337
          ],
          [
            -165.1486,
            55.3435
          ],
          [
            -165.1817,
            55.4933
          ],
          [
            -165.215,
            55.6431
          ],
          [
            -165.2686,
            55.8828
          ],
          [
            -165.3226,
            56.1224
          ],
          [
            -165.3839,
            56.392
          ],
          [
            -165.432,
            56.6017
          ],
          [
            -165.5013,
            56.9012
          ],
          [
            -165.5643,
            57.1707
          ],
          [
            -165.6138,
            57.3803
          ],
          [
            -165.6564,
            57.5599
          ],
          [
            -165.685,
            57.6797
          ],
          [
            -165.7426,
            57.9191
          ],
          [
            -165.808,
            58.1885
          ],
          [
            -165.8741,
            58.4579
          ],
          [
            -165.9409,
            58.7273
          ],
          [
            -166.0084,
            58.9966
          ],
          [
            -166.0843,
            59.2958
          ],
          [
            -166.1226,
            59.4454
          ],
          [
            -166.1688,
            59.6249
          ],
          [
            -166.1858,
            59.6904
          ]
        ]
      }
    },
    {
      "type": "Feature",
      "properties": {
        "product_id": "R_6553202_001_SS4_700_A",
        "instrument": "SHARAD_HIGHRES",
        "dat_file": "r_6553202_001_ss4_700_a.dat",
        "lbl_file": null
      },
      "geometry": {
        "type": "LineString",
        "coordinates": [
          [
            -158.8741,
            14.9127
          ],
          [
            -158.9436,
            15.4593
          ],
          [
            -159.052,
            16.3093
          ],
          [
            -159.2075,
            17.5231
          ],
          [
            -159.3012,
            18.2512
          ],
          [
            -159.3795,
            18.8578
          ],
          [
            -159.4423,
            19.343
          ],
          [
            -159.5289,
            20.0101
          ],
          [
            -159.6158,
            20.6769
          ],
          [
            -159.6792,
            21.1619
          ],
          [
            -159.7507,
            21.7073
          ],
          [
            -159.8304,
            22.3132
          ],
          [
            -159.9104,
            22.9191
          ],
          [
            -159.9746,
            23.4036
          ],
          [
            -160.1036,
            24.3726
          ],
          [
            -160.2009,
            25.0991
          ],
          [
            -160.2905,
            25.7649
          ],
          [
            -160.4216,
            26.7331
          ],
          [
            -160.4875,
            27.2171
          ],
          [
            -160.5371,
            27.58
          ],
          [
            -160.6367,
            28.3058
          ],
          [
            -160.7369,
            29.0314
          ],
          [
            -160.8377,
            29.7568
          ],
          [
            -160.9307,
            30.4216
          ],
          [
            -161.0413,
            31.2072
          ],
          [
            -161.1012,
            31.63
          ],
          [
            -161.1786,
            32.1737
          ],
          [
            -161.2564,
            32.7172
          ],
          [
            -161.3085,
            33.0796
          ],
          [
            -161.3783,
            33.5626
          ],
          [
            -161.4397,
            33.9852
          ],
          [
            -161.5013,
            34.4077
          ],
          [
            -161.5721,
            34.8905
          ],
          [
            -161.6344,
            35.3129
          ],
          [
            -161.7239,
            35.9163
          ],
          [
            -161.796,
            36.3989
          ],
          [
            -161.8594,
            36.8211
          ],
          [
            -161.9323,
            37.3036
          ],
          [
            -161.9781,
            37.6051
          ],
          [
            -162.0425,
            38.0271
          ],
          [
            -162.0795,
            38.2683
          ],
          [
            -162.2879,
            39.623
          ],
          [
            -162.445,
            40.6158
          ],
          [
            -162.5347,
            41.1697
          ],
          [
            -162.5913,
            41.5221
          ],
          [
            -162.64,
            41.8232
          ],
          [
            -162.6889,
            42.1243
          ],
          [
            -162.7184,
            42.3049
          ],
          [
            -162.7974,
            42.7865
          ],
          [
            -162.8571,
            43.1477
          ],
          [
            -162.8971,
            43.3885
          ],
          [
            -162.9373,
            43.6292
          ],
          [
            -163.008,
            44.0505
          ],
          [
            -163.0691,
            44.4116
          ],
          [
            -163.1082,
            44.6414
          ]
        ]
      }
    },
    {
      "type": "Feature",
      "properties": {
        "product_id": "R_6654102_001_SS4_700_A",
        "instrument": "SHARAD_HIGHRES",
        "dat_file": "r_6654102_001_ss4_700_a.dat",
        "lbl_file": null
      },
      "geometry": {
        "type": "LineString",
        "coordinates": [
          [
            -161.883,
            44.5895
          ],
          [
            -161.9138,
            44.4088
          ],
          [
            -161.975,
            44.0474
          ],
          [
            -162.0358,
            43.686
          ],
          [
            -162.0962,
            43.3245
          ],
          [
            -162.1562,
            42.963
          ],
          [
            -162.2059,
            42.6617
          ],
          [
            -162.2948,
            42.1193
          ],
          [
            -162.3536,
            41.7576
          ],
          [
            -162.3926,
            41.5165
          ],
          [
            -162.4605,
            41.0945
          ],
          [
            -162.4991,
            40.8533
          ],
          [
            -162.5854,
            40.3106
          ],
          [
            -162.6805,
            39.7074
          ],
          [
            -162.7183,
            39.4661
          ],
          [
            -162.7841,
            39.0439
          ],
          [
            -162.8309,
            38.7422
          ],
          [
            -162.9146,
            38.1991
          ],
          [
            -162.9516,
            37.9577
          ],
          [
            -163.0344,
            37.4145
          ],
          [
            -163.0984,
            36.992
          ],
          [
            -163.1802,
            36.4486
          ],
          [
            -163.2344,
            36.0863
          ],
          [
            -163.2794,
            35.7844
          ],
          [
            -163.3421,
            35.3616
          ],
          [
            -163.4134,
            34.8784
          ],
          [
            -163.4489,
            34.6367
          ],
          [
            -163.5196,
            34.1534
          ],
          [
            -163.5636,
            33.8513
          ],
          [
            -163.6162,
            33.4887
          ],
          [
            -163.7034,
            32.8843
          ],
          [
            -163.7468,
            32.582
          ],
          [
            -163.8332,
            31.9775
          ],
          [
            -163.8848,
            31.6147
          ],
          [
            -163.9533,
            31.1309
          ],
          [
            -164.0469,
            30.4656
          ],
          [
            -164.0978,
            30.1026
          ],
          [
            -164.1822,
            29.4976
          ],
          [
            -164.241,
            29.074
          ],
          [
            -164.3413,
            28.3477
          ],
          [
            -164.3746,
            28.1055
          ],
          [
            -164.441,
            27.6212
          ],
          [
            -164.4989,
            27.1974
          ],
          [
            -164.5566,
            26.7735
          ],
          [
            -164.6469,
            26.1073
          ],
          [
            -164.7123,
            25.6226
          ],
          [
            -164.7856,
            25.0774
          ],
          [
            -164.8829,
            24.3502
          ],
          [
            -164.9233,
            24.0471
          ],
          [
            -165.0119,
            23.3803
          ],
          [
            -165.0681,
            22.9559
          ],
          [
            -165.196,
            21.9857
          ],
          [
            -165.3311,
            20.9544
          ],
          [
            -165.4102,
            20.3477
          ],
          [
            -165.4812,
            19.8015
          ],
          [
            -165.5912,
            18.9517
          ],
          [
            -165.6539,
            18.4659
          ],
          [
            -165.7944,
            17.3728
          ],
          [
            -165.9032,
            16.5224
          ],
          [
            -165.9807,
            15.9148
          ],
          [
            -166.1147,
            14.8603
          ]
        ]
      }
    },
    {
      "type": "Feature",
      "properties": {
        "product_id": "R_6777202_001_SS4_700_A",
        "instrument": "SHARAD_HIGHRES",
        "dat_file": "r_6777202_001_ss4_700_a.dat",
        "lbl_file": null
      },
      "geometry": {
        "type": "LineString",
        "coordinates": [
          [
            89.8755,
            49.5953
          ],
          [
            89.8174,
            49.2946
          ],
          [
            89.7713,
            49.0541
          ],
          [
            89.7368,
            48.8736
          ],
          [
            89.6684,
            48.5128
          ],
          [
            89.6231,
            48.2722
          ],
          [
            89.578,
            48.0315
          ],
          [
            89.5332,
            47.7909
          ],
          [
            89.4775,
            47.4901
          ],
          [
            89.4222,
            47.1892
          ],
          [
            89.3782,
            46.9485
          ],
          [
            89.3236,
            46.6476
          ],
          [
            89.2692,
            46.3466
          ],
          [
            89.183,
            45.865
          ],
          [
            89.1402,
            45.6242
          ],
          [
            89.087,
            45.3232
          ],
          [
            89.0236,
            44.9619
          ],
          [
            88.9606,
            44.6006
          ],
          [
            88.8773,
            44.1187
          ],
          [
            88.7845,
            43.5766
          ],
          [
            88.7231,
            43.2151
          ],
          [
            88.6824,
            42.974
          ],
          [
            88.652,
            42.7933
          ],
          [
            88.5814,
            42.3714
          ],
          [
            88.5313,
            42.0701
          ],
          [
            88.4914,
            41.829
          ],
          [
            88.3923,
            41.2261
          ],
          [
            88.2942,
            40.6232
          ],
          [
            88.2552,
            40.3819
          ],
          [
            88.197,
            40.0201
          ],
          [
            88.1391,
            39.6582
          ],
          [
            88.0911,
            39.3566
          ],
          [
            87.9957,
            38.7533
          ],
          [
            87.92,
            38.2705
          ],
          [
            87.8167,
            37.6067
          ],
          [
            87.7236,
            37.003
          ],
          [
            87.6681,
            36.6408
          ],
          [
            87.5945,
            36.1577
          ],
          [
            87.5122,
            35.6142
          ],
          [
            87.4486,
            35.1914
          ],
          [
            87.3943,
            34.829
          ],
          [
            87.2954,
            34.1644
          ],
          [
            87.2061,
            33.5601
          ],
          [
            87.1617,
            33.2579
          ],
          [
            87.0821,
            32.7139
          ],
          [
            87.0293,
            32.3511
          ],
          [
            86.9592,
            31.8674
          ],
          [
            86.846,
            31.0813
          ],
          [
            86.7854,
            30.6579
          ],
          [
            86.6821,
            29.9319
          ],
          [
            86.588,
            29.2663
          ],
          [
            86.5114,
            28.7216
          ],
          [
            86.4775,
            28.4794
          ],
          [
            86.4183,
            28.0557
          ],
          [
            86.3593,
            27.6319
          ],
          [
            86.267,
            26.9658
          ],
          [
            86.1752,
            26.2995
          ],
          [
            86.117,
            25.8755
          ],
          [
            86.059,
            25.4514
          ],
          [
            85.9435,
            24.603
          ],
          [
            85.8205,
            23.6937
          ],
          [
            85.7145,
            22.9055
          ],
          [
            85.609,
            22.1171
          ],
          [
            85.504,
            21.3285
          ],
          [
            85.3674,
            20.2969
          ],
          [
            85.2475,
            19.3864
          ],
          [
            85.1202,
            18.4149
          ],
          [
            85.0251,
            17.6861
          ],
          [
            84.8988,
            16.714
          ],
          [
            84.773,
            15.7417
          ],
          [
            84.6555,
            14.8298
          ],
          [
            84.5306,
            13.8569
          ],
          [
            84.4294,
            13.0661
          ],
          [
            84.282,
            11.9101
          ],
          [
            84.1582,
            10.9362
          ],
          [
            83.9962,
            9.6575
          ],
          [
            83.8731,
            8.6829
          ],
          [
            83.7579,
            7.769
          ],
          [
            83.6046,
            6.55
          ],
          [
            83.4745,
            5.5135
          ],
          [
            83.2911,
            4.0495
          ],
          [
            82.9554,
            1.3639
          ],
          [
            82.3579,
            -3.4229
          ]
        ]
      }
    },
    {
      "type": "Feature",
      "properties": {
        "product_id": "R_8675101_001_SS4_700_A",
        "instrument": "SHARAD_HIGHRES",
        "dat_file": "r_8675101_001_ss4_700_a.dat",
        "lbl_file": null
      },
      "geometry": {
        "type": "LineString",
        "coordinates": [
          [
            -158.9258,
            14.8861
          ],
          [
            -158.9867,
            15.3716
          ],
          [
            -159.0783,
            16.0997
          ],
          [
            -159.2162,
            17.1916
          ],
          [
            -159.3547,
            18.283
          ],
          [
            -159.4474,
            19.0105
          ],
          [
            -159.5249,
            19.6165
          ],
          [
            -159.6104,
            20.283
          ],
          [
            -159.704,
            21.01
          ],
          [
            -159.7666,
            21.4945
          ],
          [
            -159.8451,
            22.1001
          ],
          [
            -159.9002,
            22.5239
          ],
          [
            -160.0108,
            23.3714
          ],
          [
            -160.0981,
            24.0371
          ],
          [
            -160.1778,
            24.6422
          ],
          [
            -160.2578,
            25.2472
          ],
          [
            -160.314,
            25.6706
          ],
          [
            -160.3865,
            26.2149
          ],
          [
            -160.4755,
            26.88
          ],
          [
            -160.5242,
            27.2427
          ],
          [
            -160.6057,
            27.8472
          ],
          [
            -160.6548,
            28.2098
          ],
          [
            -160.7287,
            28.7536
          ],
          [
            -160.7864,
            29.1765
          ],
          [
            -160.8443,
            29.5994
          ],
          [
            -160.9274,
            30.2034
          ],
          [
            -160.9691,
            30.5054
          ],
          [
            -161.0361,
            30.9885
          ],
          [
            -161.1118,
            31.5318
          ],
          [
            -161.1794,
            32.0148
          ],
          [
            -161.2729,
            32.6787
          ],
          [
            -161.3413,
            33.1614
          ],
          [
            -161.4359,
            33.8251
          ],
          [
            -161.5138,
            34.368
          ],
          [
            -161.5747,
            34.7901
          ],
          [
            -161.671,
            35.4535
          ],
          [
            -161.7415,
            35.9358
          ],
          [
            -161.8124,
            36.418
          ],
          [
            -161.848,
            36.6592
          ],
          [
            -161.9285,
            37.2016
          ],
          [
            -161.9915,
            37.6234
          ],
          [
            -162.0458,
            37.9849
          ],
          [
            -162.1003,
            38.3464
          ],
          [
            -162.1551,
            38.7078
          ],
          [
            -162.2378,
            39.2499
          ],
          [
            -162.2655,
            39.4305
          ],
          [
            -162.3305,
            39.8521
          ],
          [
            -162.3864,
            40.2133
          ],
          [
            -162.4709,
            40.7551
          ],
          [
            -162.5087,
            40.9959
          ],
          [
            -162.5847,
            41.4774
          ],
          [
            -162.6229,
            41.7182
          ],
          [
            -162.6901,
            42.1394
          ],
          [
            -162.7384,
            42.4402
          ],
          [
            -162.8064,
            42.8614
          ],
          [
            -162.8749,
            43.2825
          ],
          [
            -162.9439,
            43.7035
          ],
          [
            -162.9935,
            44.0042
          ],
          [
            -163.0634,
            44.4251
          ],
          [
            -163.0951,
            44.6145
          ]
        ]
      }
    },
    {
      "type": "Feature",
      "properties": {
        "product_id": "R_3908602_001_SS19_700_A",
        "instrument": "SHARAD_HIGHRES",
        "dat_file": "r_3908602_001_ss19_700_a.dat",
        "lbl_file": null
      },
      "geometry": {
        "type": "LineString",
        "coordinates": [
          [
            -153.0085,
            48.239
          ],
          [
            -153.0463,
            48.0284
          ],
          [
            -153.1053,
            47.6974
          ],
          [
            -153.1373,
            47.5168
          ],
          [
            -153.2115,
            47.0955
          ],
          [
            -153.2798,
            46.7041
          ],
          [
            -153.3683,
            46.1924
          ],
          [
            -153.4148,
            45.9214
          ],
          [
            -153.4559,
            45.6805
          ],
          [
            -153.5223,
            45.289
          ],
          [
            -153.5629,
            45.0481
          ],
          [
            -153.5983,
            44.8372
          ],
          [
            -153.6486,
            44.536
          ],
          [
            -153.7136,
            44.1444
          ],
          [
            -153.7484,
            43.9335
          ],
          [
            -153.8373,
            43.3911
          ],
          [
            -153.8961,
            43.0295
          ],
          [
            -153.9351,
            42.7884
          ],
          [
            -153.9933,
            42.4267
          ],
          [
            -154.0319,
            42.1855
          ],
          [
            -154.123,
            41.6127
          ],
          [
            -154.1801,
            41.2508
          ],
          [
            -154.2416,
            40.8588
          ],
          [
            -154.3355,
            40.2556
          ],
          [
            -154.4332,
            39.6221
          ],
          [
            -154.4748,
            39.3505
          ],
          [
            -154.5245,
            39.0243
          ]
        ]
      }
    },
    {
      "type": "Feature",
      "properties": {
        "product_id": "R_4893602_001_SS19_700_A",
        "instrument": "SHARAD_HIGHRES",
        "dat_file": "r_4893602_001_ss19_700_a.dat",
        "lbl_file": null
      },
      "geometry": {
        "type": "LineString",
        "coordinates": [
          [
            -153.1614,
            47.6273
          ],
          [
            -153.2207,
            47.2966
          ],
          [
            -153.2689,
            47.0259
          ],
          [
            -153.3115,
            46.7853
          ],
          [
            -153.3539,
            46.5446
          ],
          [
            -153.4276,
            46.1235
          ],
          [
            -153.4642,
            45.9129
          ],
          [
            -153.5318,
            45.5217
          ],
          [
            -153.6194,
            45.0101
          ],
          [
            -153.645,
            44.8597
          ],
          [
            -153.7163,
            44.4383
          ],
          [
            -153.7669,
            44.1373
          ],
          [
            -153.8122,
            43.8663
          ],
          [
            -153.8872,
            43.4147
          ],
          [
            -153.922,
            43.2039
          ],
          [
            -153.9764,
            42.8727
          ],
          [
            -154.0109,
            42.6618
          ],
          [
            -154.0746,
            42.2703
          ],
          [
            -154.1233,
            41.9691
          ],
          [
            -154.1718,
            41.6678
          ],
          [
            -154.2296,
            41.3063
          ],
          [
            -154.2872,
            40.9447
          ],
          [
            -154.3349,
            40.6433
          ],
          [
            -154.4202,
            40.1008
          ],
          [
            -154.4579,
            39.8597
          ],
          [
            -154.5095,
            39.5281
          ],
          [
            -154.5562,
            39.2266
          ],
          [
            -154.6075,
            38.8934
          ]
        ]
      }
    },
    {
      "type": "Feature",
      "properties": {
        "product_id": "R_0650301_001_SS19_700_A",
        "instrument": "SHARAD_HIGHRES",
        "dat_file": "r_0650301_001_ss19_700_a.dat",
        "lbl_file": null
      },
      "geometry": {
        "type": "LineString",
        "coordinates": [
          [
            -157.5807,
            59.7066
          ],
          [
            -157.604,
            59.6168
          ],
          [
            -157.6656,
            59.3772
          ],
          [
            -157.7114,
            59.1976
          ],
          [
            -157.7493,
            59.0478
          ],
          [
            -157.787,
            58.8981
          ],
          [
            -157.8394,
            58.6884
          ],
          [
            -157.8766,
            58.5384
          ],
          [
            -157.9209,
            58.3587
          ],
          [
            -157.9868,
            58.0891
          ],
          [
            -158.0592,
            57.7895
          ],
          [
            -158.1165,
            57.5498
          ],
          [
            -158.1521,
            57.4
          ],
          [
            -158.2367,
            57.0404
          ],
          [
            -158.3133,
            56.7107
          ],
          [
            -158.3547,
            56.5309
          ],
          [
            -158.4095,
            56.2911
          ],
          [
            -158.4503,
            56.1112
          ],
          [
            -158.4841,
            55.9613
          ],
          [
            -158.5244,
            55.7815
          ],
          [
            -158.5712,
            55.5716
          ],
          [
            -158.5978,
            55.4517
          ],
          [
            -158.6572,
            55.1818
          ],
          [
            -158.7096,
            54.9419
          ],
          [
            -158.7551,
            54.732
          ],
          [
            -158.826,
            54.4021
          ],
          [
            -158.9025,
            54.0421
          ],
          [
            -158.997,
            53.5921
          ],
          [
            -159.0282,
            53.4421
          ],
          [
            -159.0964,
            53.1121
          ],
          [
            -159.1517,
            52.8421
          ],
          [
            -159.2187,
            52.512
          ],
          [
            -159.255,
            52.3319
          ],
          [
            -159.3091,
            52.0618
          ],
          [
            -159.3806,
            51.7016
          ],
          [
            -159.4279,
            51.4615
          ],
          [
            -159.4749,
            51.2213
          ],
          [
            -159.5216,
            50.9811
          ],
          [
            -159.5564,
            50.801
          ],
          [
            -159.5911,
            50.6208
          ],
          [
            -159.6371,
            50.3806
          ],
          [
            -159.6657,
            50.2305
          ],
          [
            -159.7169,
            49.9602
          ],
          [
            -159.7565,
            49.75
          ],
          [
            -159.7959,
            49.5397
          ],
          [
            -159.8351,
            49.3295
          ],
          [
            -159.8741,
            49.1192
          ],
          [
            -159.935,
            48.7888
          ],
          [
            -159.9735,
            48.5785
          ],
          [
            -160.05,
            48.1578
          ],
          [
            -160.1096,
            47.8273
          ],
          [
            -160.1634,
            47.5268
          ],
          [
            -160.1955,
            47.3465
          ],
          [
            -160.2275,
            47.1662
          ],
          [
            -160.2858,
            46.8356
          ],
          [
            -160.349,
            46.4749
          ],
          [
            -160.4013,
            46.1743
          ],
          [
            -160.4429,
            45.9337
          ],
          [
            -160.4843,
            45.6932
          ],
          [
            -160.5358,
            45.3925
          ],
          [
            -160.6328,
            44.8212
          ],
          [
            -160.7036,
            44.4002
          ],
          [
            -160.7388,
            44.1896
          ],
          [
            -160.7988,
            43.8287
          ],
          [
            -160.8436,
            43.5579
          ],
          [
            -160.8931,
            43.2571
          ],
          [
            -160.9325,
            43.0164
          ],
          [
            -161.0157,
            42.5049
          ],
          [
            -161.0837,
            42.0836
          ],
          [
            -161.1127,
            41.903
          ],
          [
            -161.1896,
            41.4214
          ],
          [
            -161.2469,
            41.0602
          ],
          [
            -161.2944,
            40.7591
          ],
          [
            -161.3464,
            40.428
          ],
          [
            -161.4356,
            39.8559
          ],
          [
            -161.5055,
            39.4042
          ],
          [
            -161.5888,
            38.862
          ],
          [
            -161.6623,
            38.3801
          ],
          [
            -161.708,
            38.0788
          ],
          [
            -161.7626,
            37.7173
          ],
          [
            -161.8395,
            37.205
          ],
          [
            -161.9338,
            36.5722
          ],
          [
            -162.0096,
            36.0598
          ],
          [
            -162.107,
            35.3966
          ],
          [
            -162.1905,
            34.8237
          ],
          [
            -162.2604,
            34.3413
          ],
          [
            -162.3039,
            34.0397
          ],
          [
            -162.3732,
            33.5571
          ],
          [
            -162.4679,
            32.8934
          ],
          [
            -162.5321,
            32.4409
          ],
          [
            -162.613,
            31.8676
          ],
          [
            -162.7019,
            31.2338
          ],
          [
            -162.8154,
            30.4188
          ],
          [
            -162.8922,
            29.8636
          ]
        ]
      }
    },
    {
      "type": "Feature",
      "properties": {
        "product_id": "R_0577801_001_SS19_700_A",
        "instrument": "SHARAD_HIGHRES",
        "dat_file": "r_0577801_001_ss19_700_a.dat",
        "lbl_file": null
      },
      "geometry": {
        "type": "LineString",
        "coordinates": [
          [
            -165.9808,
            44.6494
          ],
          [
            -166.0011,
            44.5291
          ],
          [
            -166.0414,
            44.2884
          ],
          [
            -166.0915,
            43.9875
          ],
          [
            -166.1364,
            43.7166
          ],
          [
            -166.2009,
            43.3251
          ],
          [
            -166.2551,
            42.994
          ],
          [
            -166.3041,
            42.693
          ],
          [
            -166.3577,
            42.3618
          ],
          [
            -166.44,
            41.85
          ],
          [
            -166.5216,
            41.3381
          ],
          [
            -166.5693,
            41.037
          ],
          [
            -166.6546,
            40.4948
          ],
          [
            -166.7298,
            40.0129
          ],
          [
            -166.7859,
            39.6514
          ],
          [
            -166.8324,
            39.3501
          ],
          [
            -166.9064,
            38.868
          ],
          [
            -166.9799,
            38.3858
          ],
          [
            -167.0119,
            38.1748
          ],
          [
            -167.0711,
            37.783
          ],
          [
            -167.1345,
            37.361
          ],
          [
            -167.2245,
            36.758
          ],
          [
            -167.2737,
            36.4263
          ],
          [
            -167.3316,
            36.0343
          ],
          [
            -167.4113,
            35.4914
          ],
          [
            -167.4905,
            34.9485
          ],
          [
            -167.5343,
            34.6468
          ],
          [
            -167.5997,
            34.1943
          ],
          [
            -167.6691,
            33.7115
          ],
          [
            -167.7123,
            33.4097
          ],
          [
            -167.794,
            32.8363
          ],
          [
            -167.8496,
            32.4439
          ],
          [
            -167.9135,
            31.9911
          ],
          [
            -167.9856,
            31.4778
          ],
          [
            -168.0447,
            31.055
          ],
          [
            -168.1622,
            30.2094
          ],
          [
            -168.2331,
            29.6958
          ],
          [
            -168.2871,
            29.3031
          ],
          [
            -168.3657,
            28.729
          ],
          [
            -168.4316,
            28.2455
          ],
          [
            -168.5463,
            27.3992
          ],
          [
            -168.5993,
            27.0062
          ],
          [
            -168.6846,
            26.3712
          ],
          [
            -168.7493,
            25.8874
          ],
          [
            -168.8138,
            25.4035
          ],
          [
            -168.8901,
            24.8287
          ],
          [
            -168.9701,
            24.2236
          ],
          [
            -169.0458,
            23.6487
          ],
          [
            -169.1252,
            23.0434
          ],
          [
            -169.2122,
            22.3775
          ],
          [
            -169.2595,
            22.0142
          ],
          [
            -169.3852,
            21.0452
          ],
          [
            -169.4517,
            20.5303
          ],
          [
            -169.5336,
            19.8941
          ],
          [
            -169.623,
            19.1973
          ],
          [
            -169.7005,
            18.5912
          ],
          [
            -169.8356,
            17.5303
          ],
          [
            -169.9394,
            16.7116
          ],
          [
            -170.0199,
            16.0747
          ],
          [
            -170.1577,
            14.9806
          ]
        ]
      }
    },
    {
      "type": "Feature",
      "properties": {
        "product_id": "R_6523601_001_SS4_700_A",
        "instrument": "SHARAD_HIGHRES",
        "dat_file": "r_6523601_001_ss4_700_a.dat",
        "lbl_file": null
      },
      "geometry": {
        "type": "LineString",
        "coordinates": [
          [
            172.3301,
            29.6688
          ],
          [
            172.2799,
            29.3061
          ],
          [
            172.2299,
            28.9433
          ],
          [
            172.1552,
            28.3991
          ],
          [
            172.0726,
            27.7944
          ],
          [
            172.0232,
            27.4314
          ],
          [
            171.9494,
            26.887
          ],
          [
            171.8922,
            26.4634
          ],
          [
            171.8108,
            25.8583
          ],
          [
            171.7055,
            25.0715
          ],
          [
            171.6088,
            24.345
          ],
          [
            171.5526,
            23.9211
          ],
          [
            171.4566,
            23.1943
          ],
          [
            171.3531,
            22.4068
          ],
          [
            171.2659,
            21.7404
          ],
          [
            171.1475,
            20.8313
          ],
          [
            171.014,
            19.8007
          ],
          [
            170.9358,
            19.1943
          ],
          [
            170.8267,
            18.3452
          ],
          [
            170.6948,
            17.3138
          ],
          [
            170.602,
            16.5855
          ],
          [
            170.5018,
            15.7964
          ],
          [
            170.4019,
            15.0071
          ],
          [
            170.2564,
            13.8531
          ],
          [
            170.1343,
            12.8811
          ],
          [
            170.0582,
            12.2734
          ],
          [
            169.9442,
            11.3616
          ],
          [
            169.7851,
            10.0847
          ],
          [
            169.6642,
            9.1115
          ],
          [
            169.536,
            8.0771
          ],
          [
            169.3479,
            6.5554
          ],
          [
            169.2052,
            5.3984
          ],
          [
            169.0552,
            4.18
          ],
          [
            168.8754,
            2.7174
          ],
          [
            168.5481,
            0.0507
          ]
        ]
      }
    },
    {
      "type": "Feature",
      "properties": {
        "product_id": "R_6646203_001_SS4_700_A",
        "instrument": "SHARAD_HIGHRES",
        "dat_file": "r_6646203_001_ss4_700_a.dat",
        "lbl_file": null
      },
      "geometry": {
        "type": "LineString",
        "coordinates": [
          [
            -165.9337,
            44.6294
          ],
          [
            -165.9952,
            44.268
          ],
          [
            -166.0359,
            44.027
          ],
          [
            -166.1269,
            43.4848
          ],
          [
            -166.147,
            43.3642
          ],
          [
            -166.217,
            42.9424
          ],
          [
            -166.2766,
            42.5808
          ],
          [
            -166.3457,
            42.1588
          ],
          [
            -166.4045,
            41.7971
          ],
          [
            -166.463,
            41.4354
          ],
          [
            -166.5308,
            41.0133
          ],
          [
            -166.6173,
            40.4705
          ],
          [
            -166.6555,
            40.2293
          ],
          [
            -166.7031,
            39.9277
          ],
          [
            -166.7599,
            39.5657
          ],
          [
            -166.8258,
            39.1434
          ],
          [
            -166.882,
            38.7813
          ],
          [
            -166.9286,
            38.4796
          ],
          [
            -166.9935,
            38.0571
          ],
          [
            -167.0764,
            37.5139
          ],
          [
            -167.1222,
            37.212
          ],
          [
            -167.2042,
            36.6686
          ],
          [
            -167.2676,
            36.2459
          ],
          [
            -167.3755,
            35.5211
          ],
          [
            -167.4291,
            35.1587
          ],
          [
            -167.5002,
            34.6754
          ],
          [
            -167.5621,
            34.2524
          ],
          [
            -167.6325,
            33.769
          ],
          [
            -167.6763,
            33.4668
          ],
          [
            -167.7548,
            32.9228
          ],
          [
            -167.7982,
            32.6205
          ],
          [
            -167.8846,
            32.0159
          ],
          [
            -167.9448,
            31.5925
          ],
          [
            -168.0133,
            31.1087
          ],
          [
            -168.102,
            30.4784
          ],
          [
            -168.1439,
            30.1795
          ],
          [
            -168.2253,
            29.5962
          ],
          [
            -168.3009,
            29.0515
          ],
          [
            -168.3845,
            28.4463
          ],
          [
            -168.4428,
            28.0225
          ],
          [
            -168.5257,
            27.417
          ],
          [
            -168.5835,
            26.9931
          ],
          [
            -168.6411,
            26.5691
          ],
          [
            -168.7149,
            26.024
          ],
          [
            -168.7721,
            25.5999
          ],
          [
            -168.8535,
            24.9939
          ],
          [
            -168.9184,
            24.5091
          ],
          [
            -168.975,
            24.0848
          ],
          [
            -169.1118,
            23.0542
          ],
          [
            -169.2557,
            21.9626
          ],
          [
            -169.3908,
            20.9313
          ],
          [
            -169.4857,
            20.2031
          ],
          [
            -169.5645,
            19.5961
          ],
          [
            -169.6509,
            18.9284
          ],
          [
            -169.7214,
            18.3819
          ],
          [
            -169.8307,
            17.5317
          ],
          [
            -169.9551,
            16.5597
          ],
          [
            -170.0481,
            15.8305
          ],
          [
            -170.1662,
            14.9006
          ]
        ]
      }
    },
    {
      "type": "Feature",
      "geometry": {
        "type": "LineString",
        "coordinates": [
          [
            -167.3658,
            51.3911
          ],
          [
            -167.4065,
            51.1808
          ],
          [
            -167.4699,
            50.8502
          ],
          [
            -167.4928,
            50.7301
          ],
          [
            -167.5725,
            50.3094
          ],
          [
            -167.6233,
            50.0389
          ],
          [
            -167.6905,
            49.6782
          ],
          [
            -167.735,
            49.4377
          ],
          [
            -167.7737,
            49.2273
          ],
          [
            -167.8451,
            48.8365
          ],
          [
            -167.8887,
            48.5959
          ],
          [
            -167.9321,
            48.3554
          ],
          [
            -167.986,
            48.0547
          ],
          [
            -168.0342,
            47.784
          ],
          [
            -168.0715,
            47.5735
          ],
          [
            -168.1245,
            47.2727
          ],
          [
            -168.1824,
            46.9418
          ],
          [
            -168.2347,
            46.6409
          ],
          [
            -168.2763,
            46.4002
          ],
          [
            -168.3177,
            46.1595
          ],
          [
            -168.3743,
            45.8285
          ],
          [
            -168.405,
            45.648
          ],
          [
            -168.4763,
            45.2266
          ],
          [
            -168.5319,
            44.8955
          ],
          [
            -168.5671,
            44.6848
          ],
          [
            -168.6321,
            44.2934
          ],
          [
            -168.6818,
            43.9923
          ],
          [
            -168.7263,
            43.7214
          ],
          [
            -168.8,
            43.2697
          ],
          [
            -168.8488,
            42.9685
          ],
          [
            -168.9022,
            42.6372
          ],
          [
            -168.9505,
            42.3359
          ],
          [
            -169.0006,
            42.0214
          ]
        ]
      },
      "properties": {
        "instrument": "SHARAD_HIGHRES",
        "product_id": "R_4018103_001_SS19_700_A",
        "dat_file": "r_4018103_001_ss19_700_a.dat",
        "lbl_file": "r_4018103_001_ss19_700_a.lbl"
      }
    },
    {
      "type": "Feature",
      "geometry": {
        "type": "LineString",
        "coordinates": [
          [
            -152.9901,
            48.834
          ],
          [
            -153.0396,
            48.5634
          ],
          [
            -153.0833,
            48.3229
          ],
          [
            -153.1268,
            48.0823
          ],
          [
            -153.17,
            47.8418
          ],
          [
            -153.2077,
            47.6313
          ],
          [
            -153.2505,
            47.3907
          ],
          [
            -153.2878,
            47.1801
          ],
          [
            -153.3355,
            46.9094
          ],
          [
            -153.3829,
            46.6387
          ],
          [
            -153.4301,
            46.3679
          ],
          [
            -153.4614,
            46.1874
          ],
          [
            -153.5133,
            45.8865
          ],
          [
            -153.5752,
            45.5254
          ],
          [
            -153.6111,
            45.3147
          ],
          [
            -153.6977,
            44.803
          ],
          [
            -153.7734,
            44.3515
          ],
          [
            -153.8485,
            43.8999
          ],
          [
            -153.8883,
            43.659
          ],
          [
            -153.9477,
            43.2976
          ],
          [
            -154.0263,
            42.8158
          ],
          [
            -154.0751,
            42.5146
          ],
          [
            -154.1285,
            42.1832
          ],
          [
            -154.2056,
            41.7012
          ],
          [
            -154.244,
            41.4601
          ],
          [
            -154.2965,
            41.1286
          ],
          [
            -154.344,
            40.8273
          ],
          [
            -154.4007,
            40.4656
          ],
          [
            -154.4805,
            39.9532
          ],
          [
            -154.5736,
            39.3502
          ],
          [
            -154.6245,
            39.0185
          ],
          [
            -154.6843,
            38.6265
          ],
          [
            -154.7575,
            38.1439
          ],
          [
            -154.8483,
            37.5406
          ],
          [
            -154.9474,
            36.8768
          ],
          [
            -155.0412,
            36.2431
          ],
          [
            -155.1387,
            35.579
          ],
          [
            -155.2442,
            34.8544
          ],
          [
            -155.3271,
            34.2807
          ],
          [
            -155.4138,
            33.6767
          ],
          [
            -155.5171,
            32.9517
          ],
          [
            -155.6111,
            32.287
          ],
          [
            -155.7045,
            31.6221
          ],
          [
            -155.8057,
            30.8966
          ],
          [
            -155.8895,
            30.292
          ],
          [
            -155.9687,
            29.7174
          ],
          [
            -156.0723,
            28.9613
          ],
          [
            -156.1506,
            28.3865
          ],
          [
            -156.2653,
            27.5392
          ],
          [
            -156.3549,
            26.8734
          ],
          [
            -156.4117,
            26.4496
          ],
          [
            -156.4683,
            26.0257
          ],
          [
            -156.5569,
            25.3596
          ],
          [
            -156.6571,
            24.6024
          ],
          [
            -156.7528,
            23.8753
          ],
          [
            -156.8639,
            23.0269
          ],
          [
            -156.9823,
            22.1176
          ],
          [
            -157.0648,
            21.4809
          ],
          [
            -157.147,
            20.8441
          ],
          [
            -157.2912,
            19.7218
          ],
          [
            -157.3959,
            18.9025
          ],
          [
            -157.5079,
            18.0224
          ],
          [
            -157.6425,
            16.9598
          ],
          [
            -157.7612,
            16.0184
          ],
          [
            -157.8871,
            15.0159
          ],
          [
            -158.0011,
            14.1043
          ],
          [
            -158.1035,
            13.2836
          ],
          [
            -158.2018,
            12.4931
          ],
          [
            -158.3225,
            11.5199
          ],
          [
            -158.4654,
            10.3638
          ],
          [
            -158.6229,
            9.0855
          ],
          [
            -158.7613,
            7.959
          ],
          [
            -158.8845,
            6.9539
          ],
          [
            -159.0522,
            5.5829
          ],
          [
            -159.3311,
            3.2965
          ],
          [
            -159.5576,
            1.4356
          ],
          [
            -159.725,
            0.0585
          ]
        ]
      },
      "properties": {
        "instrument": "SHARAD_HIGHRES",
        "product_id": "R_5712501_001_SS19_700_A",
        "dat_file": "r_5712501_001_ss19_700_a.dat",
        "lbl_file": "r_5712501_001_ss19_700_a.lbl"
      }
    },
    {
      "type": "Feature",
      "geometry": {
        "type": "LineString",
        "coordinates": [
          [
            -165.2534,
            29.8009
          ],
          [
            -165.2954,
            30.1032
          ],
          [
            -165.3545,
            30.5264
          ],
          [
            -165.4734,
            31.3726
          ],
          [
            -165.5589,
            31.9769
          ],
          [
            -165.6449,
            32.5811
          ],
          [
            -165.7141,
            33.0643
          ],
          [
            -165.8011,
            33.6683
          ],
          [
            -165.8623,
            34.091
          ],
          [
            -165.9591,
            34.7551
          ],
          [
            -166.0122,
            35.1173
          ],
          [
            -166.1012,
            35.7209
          ],
          [
            -166.1549,
            36.0829
          ],
          [
            -166.2269,
            36.5657
          ],
          [
            -166.2902,
            36.988
          ],
          [
            -166.3813,
            37.5912
          ],
          [
            -166.4179,
            37.8324
          ],
          [
            -166.4823,
            38.2546
          ],
          [
            -166.5285,
            38.556
          ],
          [
            -166.5842,
            38.9178
          ],
          [
            -166.6683,
            39.4604
          ],
          [
            -166.7436,
            39.9425
          ],
          [
            -166.8385,
            40.5452
          ],
          [
            -166.8767,
            40.7862
          ],
          [
            -166.9439,
            41.2079
          ],
          [
            -167.0212,
            41.6899
          ],
          [
            -167.0796,
            42.0513
          ],
          [
            -167.1777,
            42.6535
          ],
          [
            -167.2569,
            43.1352
          ],
          [
            -167.3468,
            43.677
          ],
          [
            -167.4173,
            44.0984
          ],
          [
            -167.468,
            44.3993
          ],
          [
            -167.5292,
            44.7604
          ],
          [
            -167.6218,
            45.3019
          ],
          [
            -167.6945,
            45.723
          ],
          [
            -167.7468,
            46.0238
          ],
          [
            -167.7994,
            46.3246
          ],
          [
            -167.8736,
            46.7456
          ],
          [
            -167.9056,
            46.926
          ],
          [
            -167.9592,
            47.2266
          ],
          [
            -168.024,
            47.5874
          ],
          [
            -168.1002,
            48.0082
          ],
          [
            -168.1661,
            48.3688
          ],
          [
            -168.205,
            48.5804
          ],
          [
            -168.2606,
            48.8809
          ],
          [
            -168.3391,
            49.3015
          ],
          [
            -168.3843,
            49.5419
          ],
          [
            -168.4412,
            49.8423
          ],
          [
            -168.4755,
            50.0225
          ],
          [
            -168.5215,
            50.2628
          ],
          [
            -168.5794,
            50.5631
          ],
          [
            -168.6612,
            50.9835
          ],
          [
            -168.7202,
            51.2837
          ],
          [
            -168.7558,
            51.4639
          ],
          [
            -168.7916,
            51.644
          ],
          [
            -168.8516,
            51.9442
          ],
          [
            -168.9121,
            52.2443
          ],
          [
            -168.9609,
            52.4844
          ],
          [
            -168.9977,
            52.6645
          ],
          [
            -169.0347,
            52.8445
          ],
          [
            -169.0843,
            53.0846
          ],
          [
            -169.1468,
            53.3846
          ],
          [
            -169.1972,
            53.6246
          ],
          [
            -169.2607,
            53.9246
          ],
          [
            -169.3248,
            54.2245
          ],
          [
            -169.3506,
            54.3445
          ],
          [
            -169.4025,
            54.5844
          ],
          [
            -169.4548,
            54.8243
          ],
          [
            -169.4943,
            55.0042
          ],
          [
            -169.534,
            55.1841
          ],
          [
            -169.5873,
            55.4239
          ],
          [
            -169.6276,
            55.6038
          ],
          [
            -169.6681,
            55.7836
          ],
          [
            -169.7225,
            56.0234
          ],
          [
            -169.7773,
            56.2632
          ],
          [
            -169.8326,
            56.5029
          ],
          [
            -169.8604,
            56.6228
          ],
          [
            -169.9164,
            56.8625
          ],
          [
            -169.9587,
            57.0423
          ],
          [
            -170.0013,
            57.222
          ],
          [
            -170.0729,
            57.5216
          ],
          [
            -170.1453,
            57.8211
          ],
          [
            -170.2038,
            58.0607
          ],
          [
            -170.2777,
            58.3602
          ],
          [
            -170.3075,
            58.4799
          ],
          [
            -170.3525,
            58.6596
          ],
          [
            -170.4129,
            58.8991
          ],
          [
            -170.4893,
            59.1985
          ],
          [
            -170.5201,
            59.3182
          ],
          [
            -170.5666,
            59.4978
          ],
          [
            -170.5978,
            59.6175
          ],
          [
            -170.6607,
            59.8569
          ],
          [
            -170.7242,
            60.0963
          ],
          [
            -170.7562,
            60.216
          ],
          [
            -170.8045,
            60.3955
          ],
          [
            -170.8369,
            60.5151
          ],
          [
            -170.8695,
            60.6348
          ],
          [
            -170.9187,
            60.8143
          ],
          [
            -170.9683,
            60.9938
          ],
          [
            -171.0183,
            61.1732
          ],
          [
            -171.0519,
            61.2928
          ],
          [
            -171.1026,
            61.4722
          ],
          [
            -171.1366,
            61.5919
          ],
          [
            -171.188,
            61.7713
          ],
          [
            -171.2399,
            61.9506
          ],
          [
            -171.2747,
            62.0702
          ],
          [
            -171.3097,
            62.1898
          ],
          [
            -171.3626,
            62.3691
          ],
          [
            -171.4339,
            62.6082
          ],
          [
            -171.4879,
            62.7875
          ],
          [
            -171.5424,
            62.9668
          ],
          [
            -171.5974,
            63.1461
          ],
          [
            -171.6344,
            63.2656
          ],
          [
            -171.709,
            63.5046
          ],
          [
            -171.7466,
            63.6241
          ],
          [
            -171.7845,
            63.7435
          ],
          [
            -171.8418,
            63.9227
          ],
          [
            -171.8803,
            64.0422
          ],
          [
            -171.9581,
            64.2811
          ],
          [
            -172.0171,
            64.4602
          ],
          [
            -172.0567,
            64.5796
          ],
          [
            -172.1167,
            64.7587
          ],
          [
            -172.1773,
            64.9378
          ],
          [
            -172.2181,
            65.0572
          ],
          [
            -172.2591,
            65.1766
          ],
          [
            -172.3212,
            65.3556
          ],
          [
            -172.363,
            65.475
          ],
          [
            -172.405,
            65.5943
          ],
          [
            -172.4687,
            65.7733
          ],
          [
            -172.533,
            65.9523
          ],
          [
            -172.5763,
            66.0716
          ],
          [
            -172.6199,
            66.1909
          ],
          [
            -172.686,
            66.3698
          ],
          [
            -172.7304,
            66.4891
          ],
          [
            -172.7977,
            66.6679
          ],
          [
            -172.843,
            66.7872
          ],
          [
            -172.8886,
            66.9064
          ],
          [
            -172.9346,
            67.0256
          ],
          [
            -172.981,
            67.1449
          ],
          [
            -173.0277,
            67.2641
          ],
          [
            -173.0748,
            67.3832
          ],
          [
            -173.1461,
            67.562
          ],
          [
            -173.1701,
            67.6216
          ],
          [
            -173.1942,
            67.6812
          ],
          [
            -173.267,
            67.8599
          ],
          [
            -173.3161,
            67.979
          ],
          [
            -173.3655,
            68.0981
          ],
          [
            -173.4154,
            68.2173
          ],
          [
            -173.4657,
            68.3364
          ],
          [
            -173.491,
            68.3959
          ],
          [
            -173.5676,
            68.5745
          ],
          [
            -173.6452,
            68.7531
          ],
          [
            -173.6976,
            68.8722
          ],
          [
            -173.7503,
            68.9912
          ],
          [
            -173.8036,
            69.1102
          ],
          [
            -173.8573,
            69.2292
          ],
          [
            -173.9115,
            69.3482
          ],
          [
            -173.9662,
            69.4672
          ],
          [
            -173.9937,
            69.5267
          ],
          [
            -174.0771,
            69.7051
          ],
          [
            -174.1052,
            69.7646
          ],
          [
            -174.1617,
            69.8835
          ],
          [
            -174.2188,
            70.0024
          ],
          [
            -174.2475,
            70.0618
          ],
          [
            -174.3054,
            70.1807
          ],
          [
            -174.3345,
            70.2402
          ],
          [
            -174.3638,
            70.2996
          ],
          [
            -174.4228,
            70.4185
          ],
          [
            -174.4824,
            70.5373
          ],
          [
            -174.5426,
            70.6562
          ],
          [
            -174.6034,
            70.775
          ],
          [
            -174.6648,
            70.8938
          ],
          [
            -174.6958,
            70.9532
          ],
          [
            -174.7581,
            71.0719
          ],
          [
            -174.8211,
            71.1907
          ],
          [
            -174.8848,
            71.3094
          ],
          [
            -174.9491,
            71.4281
          ],
          [
            -174.9815,
            71.4875
          ],
          [
            -175.0469,
            71.6062
          ],
          [
            -175.0798,
            71.6655
          ],
          [
            -175.1463,
            71.7842
          ],
          [
            -175.1797,
            71.8435
          ],
          [
            -175.2473,
            71.9622
          ],
          [
            -175.2813,
            72.0215
          ],
          [
            -175.3499,
            72.1401
          ],
          [
            -175.4193,
            72.2587
          ],
          [
            -175.4543,
            72.318
          ],
          [
            -175.5249,
            72.4365
          ],
          [
            -175.5605,
            72.4958
          ],
          [
            -175.6323,
            72.6143
          ],
          [
            -175.6685,
            72.6736
          ],
          [
            -175.7049,
            72.7328
          ],
          [
            -175.7415,
            72.7921
          ],
          [
            -175.7783,
            72.8513
          ],
          [
            -175.8154,
            72.9105
          ],
          [
            -175.8527,
            72.9698
          ],
          [
            -175.9279,
            73.0882
          ],
          [
            -175.9658,
            73.1474
          ],
          [
            -176.0424,
            73.2658
          ],
          [
            -176.1199,
            73.3842
          ],
          [
            -176.159,
            73.4434
          ],
          [
            -176.1984,
            73.5026
          ],
          [
            -176.2778,
            73.6209
          ],
          [
            -176.3179,
            73.68
          ],
          [
            -176.3988,
            73.7983
          ],
          [
            -176.4397,
            73.8575
          ],
          [
            -176.4808,
            73.9166
          ],
          [
            -176.5222,
            73.9757
          ],
          [
            -176.5638,
            74.0349
          ],
          [
            -176.6057,
            74.094
          ],
          [
            -176.6479,
            74.1531
          ],
          [
            -176.6903,
            74.2122
          ],
          [
            -176.733,
            74.2713
          ],
          [
            -176.776,
            74.3303
          ],
          [
            -176.8193,
            74.3894
          ],
          [
            -176.9067,
            74.5076
          ],
          [
            -176.9953,
            74.6257
          ],
          [
            -177.0851,
            74.7437
          ],
          [
            -177.1228,
            74.7927
          ]
        ]
      },
      "properties": {
        "instrument": "SHARAD_HIGHRES",
        "product_id": "R_6524202_001_SS4_700_A",
        "dat_file": "r_6524202_001_ss4_700_a.dat",
        "lbl_file": "r_6524202_001_ss4_700_a.lbl"
      }
    },
    {
      "type": "Feature",
      "properties": {
        "instrument": "SHARAD_HIGHRES",
        "product_id": "R_3990401_001_SS19_700_A",
        "dat_file": "r_3990401_001_ss19_700_a.dat",
        "lbl_file": "r_3990401_001_ss19_700_a.lbl"
      },
      "geometry": {
        "type": "LineString",
        "coordinates": [
          [
            -164.2921,
            51.2108
          ],
          [
            -164.3557,
            50.8801
          ],
          [
            -164.4073,
            50.6096
          ],
          [
            -164.4415,
            50.4292
          ],
          [
            -164.5038,
            50.0985
          ],
          [
            -164.5824,
            49.6775
          ],
          [
            -164.6214,
            49.467
          ],
          [
            -164.6878,
            49.1061
          ],
          [
            -164.7427,
            48.8053
          ],
          [
            -164.7918,
            48.5345
          ],
          [
            -164.8837,
            48.0231
          ],
          [
            -164.9373,
            47.7222
          ],
          [
            -164.9746,
            47.5116
          ],
          [
            -165.0487,
            47.0903
          ],
          [
            -165.096,
            46.8194
          ],
          [
            -165.1274,
            46.6388
          ],
          [
            -165.195,
            46.2475
          ],
          [
            -165.2826,
            45.7357
          ],
          [
            -165.3337,
            45.4346
          ],
          [
            -165.3744,
            45.1937
          ],
          [
            -165.4351,
            44.8323
          ],
          [
            -165.4703,
            44.6215
          ],
          [
            -165.5602,
            44.0793
          ],
          [
            -165.6098,
            43.778
          ],
          [
            -165.6591,
            43.4768
          ],
          [
            -165.7277,
            43.0549
          ],
          [
            -165.7764,
            42.7536
          ],
          [
            -165.8297,
            42.4221
          ],
          [
            -165.898,
            41.9944
          ]
        ]
      }
    },
    {
      "type": "Feature",
      "properties": {
        "instrument": "SHARAD_HIGHRES",
        "product_id": "R_4026001_001_SS19_700_A",
        "dat_file": "r_4026001_001_ss19_700_a.dat",
        "lbl_file": "r_4026001_001_ss19_700_a.lbl"
      },
      "geometry": {
        "type": "LineString",
        "coordinates": [
          [
            -164.1738,
            51.3221
          ],
          [
            -164.2202,
            51.0818
          ],
          [
            -164.2778,
            50.7814
          ],
          [
            -164.3577,
            50.3608
          ],
          [
            -164.4199,
            50.0303
          ],
          [
            -164.4872,
            49.6697
          ],
          [
            -164.5705,
            49.2189
          ],
          [
            -164.6365,
            48.8582
          ],
          [
            -164.6802,
            48.6177
          ],
          [
            -164.7453,
            48.257
          ],
          [
            -164.7938,
            47.9864
          ],
          [
            -164.842,
            47.7158
          ],
          [
            -164.8846,
            47.4752
          ],
          [
            -164.927,
            47.2346
          ],
          [
            -164.9954,
            46.8437
          ],
          [
            -165.0581,
            46.4827
          ],
          [
            -165.1048,
            46.212
          ],
          [
            -165.1564,
            45.9111
          ],
          [
            -165.2077,
            45.6103
          ],
          [
            -165.2536,
            45.3395
          ],
          [
            -165.2942,
            45.0987
          ],
          [
            -165.3195,
            44.9483
          ],
          [
            -165.3799,
            44.5871
          ],
          [
            -165.4349,
            44.256
          ],
          [
            -165.4995,
            43.8647
          ],
          [
            -165.5882,
            43.3228
          ],
          [
            -165.6566,
            42.9012
          ],
          [
            -165.71,
            42.57
          ],
          [
            -165.7535,
            42.2989
          ],
          [
            -165.8083,
            41.9555
          ]
        ]
      }
    },
    {
      "type": "Feature",
      "properties": {
        "instrument": "SHARAD_HIGHRES",
        "product_id": "R_5716501_001_SS19_700_A",
        "dat_file": "r_5716501_001_ss19_700_a.dat",
        "lbl_file": "r_5716501_001_ss19_700_a.lbl"
      },
      "geometry": {
        "type": "LineString",
        "coordinates": [
          [
            -162.4154,
            59.6467
          ],
          [
            -162.4539,
            59.4969
          ],
          [
            -162.4845,
            59.377
          ],
          [
            -162.5377,
            59.1673
          ],
          [
            -162.5679,
            59.0474
          ],
          [
            -162.6204,
            58.8376
          ],
          [
            -162.6502,
            58.7177
          ],
          [
            -162.7241,
            58.418
          ],
          [
            -162.7826,
            58.1782
          ],
          [
            -162.8261,
            57.9983
          ],
          [
            -162.8765,
            57.7884
          ],
          [
            -162.9194,
            57.6085
          ],
          [
            -162.9832,
            57.3387
          ],
          [
            -163.0254,
            57.1587
          ],
          [
            -163.0951,
            56.8588
          ],
          [
            -163.1572,
            56.5889
          ],
          [
            -163.2051,
            56.3789
          ],
          [
            -163.2391,
            56.2289
          ],
          [
            -163.2864,
            56.0189
          ],
          [
            -163.3534,
            55.7189
          ],
          [
            -163.3999,
            55.5088
          ],
          [
            -163.4461,
            55.2988
          ],
          [
            -163.505,
            55.0287
          ],
          [
            -163.544,
            54.8486
          ],
          [
            -163.5892,
            54.6385
          ],
          [
            -163.6533,
            54.3383
          ],
          [
            -163.6851,
            54.1882
          ],
          [
            -163.7231,
            54.0081
          ],
          [
            -163.7734,
            53.7679
          ],
          [
            -163.8296,
            53.4976
          ],
          [
            -163.873,
            53.2874
          ],
          [
            -163.9284,
            53.0171
          ],
          [
            -163.959,
            52.867
          ],
          [
            -164.0016,
            52.6567
          ],
          [
            -164.05,
            52.4164
          ],
          [
            -164.116,
            52.086
          ],
          [
            -164.1577,
            51.8757
          ],
          [
            -164.2345,
            51.4851
          ],
          [
            -164.2697,
            51.3048
          ],
          [
            -164.3046,
            51.1251
          ],
          [
            -164.3626,
            50.8246
          ],
          [
            -164.4316,
            50.4639
          ],
          [
            -164.5,
            50.1032
          ],
          [
            -164.5509,
            49.8326
          ],
          [
            -164.635,
            49.3816
          ],
          [
            -164.7182,
            48.9306
          ],
          [
            -164.7677,
            48.6599
          ],
          [
            -164.8169,
            48.3892
          ],
          [
            -164.8658,
            48.1185
          ],
          [
            -164.9144,
            47.8478
          ],
          [
            -164.9627,
            47.5771
          ],
          [
            -165.0214,
            47.2461
          ],
          [
            -165.0691,
            46.9753
          ],
          [
            -165.106,
            46.7647
          ],
          [
            -165.1898,
            46.2832
          ],
          [
            -165.2521,
            45.922
          ],
          [
            -165.3088,
            45.5909
          ],
          [
            -165.3396,
            45.4103
          ],
          [
            -165.411,
            44.9888
          ],
          [
            -165.4465,
            44.778
          ],
          [
            -165.502,
            44.4468
          ],
          [
            -165.5521,
            44.1457
          ],
          [
            -165.607,
            43.8144
          ],
          [
            -165.6566,
            43.5132
          ],
          [
            -165.701,
            43.2421
          ],
          [
            -165.7403,
            43.0011
          ],
          [
            -165.7892,
            42.6998
          ],
          [
            -165.8427,
            42.3684
          ],
          [
            -165.8959,
            42.0369
          ],
          [
            -165.9536,
            41.6753
          ],
          [
            -165.9967,
            41.404
          ],
          [
            -166.0586,
            41.0122
          ],
          [
            -166.0965,
            40.771
          ],
          [
            -166.2,
            40.1077
          ],
          [
            -166.2886,
            39.5348
          ],
          [
            -166.3534,
            39.1126
          ],
          [
            -166.4132,
            38.7205
          ],
          [
            -166.491,
            38.2076
          ],
          [
            -166.5818,
            37.6042
          ],
          [
            -166.6719,
            37.0006
          ],
          [
            -166.7256,
            36.6385
          ],
          [
            -166.7791,
            36.2763
          ],
          [
            -166.8633,
            35.7027
          ],
          [
            -166.9118,
            35.3706
          ],
          [
            -166.9601,
            35.0384
          ],
          [
            -167.0213,
            34.6156
          ],
          [
            -167.0692,
            34.2834
          ],
          [
            -167.1169,
            33.9511
          ],
          [
            -167.1817,
            33.498
          ],
          [
            -167.2676,
            32.8937
          ],
          [
            -167.3402,
            32.38
          ],
          [
            -167.3997,
            31.9569
          ],
          [
            -167.4632,
            31.5035
          ],
          [
            -167.5642,
            30.7779
          ],
          [
            -167.6812,
            29.9312
          ],
          [
            -167.7849,
            29.175
          ],
          [
            -167.8427,
            28.7515
          ],
          [
            -167.9003,
            28.3279
          ],
          [
            -167.9904,
            27.6621
          ],
          [
            -168.0475,
            27.2384
          ],
          [
            -168.1044,
            26.8146
          ],
          [
            -168.1773,
            26.2697
          ],
          [
            -168.2338,
            25.8458
          ],
          [
            -168.3423,
            25.0281
          ],
          [
            -168.4103,
            24.5132
          ],
          [
            -168.4701,
            24.0587
          ],
          [
            -168.5218,
            23.6649
          ],
          [
            -168.5892,
            23.1497
          ],
          [
            -168.7037,
            22.2707
          ],
          [
            -168.7627,
            21.816
          ],
          [
            -168.838,
            21.2335
          ]
        ]
      }
    },
    {
      "type": "Feature",
      "properties": {
        "instrument": "SHARAD_HIGHRES",
        "product_id": "R_5838501_001_SS19_700_A",
        "dat_file": "r_5838501_001_ss19_700_a.dat",
        "lbl_file": "r_5838501_001_ss19_700_a.lbl"
      },
      "geometry": {
        "type": "LineString",
        "coordinates": [
          [
            -158.7963,
            0.0581
          ],
          [
            -159.0312,
            1.9805
          ],
          [
            -159.3036,
            4.2066
          ],
          [
            -159.5503,
            6.2179
          ],
          [
            -159.7526,
            7.8625
          ],
          [
            -159.9517,
            9.4759
          ],
          [
            -160.1175,
            10.8147
          ],
          [
            -160.2876,
            12.1833
          ],
          [
            -160.3634,
            12.7913
          ],
          [
            -160.4736,
            13.6729
          ],
          [
            -160.6031,
            14.706
          ],
          [
            -160.7063,
            15.5262
          ],
          [
            -160.7791,
            16.1033
          ],
          [
            -160.9252,
            17.2571
          ],
          [
            -161.0101,
            17.9249
          ],
          [
            -161.0875,
            18.5319
          ],
          [
            -161.1962,
            19.3814
          ],
          [
            -161.3249,
            20.3824
          ],
          [
            -161.3797,
            20.8069
          ],
          [
            -161.5054,
            21.7771
          ],
          [
            -161.612,
            22.5955
          ],
          [
            -161.6635,
            22.9894
          ],
          [
            -161.739,
            23.5651
          ],
          [
            -161.7948,
            23.9892
          ],
          [
            -161.8828,
            24.6556
          ],
          [
            -161.943,
            25.1098
          ],
          [
            -162.0034,
            25.564
          ],
          [
            -162.0883,
            26.1998
          ],
          [
            -162.1817,
            26.8959
          ],
          [
            -162.2388,
            27.3196
          ],
          [
            -162.292,
            27.713
          ],
          [
            -162.37,
            28.2878
          ],
          [
            -162.4608,
            28.9532
          ],
          [
            -162.523,
            29.4069
          ],
          [
            -162.5896,
            29.8907
          ],
          [
            -162.6523,
            30.3442
          ],
          [
            -162.7405,
            30.979
          ],
          [
            -162.7996,
            31.4021
          ],
          [
            -162.8547,
            31.795
          ],
          [
            -162.9313,
            32.3388
          ],
          [
            -162.9869,
            32.7316
          ],
          [
            -163.0858,
            33.4263
          ],
          [
            -163.1637,
            33.9699
          ],
          [
            -163.2159,
            34.3322
          ],
          [
            -163.2683,
            34.6945
          ],
          [
            -163.3253,
            35.087
          ],
          [
            -163.3914,
            35.5397
          ],
          [
            -163.4401,
            35.8717
          ],
          [
            -163.5068,
            36.3244
          ],
          [
            -163.5694,
            36.7468
          ],
          [
            -163.6594,
            37.3502
          ],
          [
            -163.7092,
            37.682
          ],
          [
            -163.782,
            38.1645
          ],
          [
            -163.8461,
            38.5867
          ],
          [
            -163.8875,
            38.8581
          ],
          [
            -163.9615,
            39.3404
          ],
          [
            -164.05,
            39.9132
          ],
          [
            -164.111,
            40.305
          ],
          [
            -164.1487,
            40.5461
          ],
          [
            -164.2293,
            41.0583
          ],
          [
            -164.277,
            41.3596
          ],
          [
            -164.3538,
            41.8416
          ],
          [
            -164.4409,
            42.3838
          ],
          [
            -164.5043,
            42.7753
          ],
          [
            -164.5632,
            43.1366
          ],
          [
            -164.6175,
            43.4678
          ],
          [
            -164.6821,
            43.8592
          ],
          [
            -164.7371,
            44.1903
          ],
          [
            -164.7874,
            44.4913
          ],
          [
            -164.8481,
            44.8525
          ],
          [
            -164.9297,
            45.334
          ],
          [
            -164.9708,
            45.5747
          ],
          [
            -165.0224,
            45.8755
          ],
          [
            -165.0952,
            46.2967
          ],
          [
            -165.1686,
            46.7178
          ],
          [
            -165.2374,
            47.1088
          ],
          [
            -165.2906,
            47.4095
          ],
          [
            -165.3496,
            47.7402
          ],
          [
            -165.3712,
            47.8605
          ],
          [
            -165.551,
            48.8533
          ],
          [
            -165.5955,
            49.0929
          ],
          [
            -165.6511,
            49.3935
          ],
          [
            -165.7128,
            49.724
          ],
          [
            -165.775,
            50.0545
          ],
          [
            -165.8549,
            50.4751
          ],
          [
            -165.9067,
            50.7455
          ],
          [
            -165.988,
            51.1659
          ],
          [
            -166.0466,
            51.4663
          ],
          [
            -166.1116,
            51.7966
          ],
          [
            -166.1772,
            52.1269
          ],
          [
            -166.2434,
            52.4571
          ],
          [
            -166.298,
            52.7273
          ],
          [
            -166.3469,
            52.9674
          ],
          [
            -166.4023,
            53.2375
          ],
          [
            -166.4457,
            53.4476
          ],
          [
            -166.4831,
            53.6276
          ],
          [
            -166.527,
            53.8377
          ],
          [
            -166.5902,
            54.1377
          ],
          [
            -166.6604,
            54.4677
          ],
          [
            -166.7313,
            54.7977
          ],
          [
            -166.7899,
            55.0677
          ],
          [
            -166.8292,
            55.2476
          ],
          [
            -166.8556,
            55.3676
          ],
          [
            -166.882,
            55.4875
          ],
          [
            -166.9419,
            55.7574
          ],
          [
            -166.9956,
            55.9973
          ],
          [
            -167.0294,
            56.1472
          ],
          [
            -167.0838,
            56.387
          ],
          [
            -167.1249,
            56.5669
          ],
          [
            -167.194,
            56.8666
          ],
          [
            -167.2498,
            57.1064
          ],
          [
            -167.3061,
            57.3461
          ],
          [
            -167.37,
            57.6158
          ],
          [
            -167.3986,
            57.7357
          ],
          [
            -167.449,
            57.9454
          ],
          [
            -167.4925,
            58.1251
          ],
          [
            -167.5583,
            58.3948
          ],
          [
            -167.6248,
            58.6643
          ],
          [
            -167.677,
            58.874
          ],
          [
            -167.7221,
            59.0537
          ],
          [
            -167.7448,
            59.1435
          ],
          [
            -167.8133,
            59.413
          ],
          [
            -167.8795,
            59.6705
          ]
        ]
      }
    },
    {
      "type": "Feature",
      "geometry": {
        "type": "LineString",
        "coordinates": [
          [
            -157.5025,
            60.0577
          ],
          [
            -157.5418,
            59.9079
          ],
          [
            -157.6042,
            59.6681
          ],
          [
            -157.6813,
            59.3683
          ],
          [
            -157.7195,
            59.2184
          ],
          [
            -157.7726,
            59.0085
          ],
          [
            -157.8328,
            58.7683
          ],
          [
            -157.8701,
            58.6184
          ],
          [
            -157.9293,
            58.3785
          ],
          [
            -157.9587,
            58.2585
          ],
          [
            -158.0171,
            58.0186
          ],
          [
            -158.0749,
            57.7786
          ],
          [
            -158.1323,
            57.5386
          ],
          [
            -158.1962,
            57.2686
          ],
          [
            -158.2244,
            57.1486
          ],
          [
            -158.2874,
            56.8786
          ],
          [
            -158.3636,
            56.5485
          ],
          [
            -158.4048,
            56.3684
          ],
          [
            -158.4661,
            56.0983
          ],
          [
            -158.5201,
            55.8582
          ],
          [
            -158.5737,
            55.618
          ],
          [
            -158.6136,
            55.4379
          ],
          [
            -158.6796,
            55.1377
          ],
          [
            -158.7254,
            54.9275
          ],
          [
            -158.7968,
            54.5972
          ],
          [
            -158.8418,
            54.387
          ],
          [
            -158.8993,
            54.1167
          ],
          [
            -158.9563,
            53.8464
          ],
          [
            -159.0191,
            53.546
          ],
          [
            -159.0627,
            53.3357
          ],
          [
            -159.1184,
            53.0653
          ],
          [
            -159.192,
            52.7047
          ],
          [
            -159.2285,
            52.5244
          ],
          [
            -159.2769,
            52.284
          ],
          [
            -159.3429,
            51.9535
          ],
          [
            -159.3846,
            51.7431
          ],
          [
            -159.426,
            51.5327
          ],
          [
            -159.4673,
            51.3222
          ],
          [
            -159.52,
            51.0517
          ],
          [
            -159.5781,
            50.751
          ],
          [
            -159.6415,
            50.4203
          ],
          [
            -159.71,
            50.0595
          ],
          [
            -159.7441,
            49.879
          ],
          [
            -159.7893,
            49.6384
          ],
          [
            -159.8454,
            49.3376
          ],
          [
            -159.9011,
            49.0368
          ],
          [
            -159.9509,
            48.7661
          ],
          [
            -160.0168,
            48.4051
          ],
          [
            -160.0659,
            48.1343
          ],
          [
            -160.1578,
            47.6227
          ],
          [
            -160.19,
            47.4422
          ],
          [
            -160.2434,
            47.1412
          ],
          [
            -160.307,
            46.78
          ],
          [
            -160.3649,
            46.4489
          ],
          [
            -160.4172,
            46.1479
          ],
          [
            -160.5002,
            45.6661
          ],
          [
            -160.5517,
            45.365
          ],
          [
            -160.6079,
            45.0338
          ],
          [
            -160.669,
            44.6723
          ],
          [
            -160.7195,
            44.3711
          ],
          [
            -160.7497,
            44.1904
          ],
          [
            -160.8297,
            43.7084
          ],
          [
            -160.8744,
            43.4373
          ],
          [
            -160.9435,
            43.0154
          ],
          [
            -161.0121,
            42.5936
          ],
          [
            -161.0511,
            42.3525
          ],
          [
            -161.1093,
            41.9908
          ],
          [
            -161.1479,
            41.7496
          ],
          [
            -161.239,
            41.1769
          ],
          [
            -161.2961,
            40.8151
          ],
          [
            -161.3529,
            40.4532
          ],
          [
            -161.4375,
            39.9104
          ],
          [
            -161.4749,
            39.6691
          ],
          [
            -161.5678,
            39.0659
          ],
          [
            -161.6369,
            38.6134
          ],
          [
            -161.6874,
            38.2815
          ],
          [
            -161.774,
            37.7082
          ],
          [
            -161.8148,
            37.4365
          ],
          [
            -161.8644,
            37.1046
          ],
          [
            -161.9408,
            36.5914
          ],
          [
            -161.9944,
            36.2292
          ],
          [
            -162.0522,
            35.8367
          ],
          [
            -162.1053,
            35.4743
          ],
          [
            -162.1977,
            34.8402
          ],
          [
            -162.272,
            34.3267
          ],
          [
            -162.3762,
            33.6017
          ],
          [
            -162.428,
            33.2391
          ],
          [
            -162.5096,
            32.665
          ],
          [
            -162.5609,
            32.3023
          ],
          [
            -162.6205,
            31.8792
          ],
          [
            -162.6714,
            31.5164
          ],
          [
            -162.7432,
            31.0025
          ],
          [
            -162.8607,
            30.1558
          ],
          [
            -162.9316,
            29.6417
          ],
          [
            -163.0022,
            29.1274
          ],
          [
            -163.0601,
            28.7039
          ],
          [
            -163.1178,
            28.2803
          ],
          [
            -163.1753,
            27.8567
          ],
          [
            -163.2326,
            27.433
          ],
          [
            -163.306,
            26.8882
          ],
          [
            -163.3791,
            26.3433
          ],
          [
            -163.4882,
            25.5258
          ],
          [
            -163.6047,
            24.6475
          ],
          [
            -163.7205,
            23.7689
          ],
          [
            -163.7722,
            23.3751
          ],
          [
            -163.8515,
            22.769
          ],
          [
            -163.9581,
            21.9506
          ],
          [
            -164.0171,
            21.4959
          ],
          [
            -164.1112,
            20.7682
          ],
          [
            -164.24,
            19.7673
          ],
          [
            -164.3255,
            19.0999
          ],
          [
            -164.3875,
            18.6144
          ],
          [
            -164.5034,
            17.704
          ],
          [
            -164.6572,
            16.4898
          ],
          [
            -164.7606,
            15.6699
          ],
          [
            -164.7988,
            15.3655
          ]
        ]
      },
      "properties": {
        "instrument": "SHARAD_HIGHRES",
        "product_id": "R_0614702_001_SS19_700_A",
        "dat_file": "r_0614702_001_ss19_700_a.dat",
        "lbl_file": "r_0614702_001_ss19_700_a.lbl"
      }
    },
    {
      "type": "Feature",
      "geometry": {
        "type": "LineString",
        "coordinates": [
          [
            -162.8744,
            59.6644
          ],
          [
            -162.8899,
            59.6045
          ],
          [
            -162.9668,
            59.3048
          ],
          [
            -163.0049,
            59.155
          ],
          [
            -163.0428,
            59.0051
          ],
          [
            -163.0879,
            58.8253
          ],
          [
            -163.1253,
            58.6754
          ],
          [
            -163.1921,
            58.4053
          ],
          [
            -163.2362,
            58.2254
          ],
          [
            -163.2727,
            58.0755
          ],
          [
            -163.309,
            57.9256
          ],
          [
            -163.3595,
            57.7157
          ],
          [
            -163.4167,
            57.4758
          ],
          [
            -163.4522,
            57.3258
          ],
          [
            -163.5086,
            57.0859
          ],
          [
            -163.5436,
            56.9359
          ],
          [
            -163.5923,
            56.726
          ],
          [
            -163.6475,
            56.486
          ],
          [
            -163.6886,
            56.306
          ],
          [
            -163.743,
            56.0659
          ],
          [
            -163.7835,
            55.8859
          ],
          [
            -163.8505,
            55.5858
          ],
          [
            -163.8771,
            55.4658
          ],
          [
            -163.93,
            55.2257
          ],
          [
            -163.9694,
            55.0456
          ],
          [
            -164.0475,
            54.6854
          ],
          [
            -164.0991,
            54.4453
          ],
          [
            -164.1503,
            54.2051
          ],
          [
            -164.1821,
            54.055
          ],
          [
            -164.2516,
            53.7247
          ],
          [
            -164.3017,
            53.4844
          ],
          [
            -164.339,
            53.3043
          ],
          [
            -164.407,
            52.9739
          ],
          [
            -164.4621,
            52.7036
          ],
          [
            -164.4986,
            52.5233
          ],
          [
            -164.5289,
            52.3731
          ],
          [
            -164.5831,
            52.1028
          ],
          [
            -164.6488,
            51.7723
          ],
          [
            -164.7198,
            51.4117
          ],
          [
            -164.7726,
            51.1412
          ],
          [
            -164.8134,
            50.9309
          ],
          [
            -164.8598,
            50.6904
          ],
          [
            -164.8944,
            50.5101
          ],
          [
            -164.946,
            50.2395
          ],
          [
            -164.9802,
            50.0592
          ],
          [
            -165.0369,
            49.7585
          ],
          [
            -165.0763,
            49.5481
          ],
          [
            -165.1323,
            49.2474
          ],
          [
            -165.2045,
            48.8565
          ],
          [
            -165.2541,
            48.5858
          ],
          [
            -165.3143,
            48.255
          ],
          [
            -165.3632,
            47.9843
          ],
          [
            -165.428,
            47.6233
          ],
          [
            -165.4602,
            47.4428
          ],
          [
            -165.5136,
            47.1419
          ],
          [
            -165.5825,
            46.7507
          ],
          [
            -165.6141,
            46.5702
          ],
          [
            -165.6822,
            46.179
          ],
          [
            -165.7394,
            45.8479
          ],
          [
            -165.7756,
            45.6372
          ],
          [
            -165.8527,
            45.1856
          ],
          [
            -165.9342,
            44.7039
          ],
          [
            -166.0049,
            44.2824
          ],
          [
            -166.1,
            43.7102
          ],
          [
            -166.1892,
            43.168
          ],
          [
            -166.258,
            42.7463
          ],
          [
            -166.336,
            42.2643
          ],
          [
            -166.3748,
            42.0232
          ],
          [
            -166.4327,
            41.6616
          ],
          [
            -166.5046,
            41.2096
          ],
          [
            -166.557,
            40.878
          ],
          [
            -166.6044,
            40.5766
          ],
          [
            -166.6798,
            40.0942
          ],
          [
            -166.7313,
            39.7626
          ],
          [
            -166.7826,
            39.4309
          ],
          [
            -166.829,
            39.1294
          ],
          [
            -166.8752,
            38.8278
          ],
          [
            -166.9304,
            38.4658
          ],
          [
            -166.9716,
            38.1944
          ],
          [
            -167.0536,
            37.6514
          ],
          [
            -167.135,
            37.1083
          ],
          [
            -167.2382,
            36.4142
          ],
          [
            -167.3139,
            35.9011
          ],
          [
            -167.4112,
            35.237
          ],
          [
            -167.4771,
            34.7841
          ],
          [
            -167.5601,
            34.2104
          ],
          [
            -167.6339,
            33.697
          ],
          [
            -167.6987,
            33.2439
          ],
          [
            -167.7546,
            32.8512
          ],
          [
            -167.8231,
            32.3677
          ],
          [
            -167.9125,
            31.7332
          ],
          [
            -167.9887,
            31.1892
          ],
          [
            -168.0729,
            30.5846
          ],
          [
            -168.1441,
            30.0706
          ],
          [
            -168.1761,
            29.8384
          ]
        ]
      },
      "properties": {
        "instrument": "SHARAD_HIGHRES",
        "product_id": "R_0684602_001_SS19_700_A",
        "dat_file": "r_0684602_001_ss19_700_a.dat",
        "lbl_file": "r_0684602_001_ss19_700_a.lbl"
      }
    },
    {
      "type": "Feature",
      "geometry": {
        "type": "LineString",
        "coordinates": [
          [
            -148.727,
            59.6486
          ],
          [
            -148.7736,
            59.4687
          ],
          [
            -148.8275,
            59.2588
          ],
          [
            -148.8581,
            59.1389
          ],
          [
            -148.9037,
            58.959
          ],
          [
            -148.9565,
            58.749
          ],
          [
            -149.0014,
            58.5691
          ],
          [
            -149.0756,
            58.2688
          ],
          [
            -149.1343,
            58.0289
          ],
          [
            -149.1707,
            57.8789
          ],
          [
            -149.2213,
            57.6689
          ],
          [
            -149.2644,
            57.4888
          ],
          [
            -149.3072,
            57.3088
          ],
          [
            -149.3779,
            57.0087
          ],
          [
            -149.4548,
            56.6786
          ],
          [
            -149.517,
            56.4085
          ],
          [
            -149.5582,
            56.2284
          ],
          [
            -149.5923,
            56.0783
          ],
          [
            -149.6398,
            55.8681
          ],
          [
            -149.6668,
            55.748
          ],
          [
            -149.7271,
            55.4778
          ],
          [
            -149.767,
            55.2977
          ],
          [
            -149.8264,
            55.0274
          ],
          [
            -149.8853,
            54.7571
          ],
          [
            -149.9243,
            54.5769
          ],
          [
            -149.9695,
            54.3667
          ],
          [
            -150.0208,
            54.1264
          ],
          [
            -150.0463,
            54.0062
          ],
          [
            -150.0844,
            53.826
          ],
          [
            -150.1411,
            53.5556
          ],
          [
            -150.2161,
            53.195
          ],
          [
            -150.2471,
            53.0448
          ],
          [
            -150.2964,
            52.8044
          ],
          [
            -150.3454,
            52.564
          ],
          [
            -150.3819,
            52.3837
          ],
          [
            -150.4544,
            52.023
          ],
          [
            -150.5083,
            51.7524
          ],
          [
            -150.544,
            51.5721
          ],
          [
            -150.6208,
            51.1812
          ],
          [
            -150.6968,
            50.7904
          ],
          [
            -150.7432,
            50.5498
          ],
          [
            -150.8008,
            50.2491
          ],
          [
            -150.8807,
            49.828
          ],
          [
            -150.926,
            49.5874
          ],
          [
            -150.9598,
            49.4069
          ],
          [
            -151.0214,
            49.076
          ],
          [
            -151.0991,
            48.6548
          ],
          [
            -151.1651,
            48.2937
          ],
          [
            -151.1979,
            48.1132
          ],
          [
            -151.2631,
            47.7521
          ],
          [
            -151.3009,
            47.5414
          ],
          [
            -151.3546,
            47.2404
          ],
          [
            -151.4239,
            46.8491
          ],
          [
            -151.5084,
            46.3674
          ],
          [
            -151.5608,
            46.0663
          ],
          [
            -151.5973,
            45.8555
          ],
          [
            -151.6595,
            45.4942
          ],
          [
            -151.711,
            45.193
          ],
          [
            -151.7622,
            44.8919
          ],
          [
            -151.8334,
            44.4702
          ],
          [
            -151.9191,
            43.958
          ],
          [
            -151.9841,
            43.5664
          ],
          [
            -152.0635,
            43.0842
          ],
          [
            -152.1177,
            42.7528
          ],
          [
            -152.1667,
            42.4514
          ],
          [
            -152.2349,
            42.0294
          ],
          [
            -152.3219,
            41.4868
          ],
          [
            -152.3699,
            41.1853
          ],
          [
            -152.4129,
            40.9139
          ],
          [
            -152.4889,
            40.4315
          ],
          [
            -152.522,
            40.2204
          ],
          [
            -152.6019,
            39.7077
          ],
          [
            -152.6533,
            39.3759
          ],
          [
            -152.7415,
            38.8027
          ],
          [
            -152.8244,
            38.2596
          ],
          [
            -152.893,
            37.807
          ],
          [
            -152.9385,
            37.5052
          ],
          [
            -153.02,
            36.9619
          ],
          [
            -153.1054,
            36.3883
          ],
          [
            -153.1813,
            35.8751
          ],
          [
            -153.2744,
            35.241
          ],
          [
            -153.3712,
            34.5765
          ],
          [
            -153.4455,
            34.063
          ],
          [
            -153.5497,
            33.338
          ],
          [
            -153.6058,
            32.9451
          ],
          [
            -153.6831,
            32.4012
          ],
          [
            -153.777,
            31.7362
          ],
          [
            -153.8576,
            31.1618
          ],
          [
            -153.9588,
            30.4362
          ],
          [
            -154.0455,
            29.8102
          ]
        ]
      },
      "properties": {
        "instrument": "SHARAD_HIGHRES",
        "product_id": "R_0709601_001_SS19_700_A",
        "dat_file": "r_0709601_001_ss19_700_a.dat",
        "lbl_file": "r_0709601_001_ss19_700_a.lbl"
      }
    },
    {
      "type": "Feature",
      "geometry": {
        "type": "LineString",
        "coordinates": [
          [
            -143.9918,
            75.0723
          ],
          [
            -144.0382,
            75.0132
          ],
          [
            -144.0843,
            74.9541
          ],
          [
            -144.13,
            74.895
          ],
          [
            -144.1981,
            74.8063
          ],
          [
            -144.2431,
            74.7471
          ],
          [
            -144.2655,
            74.7176
          ],
          [
            -144.3322,
            74.6289
          ],
          [
            -144.3763,
            74.5697
          ],
          [
            -144.4636,
            74.4514
          ],
          [
            -144.5283,
            74.3626
          ],
          [
            -144.5924,
            74.2738
          ],
          [
            -144.6558,
            74.185
          ],
          [
            -144.7187,
            74.0962
          ],
          [
            -144.7809,
            74.0074
          ],
          [
            -144.8428,
            73.9182
          ],
          [
            -144.8835,
            73.859
          ],
          [
            -144.9643,
            73.7405
          ],
          [
            -145.0441,
            73.622
          ],
          [
            -145.0836,
            73.5627
          ],
          [
            -145.1424,
            73.4738
          ],
          [
            -145.22,
            73.3552
          ],
          [
            -145.2966,
            73.2366
          ],
          [
            -145.3346,
            73.1773
          ],
          [
            -145.3911,
            73.0883
          ],
          [
            -145.4657,
            72.9697
          ],
          [
            -145.5211,
            72.8807
          ],
          [
            -145.5942,
            72.762
          ],
          [
            -145.6664,
            72.6433
          ],
          [
            -145.7022,
            72.5839
          ],
          [
            -145.7378,
            72.5245
          ],
          [
            -145.8084,
            72.4058
          ],
          [
            -145.8608,
            72.3167
          ],
          [
            -145.9128,
            72.2276
          ],
          [
            -145.9472,
            72.1682
          ],
          [
            -145.9985,
            72.0791
          ],
          [
            -146.0324,
            72.0197
          ],
          [
            -146.0997,
            71.9009
          ],
          [
            -146.1331,
            71.8414
          ],
          [
            -146.1663,
            71.782
          ],
          [
            -146.2158,
            71.6929
          ],
          [
            -146.2322,
            71.6631
          ],
          [
            -146.2811,
            71.574
          ],
          [
            -146.3618,
            71.4253
          ],
          [
            -146.3938,
            71.3659
          ],
          [
            -146.4256,
            71.3064
          ],
          [
            -146.473,
            71.2172
          ],
          [
            -146.5356,
            71.0983
          ],
          [
            -146.5667,
            71.0388
          ],
          [
            -146.6284,
            70.9198
          ],
          [
            -146.659,
            70.8603
          ],
          [
            -146.7046,
            70.7711
          ],
          [
            -146.7799,
            70.6223
          ],
          [
            -146.8246,
            70.533
          ],
          [
            -146.8837,
            70.414
          ],
          [
            -146.9713,
            70.2354
          ],
          [
            -147.0146,
            70.1461
          ],
          [
            -147.0861,
            69.9972
          ],
          [
            -147.1427,
            69.8781
          ],
          [
            -147.1987,
            69.759
          ],
          [
            -147.2404,
            69.6696
          ],
          [
            -147.2818,
            69.5803
          ],
          [
            -147.3502,
            69.4313
          ],
          [
            -147.4043,
            69.3121
          ],
          [
            -147.4713,
            69.1631
          ],
          [
            -147.5111,
            69.0737
          ],
          [
            -147.5638,
            68.9545
          ],
          [
            -147.603,
            68.8651
          ],
          [
            -147.629,
            68.8055
          ],
          [
            -147.7063,
            68.6266
          ],
          [
            -147.7572,
            68.5074
          ],
          [
            -147.7952,
            68.4179
          ],
          [
            -147.8329,
            68.3285
          ],
          [
            -147.8952,
            68.1793
          ],
          [
            -147.9322,
            68.0899
          ],
          [
            -147.9813,
            67.9706
          ],
          [
            -148.0178,
            67.8811
          ],
          [
            -148.0782,
            67.7319
          ],
          [
            -148.1141,
            67.6424
          ],
          [
            -148.1617,
            67.523
          ],
          [
            -148.2206,
            67.3738
          ],
          [
            -148.2673,
            67.2545
          ],
          [
            -148.3021,
            67.1649
          ],
          [
            -148.3596,
            67.0157
          ],
          [
            -148.4166,
            66.8664
          ],
          [
            -148.473,
            66.7171
          ],
          [
            -148.5066,
            66.6276
          ],
          [
            -148.5732,
            66.4484
          ],
          [
            -148.6172,
            66.3289
          ],
          [
            -148.6717,
            66.1796
          ],
          [
            -148.7257,
            66.0303
          ],
          [
            -148.7579,
            65.9407
          ],
          [
            -148.8005,
            65.8212
          ],
          [
            -148.8639,
            65.6419
          ],
          [
            -148.8953,
            65.5523
          ],
          [
            -148.9473,
            65.4029
          ],
          [
            -149.0091,
            65.2236
          ],
          [
            -149.0601,
            65.0741
          ],
          [
            -149.0804,
            65.0144
          ],
          [
            -149.1308,
            64.8649
          ],
          [
            -149.1708,
            64.7453
          ],
          [
            -149.2303,
            64.566
          ],
          [
            -149.299,
            64.3567
          ],
          [
            -149.3572,
            64.1773
          ],
          [
            -149.3861,
            64.0876
          ],
          [
            -149.4435,
            63.9081
          ],
          [
            -149.4909,
            63.7586
          ],
          [
            -149.5566,
            63.5492
          ],
          [
            -149.6031,
            63.3996
          ],
          [
            -149.64,
            63.28
          ],
          [
            -149.6859,
            63.1304
          ],
          [
            -149.7314,
            62.9808
          ],
          [
            -149.7675,
            62.8611
          ],
          [
            -149.8035,
            62.7414
          ],
          [
            -149.8659,
            62.5319
          ],
          [
            -149.9364,
            62.2924
          ],
          [
            -149.9974,
            62.0829
          ],
          [
            -150.032,
            61.9632
          ],
          [
            -150.0578,
            61.8734
          ],
          [
            -150.1176,
            61.6638
          ],
          [
            -150.1684,
            61.4841
          ],
          [
            -150.2104,
            61.3344
          ],
          [
            -150.2521,
            61.1847
          ],
          [
            -150.3018,
            61.005
          ],
          [
            -150.3837,
            60.7055
          ],
          [
            -150.4565,
            60.4359
          ],
          [
            -150.5125,
            60.2262
          ],
          [
            -150.5443,
            60.1063
          ],
          [
            -150.5838,
            59.9565
          ],
          [
            -150.6309,
            59.7768
          ],
          [
            -150.6931,
            59.537
          ],
          [
            -150.7547,
            59.2973
          ],
          [
            -150.7929,
            59.1474
          ],
          [
            -150.8686,
            58.8477
          ],
          [
            -150.9434,
            58.5479
          ],
          [
            -151.0026,
            58.308
          ],
          [
            -151.032,
            58.1881
          ],
          [
            -151.1049,
            57.8883
          ],
          [
            -151.1698,
            57.6184
          ],
          [
            -151.2056,
            57.4684
          ],
          [
            -151.2695,
            57.1985
          ],
          [
            -151.2977,
            57.0785
          ],
          [
            -151.3677,
            56.7785
          ],
          [
            -151.4024,
            56.6285
          ],
          [
            -151.4507,
            56.4185
          ],
          [
            -151.4918,
            56.2385
          ],
          [
            -151.5462,
            55.9984
          ],
          [
            -151.6002,
            55.7584
          ],
          [
            -151.6404,
            55.5783
          ],
          [
            -151.6737,
            55.4283
          ],
          [
            -151.72,
            55.2182
          ],
          [
            -151.753,
            55.0681
          ],
          [
            -151.7923,
            54.888
          ],
          [
            -151.8573,
            54.5878
          ],
          [
            -151.896,
            54.4076
          ],
          [
            -151.9664,
            54.0774
          ],
          [
            -152.0045,
            53.8972
          ],
          [
            -152.0487,
            53.687
          ],
          [
            -152.1238,
            53.3266
          ],
          [
            -152.1858,
            53.0262
          ],
          [
            -152.235,
            52.7859
          ],
          [
            -152.3203,
            52.3654
          ],
          [
            -152.3686,
            52.125
          ],
          [
            -152.3986,
            51.9748
          ],
          [
            -152.4761,
            51.5842
          ],
          [
            -152.5116,
            51.4038
          ],
          [
            -152.5645,
            51.1334
          ],
          [
            -152.6054,
            50.923
          ],
          [
            -152.675,
            50.5623
          ],
          [
            -152.7268,
            50.2917
          ],
          [
            -152.7953,
            49.931
          ],
          [
            -152.8632,
            49.5702
          ],
          [
            -152.8857,
            49.4499
          ],
          [
            -152.9584,
            49.059
          ],
          [
            -153.0028,
            48.8184
          ],
          [
            -153.0469,
            48.5778
          ],
          [
            -153.0799,
            48.3973
          ],
          [
            -153.1291,
            48.1266
          ],
          [
            -153.1834,
            47.8257
          ],
          [
            -153.2212,
            47.6151
          ],
          [
            -153.2749,
            47.3143
          ],
          [
            -153.3176,
            47.0735
          ],
          [
            -153.3495,
            46.893
          ],
          [
            -153.3971,
            46.6221
          ],
          [
            -153.4287,
            46.4416
          ],
          [
            -153.4811,
            46.1406
          ],
          [
            -153.5591,
            45.6891
          ],
          [
            -153.6364,
            45.2375
          ],
          [
            -153.7283,
            44.6955
          ],
          [
            -153.7941,
            44.3041
          ],
          [
            -153.8844,
            43.762
          ],
          [
            -153.9342,
            43.4608
          ],
          [
            -153.9788,
            43.1897
          ],
          [
            -154.0281,
            42.8884
          ],
          [
            -154.0869,
            42.5269
          ],
          [
            -154.1745,
            41.9845
          ],
          [
            -154.2421,
            41.5626
          ],
          [
            -154.314,
            41.1105
          ],
          [
            -154.3996,
            40.5679
          ],
          [
            -154.4516,
            40.2362
          ],
          [
            -154.5033,
            39.9046
          ],
          [
            -154.5641,
            39.5126
          ],
          [
            -154.6431,
            38.9999
          ],
          [
            -154.6893,
            38.6983
          ],
          [
            -154.7353,
            38.3966
          ],
          [
            -154.8222,
            37.8234
          ],
          [
            -154.9039,
            37.2803
          ],
          [
            -155.003,
            36.6164
          ],
          [
            -155.079,
            36.1033
          ],
          [
            -155.1235,
            35.8014
          ],
          [
            -155.1811,
            35.409
          ],
          [
            -155.2692,
            34.8051
          ],
          [
            -155.3654,
            34.1407
          ],
          [
            -155.4436,
            33.597
          ],
          [
            -155.5041,
            33.1741
          ],
          [
            -155.5772,
            32.6605
          ],
          [
            -155.6243,
            32.3281
          ],
          [
            -155.6755,
            31.9655
          ],
          [
            -155.735,
            31.5424
          ],
          [
            -155.8027,
            31.0587
          ],
          [
            -155.8911,
            30.4239
          ],
          [
            -155.9785,
            29.7922
          ]
        ]
      },
      "properties": {
        "instrument": "SHARAD_HIGHRES",
        "product_id": "R_0780801_001_SS19_700_A",
        "dat_file": "r_0780801_001_ss19_700_a.dat",
        "lbl_file": "r_0780801_001_ss19_700_a.lbl"
      }
    },
    {
      "type": "Feature",
      "geometry": {
        "type": "LineString",
        "coordinates": [
          [
            -157.1524,
            75.0077
          ],
          [
            -157.1979,
            74.9485
          ],
          [
            -157.2881,
            74.8301
          ],
          [
            -157.3327,
            74.7709
          ],
          [
            -157.377,
            74.7117
          ],
          [
            -157.421,
            74.6525
          ],
          [
            -157.5082,
            74.5341
          ],
          [
            -157.5941,
            74.4156
          ],
          [
            -157.6367,
            74.3563
          ],
          [
            -157.679,
            74.2971
          ],
          [
            -157.7628,
            74.1785
          ],
          [
            -157.8042,
            74.1193
          ],
          [
            -157.8864,
            74.0007
          ],
          [
            -157.9271,
            73.9414
          ],
          [
            -158.0081,
            73.8222
          ],
          [
            -158.048,
            73.7629
          ],
          [
            -158.1271,
            73.6442
          ],
          [
            -158.2052,
            73.5256
          ],
          [
            -158.2439,
            73.4662
          ],
          [
            -158.2823,
            73.4069
          ],
          [
            -158.3205,
            73.3475
          ],
          [
            -158.3963,
            73.2288
          ],
          [
            -158.4711,
            73.11
          ],
          [
            -158.5082,
            73.0506
          ],
          [
            -158.5451,
            72.9913
          ],
          [
            -158.6182,
            72.8725
          ],
          [
            -158.6544,
            72.8131
          ],
          [
            -158.7262,
            72.6942
          ],
          [
            -158.7972,
            72.5754
          ],
          [
            -158.8324,
            72.516
          ],
          [
            -158.9021,
            72.3971
          ],
          [
            -158.9367,
            72.3376
          ],
          [
            -158.9711,
            72.2782
          ],
          [
            -159.0393,
            72.1593
          ],
          [
            -159.0732,
            72.0998
          ],
          [
            -159.1403,
            71.9809
          ],
          [
            -159.2066,
            71.8619
          ],
          [
            -159.2723,
            71.7429
          ],
          [
            -159.3372,
            71.6239
          ],
          [
            -159.3694,
            71.5644
          ],
          [
            -159.4333,
            71.4454
          ],
          [
            -159.465,
            71.3859
          ],
          [
            -159.5279,
            71.2669
          ],
          [
            -159.5902,
            71.1478
          ],
          [
            -159.6518,
            71.0287
          ],
          [
            -159.6823,
            70.9692
          ],
          [
            -159.743,
            70.8501
          ],
          [
            -159.8031,
            70.7309
          ],
          [
            -159.8329,
            70.6714
          ],
          [
            -159.892,
            70.5522
          ],
          [
            -159.9214,
            70.4927
          ],
          [
            -159.9797,
            70.3735
          ],
          [
            -160.0374,
            70.2543
          ],
          [
            -160.0946,
            70.1351
          ],
          [
            -160.1512,
            70.0159
          ],
          [
            -160.2073,
            69.8967
          ],
          [
            -160.2904,
            69.7179
          ],
          [
            -160.3452,
            69.5986
          ],
          [
            -160.3724,
            69.539
          ],
          [
            -160.4264,
            69.4197
          ],
          [
            -160.4532,
            69.3601
          ],
          [
            -160.5065,
            69.2408
          ],
          [
            -160.5593,
            69.1215
          ],
          [
            -160.6116,
            69.0022
          ],
          [
            -160.6893,
            68.8232
          ],
          [
            -160.7659,
            68.6441
          ],
          [
            -160.7912,
            68.5845
          ],
          [
            -160.8665,
            68.4054
          ],
          [
            -160.9161,
            68.286
          ],
          [
            -160.9654,
            68.1666
          ],
          [
            -161.0142,
            68.0472
          ],
          [
            -161.0867,
            67.8681
          ],
          [
            -161.1345,
            67.7487
          ],
          [
            -161.2055,
            67.5695
          ],
          [
            -161.229,
            67.5098
          ],
          [
            -161.2988,
            67.3306
          ],
          [
            -161.3679,
            67.1513
          ],
          [
            -161.3907,
            67.0916
          ],
          [
            -161.4361,
            66.9721
          ],
          [
            -161.4811,
            66.8526
          ],
          [
            -161.5258,
            66.7331
          ],
          [
            -161.5702,
            66.6135
          ],
          [
            -161.6142,
            66.494
          ],
          [
            -161.6796,
            66.3147
          ],
          [
            -161.7228,
            66.1951
          ],
          [
            -161.787,
            66.0158
          ],
          [
            -161.8294,
            65.8962
          ],
          [
            -161.8715,
            65.7766
          ],
          [
            -161.934,
            65.5972
          ],
          [
            -161.9754,
            65.4776
          ],
          [
            -162.0369,
            65.2981
          ],
          [
            -162.0977,
            65.1187
          ],
          [
            -162.1379,
            64.999
          ],
          [
            -162.1778,
            64.8794
          ],
          [
            -162.2175,
            64.7597
          ],
          [
            -162.2569,
            64.64
          ],
          [
            -162.296,
            64.5204
          ],
          [
            -162.3349,
            64.4007
          ],
          [
            -162.3735,
            64.281
          ],
          [
            -162.45,
            64.0416
          ],
          [
            -162.5067,
            63.862
          ],
          [
            -162.5442,
            63.7423
          ],
          [
            -162.6,
            63.5627
          ],
          [
            -162.6369,
            63.4429
          ],
          [
            -162.6736,
            63.3232
          ],
          [
            -162.7281,
            63.1436
          ],
          [
            -162.7643,
            63.0238
          ],
          [
            -162.8002,
            62.904
          ],
          [
            -162.8359,
            62.7842
          ],
          [
            -162.9066,
            62.5447
          ],
          [
            -162.9765,
            62.305
          ],
          [
            -163.0284,
            62.1253
          ],
          [
            -163.0969,
            61.8857
          ],
          [
            -163.1646,
            61.646
          ],
          [
            -163.1982,
            61.5261
          ],
          [
            -163.2482,
            61.3464
          ],
          [
            -163.2978,
            61.1666
          ],
          [
            -163.347,
            60.9867
          ],
          [
            -163.3958,
            60.8069
          ],
          [
            -163.4442,
            60.6271
          ],
          [
            -163.4922,
            60.4472
          ],
          [
            -163.5399,
            60.2674
          ],
          [
            -163.6185,
            59.9676
          ],
          [
            -163.6961,
            59.6677
          ],
          [
            -163.7269,
            59.5478
          ],
          [
            -163.7575,
            59.4278
          ],
          [
            -163.8334,
            59.1279
          ],
          [
            -163.8785,
            58.948
          ],
          [
            -163.9233,
            58.768
          ],
          [
            -163.9825,
            58.528
          ],
          [
            -164.0119,
            58.408
          ],
          [
            -164.0848,
            58.108
          ],
          [
            -164.1425,
            57.868
          ],
          [
            -164.1854,
            57.688
          ],
          [
            -164.2423,
            57.4479
          ],
          [
            -164.2705,
            57.3279
          ],
          [
            -164.3266,
            57.0878
          ],
          [
            -164.3683,
            56.9077
          ],
          [
            -164.4098,
            56.7276
          ],
          [
            -164.451,
            56.5475
          ],
          [
            -164.5191,
            56.2473
          ],
          [
            -164.5462,
            56.1272
          ],
          [
            -164.6267,
            55.7669
          ],
          [
            -164.6798,
            55.5267
          ],
          [
            -164.7062,
            55.4065
          ],
          [
            -164.7456,
            55.2264
          ],
          [
            -164.7848,
            55.0462
          ],
          [
            -164.8367,
            54.8059
          ],
          [
            -164.8625,
            54.6857
          ],
          [
            -164.9266,
            54.3854
          ],
          [
            -164.9774,
            54.145
          ],
          [
            -165.0153,
            53.9648
          ],
          [
            -165.0655,
            53.7244
          ],
          [
            -165.1029,
            53.5441
          ],
          [
            -165.1401,
            53.3638
          ],
          [
            -165.1894,
            53.1234
          ],
          [
            -165.2627,
            52.7628
          ],
          [
            -165.2991,
            52.5825
          ],
          [
            -165.3353,
            52.4021
          ],
          [
            -165.3952,
            52.1016
          ],
          [
            -165.4428,
            51.8611
          ],
          [
            -165.5136,
            51.5003
          ],
          [
            -165.5837,
            51.1395
          ],
          [
            -165.6301,
            50.8989
          ],
          [
            -165.6762,
            50.6584
          ],
          [
            -165.7106,
            50.4779
          ],
          [
            -165.7562,
            50.2373
          ],
          [
            -165.8241,
            49.8764
          ],
          [
            -165.9026,
            49.4552
          ],
          [
            -165.9471,
            49.2146
          ],
          [
            -165.9803,
            49.0341
          ],
          [
            -166.0463,
            48.673
          ],
          [
            -166.0791,
            48.4925
          ],
          [
            -166.1443,
            48.1313
          ],
          [
            -166.1767,
            47.9508
          ],
          [
            -166.2518,
            47.5294
          ],
          [
            -166.3368,
            47.0478
          ],
          [
            -166.4314,
            46.5059
          ],
          [
            -166.4939,
            46.1446
          ],
          [
            -166.5353,
            45.9037
          ],
          [
            -166.5868,
            45.6026
          ],
          [
            -166.6787,
            45.0605
          ],
          [
            -166.7697,
            44.5183
          ],
          [
            -166.8498,
            44.0363
          ],
          [
            -166.9193,
            43.6145
          ],
          [
            -166.9785,
            43.2529
          ],
          [
            -167.0666,
            42.7104
          ],
          [
            -167.1055,
            42.4693
          ],
          [
            -167.1539,
            42.1679
          ],
          [
            -167.2404,
            41.6253
          ],
          [
            -167.2786,
            41.3841
          ],
          [
            -167.3546,
            40.9017
          ],
          [
            -167.3924,
            40.6605
          ],
          [
            -167.4488,
            40.2986
          ],
          [
            -167.4956,
            39.997
          ],
          [
            -167.5978,
            39.3335
          ],
          [
            -167.6807,
            38.7905
          ],
          [
            -167.7265,
            38.4888
          ],
          [
            -167.7721,
            38.187
          ],
          [
            -167.8356,
            37.7646
          ],
          [
            -167.9168,
            37.2213
          ],
          [
            -167.9974,
            36.678
          ],
          [
            -168.0952,
            36.0139
          ],
          [
            -168.1922,
            35.3496
          ],
          [
            -168.2623,
            34.8664
          ],
          [
            -168.332,
            34.3831
          ],
          [
            -168.4186,
            33.779
          ],
          [
            -168.5389,
            32.933
          ],
          [
            -168.6412,
            32.2078
          ],
          [
            -168.7343,
            31.5428
          ],
          [
            -168.8436,
            30.7568
          ],
          [
            -168.9188,
            30.2125
          ],
          [
            -168.9889,
            29.7027
          ]
        ]
      },
      "properties": {
        "instrument": "SHARAD_HIGHRES",
        "product_id": "R_2252401_001_SS04_700_A",
        "dat_file": "r_2252401_001_ss04_700_a.dat",
        "lbl_file": "r_2252401_001_ss04_700_a.lbl"
      }
    },
    {
      "type": "Feature",
      "geometry": {
        "type": "LineString",
        "coordinates": [
          [
            -159.1034,
            75.0049
          ],
          [
            -159.1488,
            74.9458
          ],
          [
            -159.2389,
            74.8275
          ],
          [
            -159.3276,
            74.7092
          ],
          [
            -159.3716,
            74.65
          ],
          [
            -159.4586,
            74.5316
          ],
          [
            -159.5017,
            74.4724
          ],
          [
            -159.5445,
            74.4132
          ],
          [
            -159.587,
            74.354
          ],
          [
            -159.6292,
            74.2947
          ],
          [
            -159.7128,
            74.1763
          ],
          [
            -159.7954,
            74.0578
          ],
          [
            -159.8363,
            73.9985
          ],
          [
            -159.8769,
            73.9393
          ],
          [
            -159.9578,
            73.8201
          ],
          [
            -159.9976,
            73.7609
          ],
          [
            -160.0766,
            73.6423
          ],
          [
            -160.1546,
            73.5237
          ],
          [
            -160.1932,
            73.4644
          ],
          [
            -160.2316,
            73.4051
          ],
          [
            -160.3077,
            73.2864
          ],
          [
            -160.3454,
            73.2271
          ],
          [
            -160.3829,
            73.1677
          ],
          [
            -160.4201,
            73.1084
          ],
          [
            -160.4572,
            73.0491
          ],
          [
            -160.5306,
            72.9303
          ],
          [
            -160.567,
            72.871
          ],
          [
            -160.6391,
            72.7522
          ],
          [
            -160.6749,
            72.6929
          ],
          [
            -160.7104,
            72.6335
          ],
          [
            -160.7809,
            72.5147
          ],
          [
            -160.8506,
            72.3959
          ],
          [
            -160.8851,
            72.3365
          ],
          [
            -160.9195,
            72.2771
          ],
          [
            -160.9876,
            72.1582
          ],
          [
            -161.055,
            72.0394
          ],
          [
            -161.0884,
            71.9799
          ],
          [
            -161.1216,
            71.9205
          ],
          [
            -161.1875,
            71.8016
          ],
          [
            -161.2527,
            71.6827
          ],
          [
            -161.2851,
            71.6232
          ],
          [
            -161.3492,
            71.5043
          ],
          [
            -161.4127,
            71.3853
          ],
          [
            -161.4442,
            71.3258
          ],
          [
            -161.5067,
            71.2068
          ],
          [
            -161.5685,
            71.0878
          ],
          [
            -161.6298,
            70.9688
          ],
          [
            -161.6904,
            70.8498
          ],
          [
            -161.7204,
            70.7903
          ],
          [
            -161.7801,
            70.6712
          ],
          [
            -161.8392,
            70.5522
          ],
          [
            -161.8977,
            70.4331
          ],
          [
            -161.9556,
            70.314
          ],
          [
            -161.9844,
            70.2544
          ],
          [
            -162.0415,
            70.1353
          ],
          [
            -162.0981,
            70.0162
          ],
          [
            -162.1541,
            69.897
          ],
          [
            -162.2096,
            69.7779
          ],
          [
            -162.2371,
            69.7183
          ],
          [
            -162.2918,
            69.5991
          ],
          [
            -162.346,
            69.4799
          ],
          [
            -162.3997,
            69.3607
          ],
          [
            -162.453,
            69.2415
          ],
          [
            -162.5319,
            69.0627
          ],
          [
            -162.6098,
            68.8838
          ],
          [
            -162.6355,
            68.8241
          ],
          [
            -162.6866,
            68.7049
          ],
          [
            -162.7373,
            68.5856
          ],
          [
            -162.7876,
            68.4663
          ],
          [
            -162.8374,
            68.347
          ],
          [
            -162.8868,
            68.2277
          ],
          [
            -162.9358,
            68.1083
          ],
          [
            -163.0085,
            67.9293
          ],
          [
            -163.0325,
            67.8696
          ],
          [
            -163.0803,
            67.7503
          ],
          [
            -163.1277,
            67.6309
          ],
          [
            -163.1747,
            67.5115
          ],
          [
            -163.2213,
            67.3921
          ],
          [
            -163.2675,
            67.2727
          ],
          [
            -163.3134,
            67.1533
          ],
          [
            -163.3816,
            66.9742
          ],
          [
            -163.4266,
            66.8548
          ],
          [
            -163.4712,
            66.7353
          ],
          [
            -163.5155,
            66.6159
          ],
          [
            -163.5595,
            66.4964
          ],
          [
            -163.6031,
            66.3769
          ],
          [
            -163.668,
            66.1977
          ],
          [
            -163.7108,
            66.0782
          ],
          [
            -163.7745,
            65.8989
          ],
          [
            -163.8583,
            65.6599
          ],
          [
            -163.9204,
            65.4806
          ],
          [
            -163.9614,
            65.361
          ],
          [
            -163.9818,
            65.3013
          ],
          [
            -164.0426,
            65.1219
          ],
          [
            -164.1027,
            64.9426
          ],
          [
            -164.1425,
            64.823
          ],
          [
            -164.182,
            64.7034
          ],
          [
            -164.2212,
            64.5838
          ],
          [
            -164.2989,
            64.3446
          ],
          [
            -164.3755,
            64.1053
          ],
          [
            -164.4135,
            63.9857
          ],
          [
            -164.4512,
            63.866
          ],
          [
            -164.5073,
            63.6865
          ],
          [
            -164.5444,
            63.5669
          ],
          [
            -164.5813,
            63.4472
          ],
          [
            -164.6362,
            63.2677
          ],
          [
            -164.6725,
            63.148
          ],
          [
            -164.7086,
            63.0283
          ],
          [
            -164.7623,
            62.8488
          ],
          [
            -164.8508,
            62.5495
          ],
          [
            -164.9206,
            62.31
          ],
          [
            -164.9725,
            62.1304
          ],
          [
            -165.0239,
            61.9508
          ],
          [
            -165.0579,
            61.831
          ],
          [
            -165.1086,
            61.6514
          ],
          [
            -165.1755,
            61.4118
          ],
          [
            -165.2087,
            61.292
          ],
          [
            -165.2745,
            61.0524
          ],
          [
            -165.3234,
            60.8727
          ],
          [
            -165.3719,
            60.693
          ],
          [
            -165.404,
            60.5732
          ],
          [
            -165.4519,
            60.3934
          ],
          [
            -165.4994,
            60.2137
          ],
          [
            -165.5465,
            60.0339
          ],
          [
            -165.5933,
            59.8541
          ],
          [
            -165.6397,
            59.6743
          ],
          [
            -165.7163,
            59.3746
          ],
          [
            -165.7618,
            59.1948
          ],
          [
            -165.822,
            58.955
          ],
          [
            -165.8964,
            58.6552
          ],
          [
            -165.9259,
            58.5353
          ],
          [
            -165.9699,
            58.3554
          ],
          [
            -165.9991,
            58.2355
          ],
          [
            -166.0426,
            58.0556
          ],
          [
            -166.0858,
            57.8757
          ],
          [
            -166.143,
            57.6358
          ],
          [
            -166.2278,
            57.2759
          ],
          [
            -166.3115,
            56.9159
          ],
          [
            -166.3667,
            56.6759
          ],
          [
            -166.4078,
            56.4959
          ],
          [
            -166.4622,
            56.2559
          ],
          [
            -166.5027,
            56.0759
          ],
          [
            -166.543,
            55.8958
          ],
          [
            -166.5963,
            55.6558
          ],
          [
            -166.6228,
            55.5357
          ],
          [
            -166.6623,
            55.3557
          ],
          [
            -166.7147,
            55.1156
          ],
          [
            -166.7925,
            54.7554
          ],
          [
            -166.8694,
            54.3951
          ],
          [
            -166.9455,
            54.0348
          ],
          [
            -166.9832,
            53.8547
          ],
          [
            -167.0332,
            53.6145
          ],
          [
            -167.1075,
            53.2541
          ],
          [
            -167.1566,
            53.0138
          ],
          [
            -167.1932,
            52.8336
          ],
          [
            -167.2538,
            52.5333
          ],
          [
            -167.2779,
            52.4131
          ],
          [
            -167.3139,
            52.2329
          ],
          [
            -167.3735,
            51.9324
          ],
          [
            -167.3972,
            51.8123
          ],
          [
            -167.4561,
            51.5118
          ],
          [
            -167.5262,
            51.1512
          ],
          [
            -167.5841,
            50.8507
          ],
          [
            -167.6186,
            50.6704
          ],
          [
            -167.653,
            50.49
          ],
          [
            -167.6986,
            50.2496
          ],
          [
            -167.7552,
            49.949
          ],
          [
            -167.789,
            49.7686
          ],
          [
            -167.8561,
            49.4078
          ],
          [
            -167.9226,
            49.047
          ],
          [
            -167.9776,
            48.7463
          ],
          [
            -168.0104,
            48.5659
          ],
          [
            -168.0757,
            48.205
          ],
          [
            -168.1189,
            47.9644
          ],
          [
            -168.1833,
            47.6034
          ],
          [
            -168.2153,
            47.4229
          ],
          [
            -168.2895,
            47.0017
          ],
          [
            -168.3421,
            46.7009
          ],
          [
            -168.4256,
            46.2194
          ],
          [
            -168.498,
            45.7981
          ],
          [
            -168.58,
            45.3165
          ],
          [
            -168.641,
            44.9553
          ],
          [
            -168.7217,
            44.4737
          ],
          [
            -168.8017,
            43.9919
          ],
          [
            -168.8315,
            43.8113
          ],
          [
            -168.881,
            43.5101
          ],
          [
            -168.9204,
            43.2692
          ],
          [
            -168.9792,
            42.9078
          ],
          [
            -169.0182,
            42.6668
          ],
          [
            -169.0764,
            42.3053
          ],
          [
            -169.115,
            42.0643
          ],
          [
            -169.1822,
            41.6426
          ],
          [
            -169.2204,
            41.4015
          ],
          [
            -169.2679,
            41.1002
          ],
          [
            -169.3247,
            40.7386
          ],
          [
            -169.4186,
            40.1358
          ],
          [
            -169.5117,
            39.5329
          ],
          [
            -169.5487,
            39.2917
          ],
          [
            -169.6315,
            38.749
          ],
          [
            -169.6955,
            38.3268
          ],
          [
            -169.7953,
            37.6633
          ],
          [
            -169.8763,
            37.1204
          ],
          [
            -169.9478,
            36.6377
          ],
          [
            -170.019,
            36.1549
          ],
          [
            -170.0544,
            35.9135
          ],
          [
            -170.1337,
            35.3703
          ],
          [
            -170.2212,
            34.7666
          ],
          [
            -170.3168,
            34.1025
          ],
          [
            -170.4031,
            33.4986
          ],
          [
            -170.5059,
            32.7738
          ],
          [
            -170.608,
            32.0489
          ],
          [
            -170.6925,
            31.4447
          ],
          [
            -170.7849,
            30.7799
          ],
          [
            -170.8684,
            30.1755
          ],
          [
            -170.9301,
            29.7263
          ]
        ]
      },
      "properties": {
        "instrument": "SHARAD_HIGHRES",
        "product_id": "R_2336801_001_SS04_700_A",
        "dat_file": "r_2336801_001_ss04_700_a.dat",
        "lbl_file": "r_2336801_001_ss04_700_a.lbl"
      }
    },
    {
      "type": "Feature",
      "geometry": {
        "type": "LineString",
        "coordinates": [
          [
            -160.1121,
            48.3095
          ],
          [
            -160.1553,
            48.0688
          ],
          [
            -160.2196,
            47.7077
          ],
          [
            -160.294,
            47.2863
          ],
          [
            -160.3782,
            46.8047
          ],
          [
            -160.446,
            46.4133
          ],
          [
            -160.5081,
            46.052
          ],
          [
            -160.5851,
            45.6003
          ],
          [
            -160.631,
            45.3292
          ],
          [
            -160.6918,
            44.9678
          ],
          [
            -160.7522,
            44.6063
          ],
          [
            -160.8122,
            44.2448
          ],
          [
            -160.8817,
            43.823
          ],
          [
            -160.9556,
            43.371
          ],
          [
            -161.0435,
            42.8285
          ],
          [
            -161.1065,
            42.4366
          ],
          [
            -161.1643,
            42.0749
          ],
          [
            -161.2551,
            41.502
          ],
          [
            -161.3073,
            41.1703
          ],
          [
            -161.3498,
            40.8989
          ],
          [
            -161.4109,
            40.5068
          ],
          [
            -161.4623,
            40.175
          ],
          [
            -161.5181,
            39.813
          ],
          [
            -161.569,
            39.4812
          ],
          [
            -161.6522,
            38.9347
          ]
        ]
      },
      "properties": {
        "instrument": "SHARAD_HIGHRES",
        "product_id": "R_3913901_001_SS19_700_A",
        "dat_file": "r_3913901_001_ss19_700_a.dat",
        "lbl_file": "r_3913901_001_ss19_700_a.lbl"
      }
    },
    {
      "type": "Feature",
      "geometry": {
        "type": "LineString",
        "coordinates": [
          [
            -165.603,
            51.1975
          ],
          [
            -165.6377,
            51.0172
          ],
          [
            -165.7123,
            50.6265
          ],
          [
            -165.7408,
            50.4763
          ],
          [
            -165.8031,
            50.1456
          ],
          [
            -165.8369,
            49.9653
          ],
          [
            -165.8817,
            49.7248
          ],
          [
            -165.9207,
            49.5143
          ],
          [
            -165.9595,
            49.3039
          ],
          [
            -166.0146,
            49.0032
          ],
          [
            -166.0584,
            48.7626
          ],
          [
            -166.1074,
            48.492
          ],
          [
            -166.1615,
            48.1912
          ],
          [
            -166.2045,
            47.9506
          ],
          [
            -166.2686,
            47.5896
          ],
          [
            -166.311,
            47.349
          ],
          [
            -166.3533,
            47.1083
          ],
          [
            -166.4058,
            46.8074
          ],
          [
            -166.4371,
            46.6269
          ],
          [
            -166.515,
            46.1755
          ],
          [
            -166.5665,
            45.8745
          ],
          [
            -166.6075,
            45.6337
          ],
          [
            -166.6534,
            45.3628
          ],
          [
            -166.7243,
            44.9414
          ],
          [
            -166.7696,
            44.6704
          ],
          [
            -166.8196,
            44.3694
          ],
          [
            -166.8595,
            44.1285
          ],
          [
            -166.914,
            43.7972
          ],
          [
            -166.9682,
            43.4659
          ],
          [
            -167.0172,
            43.1648
          ],
          [
            -167.0708,
            42.8334
          ],
          [
            -167.1241,
            42.5021
          ],
          [
            -167.1675,
            42.2309
          ],
          [
            -167.2066,
            41.9851
          ]
        ]
      },
      "properties": {
        "instrument": "SHARAD_HIGHRES",
        "product_id": "R_3933702_001_SS19_700_A",
        "dat_file": "r_3933702_001_ss19_700_a.dat",
        "lbl_file": "r_3933702_001_ss19_700_a.lbl"
      }
    },
    {
      "type": "Feature",
      "geometry": {
        "type": "LineString",
        "coordinates": [
          [
            -167.3124,
            52.2962
          ],
          [
            -167.36,
            52.056
          ],
          [
            -167.4072,
            51.8157
          ],
          [
            -167.4541,
            51.5754
          ],
          [
            -167.5239,
            51.215
          ],
          [
            -167.5528,
            51.0648
          ],
          [
            -167.6274,
            50.6742
          ],
          [
            -167.6786,
            50.4038
          ],
          [
            -167.7182,
            50.1935
          ],
          [
            -167.7632,
            49.9531
          ],
          [
            -167.8191,
            49.6526
          ],
          [
            -167.8801,
            49.322
          ],
          [
            -167.9516,
            48.9312
          ],
          [
            -168.0333,
            48.4803
          ],
          [
            -168.0927,
            48.1496
          ],
          [
            -168.157,
            47.7888
          ],
          [
            -168.2102,
            47.4881
          ],
          [
            -168.2525,
            47.2475
          ],
          [
            -168.2946,
            47.0069
          ],
          [
            -168.3417,
            46.7362
          ],
          [
            -168.4093,
            46.3451
          ],
          [
            -168.4403,
            46.1646
          ],
          [
            -168.4815,
            45.9239
          ],
          [
            -168.5531,
            45.5027
          ],
          [
            -168.614,
            45.1416
          ],
          [
            -168.6594,
            44.8708
          ],
          [
            -168.7096,
            44.5698
          ],
          [
            -168.7595,
            44.2688
          ],
          [
            -168.8388,
            43.7872
          ],
          [
            -168.8831,
            43.5162
          ],
          [
            -168.9272,
            43.2452
          ],
          [
            -168.9784,
            42.9288
          ]
        ]
      },
      "properties": {
        "instrument": "SHARAD_HIGHRES",
        "product_id": "R_3940302_001_SS19_700_A",
        "dat_file": "r_3940302_001_ss19_700_a.dat",
        "lbl_file": "r_3940302_001_ss19_700_a.lbl"
      }
    },
    {
      "type": "Feature",
      "geometry": {
        "type": "LineString",
        "coordinates": [
          [
            -153.0585,
            48.2796
          ],
          [
            -153.0964,
            48.0692
          ],
          [
            -153.1608,
            47.7085
          ],
          [
            -153.2088,
            47.4379
          ],
          [
            -153.2618,
            47.1372
          ],
          [
            -153.3459,
            46.656
          ],
          [
            -153.4188,
            46.2349
          ],
          [
            -153.4705,
            45.9341
          ],
          [
            -153.5065,
            45.7235
          ],
          [
            -153.6035,
            45.1519
          ],
          [
            -153.6743,
            44.7306
          ],
          [
            -153.7145,
            44.4898
          ],
          [
            -153.7695,
            44.1588
          ],
          [
            -153.8043,
            43.9481
          ],
          [
            -153.8489,
            43.6771
          ],
          [
            -153.9031,
            43.346
          ],
          [
            -153.957,
            43.0148
          ],
          [
            -153.996,
            42.7739
          ],
          [
            -154.03,
            42.5631
          ],
          [
            -154.088,
            42.2017
          ],
          [
            -154.1887,
            41.5691
          ],
          [
            -154.26,
            41.1172
          ],
          [
            -154.2931,
            40.9063
          ],
          [
            -154.3308,
            40.6653
          ],
          [
            -154.3871,
            40.3037
          ],
          [
            -154.471,
            39.7612
          ],
          [
            -154.5404,
            39.309
          ],
          [
            -154.5764,
            39.0732
          ]
        ]
      },
      "properties": {
        "instrument": "SHARAD_HIGHRES",
        "product_id": "R_4043102_001_SS19_700_A",
        "dat_file": "r_4043102_001_ss19_700_a.dat",
        "lbl_file": "r_4043102_001_ss19_700_a.lbl"
      }
    },
    {
      "type": "Feature",
      "geometry": {
        "type": "LineString",
        "coordinates": [
          [
            -163.669,
            29.8108
          ],
          [
            -163.7229,
            30.2037
          ],
          [
            -163.8147,
            30.8685
          ],
          [
            -163.9155,
            31.5936
          ],
          [
            -164.0085,
            32.2581
          ],
          [
            -164.1021,
            32.9224
          ],
          [
            -164.162,
            33.3451
          ],
          [
            -164.2007,
            33.6169
          ],
          [
            -164.2826,
            34.1904
          ],
          [
            -164.352,
            34.6733
          ],
          [
            -164.3825,
            34.8845
          ],
          [
            -164.4656,
            35.4578
          ],
          [
            -164.5581,
            36.0914
          ],
          [
            -164.6335,
            36.6042
          ],
          [
            -164.7228,
            37.2073
          ],
          [
            -164.7767,
            37.5692
          ],
          [
            -164.8173,
            37.8405
          ],
          [
            -164.8762,
            38.2324
          ],
          [
            -164.9354,
            38.6243
          ],
          [
            -164.972,
            38.8654
          ],
          [
            -165.0225,
            39.197
          ],
          [
            -165.0594,
            39.4381
          ],
          [
            -165.1475,
            40.0106
          ],
          [
            -165.2082,
            40.4022
          ],
          [
            -165.2834,
            40.8842
          ],
          [
            -165.3449,
            41.2758
          ],
          [
            -165.3877,
            41.5468
          ],
          [
            -165.4259,
            41.7877
          ],
          [
            -165.4931,
            42.2093
          ],
          [
            -165.5802,
            42.7512
          ],
          [
            -165.6338,
            43.0823
          ],
          [
            -165.6828,
            43.3833
          ],
          [
            -165.737,
            43.7144
          ],
          [
            -165.8114,
            44.1658
          ],
          [
            -165.8864,
            44.6171
          ],
          [
            -165.9368,
            44.918
          ],
          [
            -165.9874,
            45.2188
          ],
          [
            -166.0639,
            45.67
          ],
          [
            -166.1256,
            46.0309
          ],
          [
            -166.1566,
            46.2113
          ],
          [
            -166.2294,
            46.6323
          ],
          [
            -166.3081,
            47.0833
          ],
          [
            -166.3822,
            47.5042
          ],
          [
            -166.457,
            47.925
          ],
          [
            -166.5433,
            48.4058
          ],
          [
            -166.6141,
            48.7965
          ],
          [
            -166.658,
            49.0369
          ],
          [
            -166.6966,
            49.2472
          ],
          [
            -166.7354,
            49.4575
          ],
          [
            -166.7744,
            49.6677
          ],
          [
            -166.8192,
            49.9081
          ],
          [
            -166.8586,
            50.1183
          ],
          [
            -166.9039,
            50.3586
          ],
          [
            -166.9609,
            50.6589
          ],
          [
            -167.0241,
            50.9892
          ],
          [
            -167.0704,
            51.2294
          ],
          [
            -167.117,
            51.4696
          ],
          [
            -167.158,
            51.6797
          ],
          [
            -167.1934,
            51.8599
          ],
          [
            -167.2348,
            52.07
          ],
          [
            -167.2705,
            52.2501
          ],
          [
            -167.3124,
            52.4602
          ],
          [
            -167.3545,
            52.6702
          ],
          [
            -167.3908,
            52.8503
          ],
          [
            -167.4395,
            53.0903
          ],
          [
            -167.4701,
            53.2404
          ],
          [
            -167.5132,
            53.4504
          ],
          [
            -167.5752,
            53.7504
          ],
          [
            -167.6189,
            53.9604
          ],
          [
            -167.6882,
            54.2903
          ],
          [
            -167.7199,
            54.4403
          ],
          [
            -167.7582,
            54.6203
          ],
          [
            -167.8031,
            54.8302
          ],
          [
            -167.8418,
            55.0101
          ],
          [
            -167.8938,
            55.25
          ],
          [
            -167.9265,
            55.3999
          ],
          [
            -167.9726,
            55.6098
          ],
          [
            -168.0189,
            55.8196
          ],
          [
            -168.0589,
            55.9995
          ],
          [
            -168.1059,
            56.2093
          ],
          [
            -168.1532,
            56.4191
          ],
          [
            -168.1804,
            56.539
          ],
          [
            -168.2351,
            56.7787
          ],
          [
            -168.2903,
            57.0185
          ],
          [
            -168.332,
            57.1982
          ],
          [
            -168.381,
            57.408
          ],
          [
            -168.4162,
            57.5578
          ],
          [
            -168.4801,
            57.8274
          ],
          [
            -168.5087,
            57.9472
          ],
          [
            -168.5663,
            58.1868
          ],
          [
            -168.5953,
            58.3066
          ],
          [
            -168.6537,
            58.5462
          ],
          [
            -168.6831,
            58.666
          ],
          [
            -168.7349,
            58.8756
          ],
          [
            -168.8021,
            59.1451
          ],
          [
            -168.8549,
            59.3546
          ],
          [
            -168.9005,
            59.5342
          ],
          [
            -168.9311,
            59.654
          ],
          [
            -168.985,
            59.8635
          ],
          [
            -169.055,
            60.1329
          ],
          [
            -169.11,
            60.3424
          ],
          [
            -169.1496,
            60.492
          ],
          [
            -169.2135,
            60.7314
          ],
          [
            -169.2457,
            60.851
          ],
          [
            -169.2862,
            61.0006
          ],
          [
            -169.3188,
            61.1203
          ],
          [
            -169.3845,
            61.3596
          ],
          [
            -169.4593,
            61.6288
          ],
          [
            -169.5097,
            61.8082
          ],
          [
            -169.569,
            62.0175
          ],
          [
            -169.6032,
            62.1371
          ],
          [
            -169.6548,
            62.3165
          ],
          [
            -169.7331,
            62.5856
          ],
          [
            -169.7682,
            62.7052
          ],
          [
            -169.8124,
            62.8546
          ],
          [
            -169.8659,
            63.034
          ],
          [
            -169.9289,
            63.2432
          ],
          [
            -169.9926,
            63.4524
          ],
          [
            -170.057,
            63.6615
          ],
          [
            -170.0849,
            63.7512
          ],
          [
            -170.1221,
            63.8707
          ],
          [
            -170.1785,
            64.0499
          ],
          [
            -170.2259,
            64.1993
          ],
          [
            -170.2641,
            64.3187
          ],
          [
            -170.3219,
            64.4979
          ],
          [
            -170.351,
            64.5875
          ],
          [
            -170.3901,
            64.707
          ],
          [
            -170.4392,
            64.8563
          ],
          [
            -170.4888,
            65.0056
          ],
          [
            -170.5388,
            65.1548
          ],
          [
            -170.5994,
            65.3339
          ],
          [
            -170.6504,
            65.4832
          ],
          [
            -170.6915,
            65.6026
          ],
          [
            -170.7225,
            65.6921
          ],
          [
            -170.7746,
            65.8413
          ],
          [
            -170.8166,
            65.9607
          ],
          [
            -170.8695,
            66.1099
          ],
          [
            -170.9015,
            66.1994
          ],
          [
            -170.966,
            66.3784
          ],
          [
            -170.9877,
            66.438
          ],
          [
            -171.0422,
            66.5872
          ],
          [
            -171.0862,
            66.7065
          ],
          [
            -171.1417,
            66.8556
          ],
          [
            -171.1752,
            66.945
          ],
          [
            -171.2429,
            67.124
          ],
          [
            -171.2656,
            67.1836
          ],
          [
            -171.2999,
            67.273
          ],
          [
            -171.369,
            67.4519
          ],
          [
            -171.4039,
            67.5413
          ],
          [
            -171.4625,
            67.6903
          ],
          [
            -171.498,
            67.7797
          ],
          [
            -171.5456,
            67.8989
          ],
          [
            -171.5936,
            68.0181
          ],
          [
            -171.642,
            68.1373
          ],
          [
            -171.6908,
            68.2565
          ],
          [
            -171.7277,
            68.3459
          ],
          [
            -171.7648,
            68.4352
          ],
          [
            -171.8272,
            68.5841
          ],
          [
            -171.8776,
            68.7033
          ],
          [
            -171.9157,
            68.7926
          ],
          [
            -171.9669,
            68.9117
          ],
          [
            -172.0185,
            69.0308
          ],
          [
            -172.0706,
            69.1499
          ],
          [
            -172.11,
            69.2392
          ],
          [
            -172.1762,
            69.388
          ],
          [
            -172.2163,
            69.4773
          ],
          [
            -172.2702,
            69.5963
          ],
          [
            -172.311,
            69.6856
          ],
          [
            -172.3383,
            69.7451
          ],
          [
            -172.3933,
            69.8641
          ],
          [
            -172.4489,
            69.9831
          ],
          [
            -172.505,
            70.1021
          ],
          [
            -172.5616,
            70.221
          ],
          [
            -172.6188,
            70.34
          ],
          [
            -172.662,
            70.4292
          ],
          [
            -172.7348,
            70.5778
          ],
          [
            -172.7789,
            70.667
          ],
          [
            -172.8234,
            70.7562
          ],
          [
            -172.8982,
            70.9048
          ],
          [
            -172.9435,
            70.9939
          ],
          [
            -173.0045,
            71.1128
          ],
          [
            -173.0507,
            71.2019
          ],
          [
            -173.0972,
            71.291
          ],
          [
            -173.1284,
            71.3504
          ],
          [
            -173.1914,
            71.4692
          ],
          [
            -173.239,
            71.5583
          ],
          [
            -173.287,
            71.6474
          ],
          [
            -173.3192,
            71.7068
          ],
          [
            -173.3516,
            71.7661
          ],
          [
            -173.417,
            71.8849
          ],
          [
            -173.4664,
            71.9739
          ],
          [
            -173.4996,
            72.0333
          ],
          [
            -173.533,
            72.0926
          ],
          [
            -173.5834,
            72.1816
          ],
          [
            -173.6513,
            72.3003
          ],
          [
            -173.6855,
            72.3596
          ],
          [
            -173.7372,
            72.4486
          ],
          [
            -173.8069,
            72.5673
          ],
          [
            -173.8596,
            72.6562
          ],
          [
            -173.9128,
            72.7452
          ],
          [
            -173.9485,
            72.8045
          ],
          [
            -174.0025,
            72.8934
          ],
          [
            -174.0752,
            73.012
          ],
          [
            -174.1303,
            73.1009
          ],
          [
            -174.1859,
            73.1898
          ],
          [
            -174.242,
            73.2786
          ],
          [
            -174.2797,
            73.3379
          ],
          [
            -174.3176,
            73.3971
          ],
          [
            -174.3749,
            73.486
          ],
          [
            -174.4134,
            73.5452
          ],
          [
            -174.4911,
            73.6636
          ],
          [
            -174.5698,
            73.782
          ],
          [
            -174.6095,
            73.8412
          ],
          [
            -174.6897,
            73.9596
          ],
          [
            -174.7505,
            74.0484
          ],
          [
            -174.7709,
            74.078
          ],
          [
            -174.8531,
            74.1963
          ],
          [
            -174.9155,
            74.285
          ],
          [
            -174.9785,
            74.3737
          ],
          [
            -175.0635,
            74.492
          ],
          [
            -175.1064,
            74.5511
          ],
          [
            -175.1713,
            74.6398
          ],
          [
            -175.2149,
            74.6989
          ],
          [
            -175.2809,
            74.7875
          ],
          [
            -175.2929,
            74.8034
          ]
        ]
      },
      "properties": {
        "instrument": "SHARAD_HIGHRES",
        "product_id": "R_5677601_001_SS19_700_A",
        "dat_file": "r_5677601_001_ss19_700_a.dat",
        "lbl_file": "r_5677601_001_ss19_700_a.lbl"
      }
    },
    {
      "type": "Feature",
      "geometry": {
        "type": "LineString",
        "coordinates": [
          [
            -144.1637,
            74.7684
          ],
          [
            -144.2086,
            74.7094
          ],
          [
            -144.2533,
            74.6503
          ],
          [
            -144.2976,
            74.5912
          ],
          [
            -144.3854,
            74.473
          ],
          [
            -144.472,
            74.3548
          ],
          [
            -144.5149,
            74.2957
          ],
          [
            -144.5575,
            74.2366
          ],
          [
            -144.6419,
            74.1183
          ],
          [
            -144.7252,
            74.0
          ],
          [
            -144.7664,
            73.9409
          ],
          [
            -144.8074,
            73.8817
          ],
          [
            -144.8886,
            73.7634
          ],
          [
            -144.9688,
            73.645
          ],
          [
            -145.0085,
            73.5858
          ],
          [
            -145.048,
            73.5266
          ],
          [
            -145.1262,
            73.4082
          ],
          [
            -145.165,
            73.3489
          ],
          [
            -145.2418,
            73.2305
          ],
          [
            -145.2799,
            73.1713
          ],
          [
            -145.3553,
            73.0528
          ],
          [
            -145.4299,
            72.9343
          ],
          [
            -145.4668,
            72.875
          ],
          [
            -145.5036,
            72.8157
          ],
          [
            -145.5764,
            72.6972
          ],
          [
            -145.6125,
            72.6379
          ],
          [
            -145.6841,
            72.5193
          ],
          [
            -145.7548,
            72.4007
          ],
          [
            -145.8248,
            72.2821
          ],
          [
            -145.894,
            72.1634
          ],
          [
            -145.9283,
            72.1041
          ],
          [
            -145.9963,
            71.9854
          ],
          [
            -146.03,
            71.9261
          ],
          [
            -146.097,
            71.8074
          ],
          [
            -146.1302,
            71.748
          ],
          [
            -146.196,
            71.6293
          ],
          [
            -146.2287,
            71.5699
          ],
          [
            -146.2935,
            71.4511
          ],
          [
            -146.3576,
            71.3324
          ],
          [
            -146.4211,
            71.2136
          ],
          [
            -146.4526,
            71.1542
          ],
          [
            -146.515,
            71.0353
          ],
          [
            -146.5769,
            70.9165
          ],
          [
            -146.6076,
            70.8571
          ],
          [
            -146.6685,
            70.7382
          ],
          [
            -146.6987,
            70.6788
          ],
          [
            -146.7587,
            70.5599
          ],
          [
            -146.8181,
            70.441
          ],
          [
            -146.8769,
            70.3221
          ],
          [
            -146.9352,
            70.2032
          ],
          [
            -146.9641,
            70.1437
          ],
          [
            -147.0215,
            70.0247
          ],
          [
            -147.05,
            69.9652
          ],
          [
            -147.1066,
            69.8463
          ],
          [
            -147.1347,
            69.7868
          ],
          [
            -147.1905,
            69.6678
          ],
          [
            -147.2182,
            69.6083
          ],
          [
            -147.2458,
            69.5488
          ],
          [
            -147.3005,
            69.4298
          ],
          [
            -147.3818,
            69.2512
          ],
          [
            -147.4353,
            69.1321
          ],
          [
            -147.4884,
            69.0131
          ],
          [
            -147.541,
            68.894
          ],
          [
            -147.5931,
            68.7749
          ],
          [
            -147.619,
            68.7153
          ],
          [
            -147.696,
            68.5367
          ],
          [
            -147.772,
            68.358
          ],
          [
            -147.7971,
            68.2984
          ],
          [
            -147.847,
            68.1792
          ],
          [
            -147.8965,
            68.0601
          ],
          [
            -147.9456,
            67.9409
          ],
          [
            -147.9943,
            67.8217
          ],
          [
            -148.0426,
            67.7025
          ],
          [
            -148.0905,
            67.5833
          ],
          [
            -148.138,
            67.4641
          ],
          [
            -148.1851,
            67.3448
          ],
          [
            -148.2551,
            67.166
          ],
          [
            -148.2782,
            67.1063
          ],
          [
            -148.3242,
            66.9871
          ],
          [
            -148.3926,
            66.8082
          ],
          [
            -148.4377,
            66.6889
          ],
          [
            -148.4825,
            66.5696
          ],
          [
            -148.5269,
            66.4503
          ],
          [
            -148.593,
            66.2713
          ],
          [
            -148.6583,
            66.0923
          ],
          [
            -148.7014,
            65.9729
          ],
          [
            -148.7655,
            65.7939
          ],
          [
            -148.8079,
            65.6745
          ],
          [
            -148.8499,
            65.5551
          ],
          [
            -148.9125,
            65.3761
          ],
          [
            -148.9538,
            65.2567
          ],
          [
            -149.0152,
            65.0775
          ],
          [
            -149.0558,
            64.9581
          ],
          [
            -149.1162,
            64.779
          ],
          [
            -149.1958,
            64.5401
          ],
          [
            -149.2352,
            64.4206
          ],
          [
            -149.2743,
            64.3011
          ],
          [
            -149.3518,
            64.0622
          ],
          [
            -149.4092,
            63.8829
          ],
          [
            -149.4472,
            63.7634
          ],
          [
            -149.485,
            63.6439
          ],
          [
            -149.5225,
            63.5244
          ],
          [
            -149.5968,
            63.2853
          ],
          [
            -149.6336,
            63.1658
          ],
          [
            -149.7066,
            62.9266
          ],
          [
            -149.7787,
            62.6875
          ],
          [
            -149.8322,
            62.5081
          ],
          [
            -149.8852,
            62.3287
          ],
          [
            -149.9552,
            62.0895
          ],
          [
            -150.0071,
            61.9101
          ],
          [
            -150.0415,
            61.7905
          ],
          [
            -150.0757,
            61.6708
          ],
          [
            -150.1097,
            61.5512
          ],
          [
            -150.1604,
            61.3717
          ],
          [
            -150.1939,
            61.2521
          ],
          [
            -150.2438,
            61.0726
          ],
          [
            -150.2934,
            60.893
          ],
          [
            -150.3426,
            60.7135
          ],
          [
            -150.4075,
            60.4741
          ],
          [
            -150.4397,
            60.3544
          ],
          [
            -150.4877,
            60.1748
          ],
          [
            -150.5195,
            60.0551
          ],
          [
            -150.5826,
            59.8157
          ],
          [
            -150.6451,
            59.5762
          ],
          [
            -150.6761,
            59.4564
          ],
          [
            -150.7223,
            59.2768
          ],
          [
            -150.7682,
            59.0971
          ],
          [
            -150.7986,
            58.9773
          ],
          [
            -150.8439,
            58.7977
          ],
          [
            -150.8889,
            58.618
          ],
          [
            -150.9336,
            58.4383
          ],
          [
            -150.978,
            58.2586
          ],
          [
            -151.0367,
            58.0189
          ],
          [
            -151.1093,
            57.7193
          ],
          [
            -151.1811,
            57.4197
          ],
          [
            -151.2096,
            57.2999
          ],
          [
            -151.2521,
            57.1201
          ],
          [
            -151.2803,
            57.0002
          ],
          [
            -151.3363,
            56.7604
          ],
          [
            -151.4057,
            56.4607
          ],
          [
            -151.4606,
            56.2209
          ],
          [
            -151.5016,
            56.041
          ],
          [
            -151.5827,
            55.6813
          ],
          [
            -151.6362,
            55.4414
          ],
          [
            -151.6761,
            55.2615
          ],
          [
            -151.7289,
            55.0215
          ],
          [
            -151.7813,
            54.7816
          ],
          [
            -151.8462,
            54.4817
          ],
          [
            -151.8849,
            54.3017
          ],
          [
            -151.9361,
            54.0617
          ],
          [
            -151.9996,
            53.7617
          ],
          [
            -152.05,
            53.5216
          ],
          [
            -152.1,
            53.2816
          ],
          [
            -152.1497,
            53.0415
          ],
          [
            -152.1744,
            52.9214
          ],
          [
            -152.2236,
            52.6813
          ],
          [
            -152.2724,
            52.4412
          ],
          [
            -152.3209,
            52.2011
          ],
          [
            -152.3571,
            52.0209
          ],
          [
            -152.4289,
            51.6607
          ],
          [
            -152.4764,
            51.4204
          ],
          [
            -152.5118,
            51.2403
          ],
          [
            -152.5938,
            50.8198
          ],
          [
            -152.6749,
            50.3993
          ],
          [
            -152.7323,
            50.099
          ],
          [
            -152.7893,
            49.7985
          ],
          [
            -152.8199,
            49.6363
          ],
          [
            -152.8742,
            49.3466
          ],
          [
            -152.919,
            49.1063
          ],
          [
            -152.9968,
            48.6855
          ],
          [
            -153.0629,
            48.3249
          ],
          [
            -153.1393,
            47.904
          ],
          [
            -153.2258,
            47.423
          ],
          [
            -153.2687,
            47.1825
          ],
          [
            -153.322,
            46.8818
          ],
          [
            -153.3961,
            46.4607
          ],
          [
            -153.48,
            45.9795
          ],
          [
            -153.532,
            45.6787
          ],
          [
            -153.5734,
            45.438
          ],
          [
            -153.6454,
            45.0168
          ],
          [
            -153.7371,
            44.4751
          ],
          [
            -153.7977,
            44.114
          ],
          [
            -153.8379,
            43.8732
          ],
          [
            -153.8879,
            43.5722
          ],
          [
            -153.9277,
            43.3314
          ],
          [
            -153.9871,
            42.9701
          ],
          [
            -154.0559,
            42.5486
          ],
          [
            -154.1243,
            42.127
          ],
          [
            -154.1825,
            41.7656
          ],
          [
            -154.2211,
            41.5246
          ],
          [
            -154.2692,
            41.2234
          ],
          [
            -154.2979,
            41.0426
          ],
          [
            -154.3361,
            40.8016
          ],
          [
            -154.3931,
            40.44
          ],
          [
            -154.4592,
            40.0182
          ],
          [
            -154.5436,
            39.4757
          ],
          [
            -154.5809,
            39.2346
          ],
          [
            -154.6366,
            38.8728
          ],
          [
            -154.6736,
            38.6316
          ],
          [
            -154.7288,
            38.2699
          ],
          [
            -154.8112,
            37.7271
          ],
          [
            -154.8839,
            37.2445
          ],
          [
            -154.9201,
            37.0032
          ],
          [
            -155.0011,
            36.4603
          ],
          [
            -155.0548,
            36.0982
          ],
          [
            -155.1438,
            35.4947
          ],
          [
            -155.2233,
            34.9515
          ],
          [
            -155.2761,
            34.5893
          ],
          [
            -155.3199,
            34.2874
          ],
          [
            -155.4331,
            33.5024
          ],
          [
            -155.5109,
            32.9588
          ],
          [
            -155.5797,
            32.4756
          ],
          [
            -155.6652,
            31.8714
          ],
          [
            -155.7587,
            31.2067
          ],
          [
            -155.86,
            30.4814
          ],
          [
            -155.9188,
            30.0582
          ],
          [
            -155.9579,
            29.7753
          ]
        ]
      },
      "properties": {
        "instrument": "SHARAD_HIGHRES",
        "product_id": "R_6170101_001_SS4_700_A",
        "dat_file": "r_6170101_001_ss4_700_a.dat",
        "lbl_file": "r_6170101_001_ss4_700_a.lbl"
      }
    },
    {
      "type": "Feature",
      "geometry": {
        "type": "LineString",
        "coordinates": [
          [
            -142.0681,
            74.7829
          ],
          [
            -142.1598,
            74.6648
          ],
          [
            -142.2051,
            74.6058
          ],
          [
            -142.2502,
            74.5467
          ],
          [
            -142.2949,
            74.4877
          ],
          [
            -142.3394,
            74.4286
          ],
          [
            -142.4274,
            74.3104
          ],
          [
            -142.471,
            74.2514
          ],
          [
            -142.5143,
            74.1923
          ],
          [
            -142.5573,
            74.1332
          ],
          [
            -142.6,
            74.0741
          ],
          [
            -142.6847,
            73.9558
          ],
          [
            -142.7266,
            73.8967
          ],
          [
            -142.8097,
            73.7784
          ],
          [
            -142.8508,
            73.7193
          ],
          [
            -142.8917,
            73.6601
          ],
          [
            -142.9323,
            73.6009
          ],
          [
            -142.9727,
            73.5418
          ],
          [
            -143.0527,
            73.4234
          ],
          [
            -143.0924,
            73.3642
          ],
          [
            -143.1318,
            73.305
          ],
          [
            -143.1709,
            73.2458
          ],
          [
            -143.2098,
            73.1866
          ],
          [
            -143.287,
            73.0682
          ],
          [
            -143.3252,
            73.009
          ],
          [
            -143.401,
            72.8905
          ],
          [
            -143.4386,
            72.8313
          ],
          [
            -143.513,
            72.7128
          ],
          [
            -143.5866,
            72.5942
          ],
          [
            -143.6231,
            72.535
          ],
          [
            -143.6594,
            72.4757
          ],
          [
            -143.7313,
            72.3571
          ],
          [
            -143.767,
            72.2978
          ],
          [
            -143.8377,
            72.1792
          ],
          [
            -143.8727,
            72.1199
          ],
          [
            -143.9076,
            72.0606
          ],
          [
            -143.9768,
            71.942
          ],
          [
            -144.0111,
            71.8827
          ],
          [
            -144.0452,
            71.8233
          ],
          [
            -144.1129,
            71.7046
          ],
          [
            -144.1464,
            71.6453
          ],
          [
            -144.213,
            71.5266
          ],
          [
            -144.2789,
            71.4079
          ],
          [
            -144.3116,
            71.3485
          ],
          [
            -144.3441,
            71.2891
          ],
          [
            -144.4086,
            71.1704
          ],
          [
            -144.4406,
            71.111
          ],
          [
            -144.5041,
            70.9922
          ],
          [
            -144.567,
            70.8734
          ],
          [
            -144.6292,
            70.7546
          ],
          [
            -144.6601,
            70.6951
          ],
          [
            -144.7214,
            70.5763
          ],
          [
            -144.7518,
            70.5169
          ],
          [
            -144.8122,
            70.398
          ],
          [
            -144.872,
            70.2791
          ],
          [
            -144.9312,
            70.1602
          ],
          [
            -144.9606,
            70.1007
          ],
          [
            -145.0189,
            69.9818
          ],
          [
            -145.0479,
            69.9224
          ],
          [
            -145.0767,
            69.8629
          ],
          [
            -145.134,
            69.7439
          ],
          [
            -145.1907,
            69.625
          ],
          [
            -145.2189,
            69.5655
          ],
          [
            -145.2748,
            69.4465
          ],
          [
            -145.3302,
            69.3275
          ],
          [
            -145.3578,
            69.2679
          ],
          [
            -145.4396,
            69.0894
          ],
          [
            -145.4935,
            68.9704
          ],
          [
            -145.547,
            68.8513
          ],
          [
            -145.6263,
            68.6727
          ],
          [
            -145.6525,
            68.6131
          ],
          [
            -145.7304,
            68.4345
          ],
          [
            -145.7818,
            68.3154
          ],
          [
            -145.8581,
            68.1366
          ],
          [
            -145.9084,
            68.0175
          ],
          [
            -145.9583,
            67.8983
          ],
          [
            -146.0077,
            67.7792
          ],
          [
            -146.0568,
            67.66
          ],
          [
            -146.1055,
            67.5408
          ],
          [
            -146.1538,
            67.4216
          ],
          [
            -146.2492,
            67.1831
          ],
          [
            -146.2963,
            67.0639
          ],
          [
            -146.3663,
            66.885
          ],
          [
            -146.4355,
            66.7061
          ],
          [
            -146.4812,
            66.5868
          ],
          [
            -146.5265,
            66.4675
          ],
          [
            -146.5715,
            66.3482
          ],
          [
            -146.6162,
            66.2289
          ],
          [
            -146.6605,
            66.1095
          ],
          [
            -146.7045,
            65.9902
          ],
          [
            -146.7699,
            65.8112
          ],
          [
            -146.8131,
            65.6918
          ],
          [
            -146.8773,
            65.5128
          ],
          [
            -146.9197,
            65.3934
          ],
          [
            -147.0037,
            65.1546
          ],
          [
            -147.0659,
            64.9755
          ],
          [
            -147.0865,
            64.9157
          ],
          [
            -147.1478,
            64.7366
          ],
          [
            -147.1884,
            64.6171
          ],
          [
            -147.2287,
            64.4977
          ],
          [
            -147.2687,
            64.3782
          ],
          [
            -147.3084,
            64.2588
          ],
          [
            -147.3479,
            64.1393
          ],
          [
            -147.3871,
            64.0198
          ],
          [
            -147.4455,
            63.8405
          ],
          [
            -147.5033,
            63.6613
          ],
          [
            -147.5415,
            63.5418
          ],
          [
            -147.5984,
            63.3625
          ],
          [
            -147.6548,
            63.1832
          ],
          [
            -147.7106,
            63.0038
          ],
          [
            -147.7659,
            62.8245
          ],
          [
            -147.8025,
            62.7049
          ],
          [
            -147.8389,
            62.5853
          ],
          [
            -147.8931,
            62.4059
          ],
          [
            -147.9468,
            62.2265
          ],
          [
            -148.0,
            62.0471
          ],
          [
            -148.0352,
            61.9275
          ],
          [
            -148.0877,
            61.748
          ],
          [
            -148.1397,
            61.5686
          ],
          [
            -148.1913,
            61.3891
          ],
          [
            -148.2594,
            61.1497
          ],
          [
            -148.3267,
            60.9104
          ],
          [
            -148.3768,
            60.7308
          ],
          [
            -148.4429,
            60.4914
          ],
          [
            -148.492,
            60.3119
          ],
          [
            -148.5407,
            60.1323
          ],
          [
            -148.5891,
            59.9527
          ],
          [
            -148.6211,
            59.8329
          ],
          [
            -148.653,
            59.7132
          ],
          [
            -148.7005,
            59.5335
          ],
          [
            -148.7476,
            59.3539
          ],
          [
            -148.7944,
            59.1742
          ],
          [
            -148.8563,
            58.9346
          ],
          [
            -148.887,
            58.8148
          ],
          [
            -148.9631,
            58.5153
          ],
          [
            -148.9933,
            58.3955
          ],
          [
            -149.0533,
            58.1558
          ],
          [
            -149.0979,
            57.9761
          ],
          [
            -149.1422,
            57.7963
          ],
          [
            -149.1716,
            57.6764
          ],
          [
            -149.2154,
            57.4966
          ],
          [
            -149.2589,
            57.3168
          ],
          [
            -149.3165,
            57.0771
          ],
          [
            -149.3451,
            56.9572
          ],
          [
            -149.4019,
            56.7174
          ],
          [
            -149.4723,
            56.4176
          ],
          [
            -149.5419,
            56.1178
          ],
          [
            -149.5971,
            55.8779
          ],
          [
            -149.6382,
            55.698
          ],
          [
            -149.6926,
            55.4581
          ],
          [
            -149.7331,
            55.2781
          ],
          [
            -149.7734,
            55.0982
          ],
          [
            -149.8001,
            54.9782
          ],
          [
            -149.84,
            54.7982
          ],
          [
            -149.8928,
            54.5582
          ],
          [
            -149.9583,
            54.2582
          ],
          [
            -149.9973,
            54.0781
          ],
          [
            -150.0618,
            53.778
          ],
          [
            -150.1257,
            53.4779
          ],
          [
            -150.1638,
            53.2979
          ],
          [
            -150.2268,
            52.9977
          ],
          [
            -150.3017,
            52.6374
          ],
          [
            -150.3265,
            52.5174
          ],
          [
            -150.3758,
            52.2772
          ],
          [
            -150.4492,
            51.9168
          ],
          [
            -150.4977,
            51.6766
          ],
          [
            -150.5339,
            51.4964
          ],
          [
            -150.6098,
            51.1155
          ],
          [
            -150.6927,
            50.695
          ],
          [
            -150.798,
            50.1542
          ],
          [
            -150.8674,
            49.7936
          ],
          [
            -150.9476,
            49.3728
          ],
          [
            -150.9817,
            49.1925
          ],
          [
            -151.0495,
            48.8318
          ],
          [
            -151.0944,
            48.5913
          ],
          [
            -151.1279,
            48.4109
          ],
          [
            -151.1945,
            48.0501
          ],
          [
            -151.2715,
            47.6291
          ],
          [
            -151.3478,
            47.208
          ],
          [
            -151.4234,
            46.7869
          ],
          [
            -151.4556,
            46.6064
          ],
          [
            -151.509,
            46.3056
          ],
          [
            -151.5832,
            45.8843
          ],
          [
            -151.6148,
            45.7038
          ],
          [
            -151.6881,
            45.2824
          ],
          [
            -151.7401,
            44.9815
          ],
          [
            -151.7815,
            44.7407
          ],
          [
            -151.8637,
            44.259
          ],
          [
            -151.9147,
            43.9579
          ],
          [
            -151.9553,
            43.717
          ],
          [
            -152.036,
            43.2352
          ],
          [
            -152.106,
            42.8136
          ],
          [
            -152.1458,
            42.5726
          ],
          [
            -152.2052,
            42.2111
          ],
          [
            -152.2936,
            41.6688
          ],
          [
            -152.3812,
            41.1264
          ],
          [
            -152.4585,
            40.6442
          ],
          [
            -152.5065,
            40.3427
          ],
          [
            -152.5638,
            39.981
          ],
          [
            -152.6208,
            39.6192
          ],
          [
            -152.6869,
            39.197
          ],
          [
            -152.7245,
            38.9558
          ],
          [
            -152.79,
            38.5336
          ],
          [
            -152.8829,
            37.9303
          ],
          [
            -152.9842,
            37.2665
          ],
          [
            -153.0482,
            36.8441
          ],
          [
            -153.1028,
            36.4819
          ],
          [
            -153.1662,
            36.0593
          ],
          [
            -153.2472,
            35.516
          ],
          [
            -153.3366,
            34.9121
          ],
          [
            -153.4342,
            34.2477
          ],
          [
            -153.5223,
            33.6436
          ],
          [
            -153.6011,
            33.0998
          ],
          [
            -153.6968,
            32.435
          ],
          [
            -153.7746,
            31.891
          ],
          [
            -153.8777,
            31.1655
          ],
          [
            -153.9375,
            30.7422
          ],
          [
            -154.031,
            30.0769
          ],
          [
            -154.0711,
            29.7902
          ]
        ]
      },
      "properties": {
        "instrument": "SHARAD_HIGHRES",
        "product_id": "R_6629003_001_SS4_700_A",
        "dat_file": "r_6629003_001_ss4_700_a.dat",
        "lbl_file": "r_6629003_001_ss4_700_a.lbl"
      }
    },
    {
      "type": "Feature",
      "geometry": {
        "type": "LineString",
        "coordinates": [
          [
            -160.704,
            44.6349
          ],
          [
            -160.7348,
            44.4543
          ],
          [
            -160.8062,
            44.0327
          ],
          [
            -160.877,
            43.6111
          ],
          [
            -160.9173,
            43.3701
          ],
          [
            -160.9873,
            42.9484
          ],
          [
            -161.0667,
            42.4664
          ],
          [
            -161.116,
            42.1651
          ],
          [
            -161.1846,
            41.7432
          ],
          [
            -161.2527,
            41.3213
          ],
          [
            -161.3204,
            40.8993
          ],
          [
            -161.3972,
            40.4169
          ],
          [
            -161.4354,
            40.1758
          ],
          [
            -161.5019,
            39.7536
          ],
          [
            -161.5397,
            39.5124
          ],
          [
            -161.5868,
            39.2108
          ],
          [
            -161.6617,
            38.7282
          ],
          [
            -161.7361,
            38.2455
          ],
          [
            -161.8008,
            37.8231
          ],
          [
            -161.8743,
            37.3404
          ],
          [
            -161.92,
            37.0386
          ],
          [
            -161.9746,
            36.6764
          ],
          [
            -162.0199,
            36.3745
          ],
          [
            -162.065,
            36.0727
          ],
          [
            -162.1459,
            35.5292
          ],
          [
            -162.1995,
            35.1669
          ],
          [
            -162.2706,
            34.6837
          ],
          [
            -162.3325,
            34.2608
          ],
          [
            -162.4029,
            33.7775
          ],
          [
            -162.4729,
            33.2941
          ],
          [
            -162.5252,
            32.9315
          ],
          [
            -162.5686,
            32.6293
          ],
          [
            -162.6464,
            32.0852
          ],
          [
            -162.7152,
            31.6016
          ],
          [
            -162.7666,
            31.2388
          ],
          [
            -162.8178,
            30.8759
          ],
          [
            -162.8943,
            30.3316
          ],
          [
            -162.9704,
            29.7872
          ],
          [
            -163.0125,
            29.4847
          ],
          [
            -163.1048,
            28.8191
          ],
          [
            -163.1799,
            28.2744
          ],
          [
            -163.3126,
            27.3058
          ],
          [
            -163.4279,
            26.4581
          ],
          [
            -163.5098,
            25.8524
          ],
          [
            -163.5832,
            25.3072
          ],
          [
            -163.6401,
            24.8831
          ],
          [
            -163.7211,
            24.2771
          ],
          [
            -163.7776,
            23.8529
          ],
          [
            -163.8741,
            23.1255
          ],
          [
            -163.9382,
            22.6405
          ],
          [
            -164.0021,
            22.1554
          ],
          [
            -164.1373,
            21.1243
          ],
          [
            -164.2875,
            19.9715
          ],
          [
            -164.4133,
            19.0003
          ],
          [
            -164.4916,
            18.3932
          ],
          [
            -164.5931,
            17.6038
          ],
          [
            -164.702,
            16.7535
          ],
          [
            -164.7718,
            16.2067
          ],
          [
            -164.8878,
            15.2952
          ],
          [
            -164.9371,
            14.9062
          ]
        ]
      },
      "properties": {
        "instrument": "SHARAD_HIGHRES",
        "product_id": "R_6647503_001_SS4_700_A",
        "dat_file": "r_6647503_001_ss4_700_a.dat",
        "lbl_file": "r_6647503_001_ss4_700_a.lbl"
      }
    },
    {
      "type": "Feature",
      "geometry": {
        "type": "LineString",
        "coordinates": [
          [
            -156.6415,
            14.8923
          ],
          [
            -156.6724,
            15.1354
          ],
          [
            -156.8042,
            16.168
          ],
          [
            -156.882,
            16.7753
          ],
          [
            -156.9834,
            17.5645
          ],
          [
            -157.1087,
            18.5357
          ],
          [
            -157.2424,
            19.5672
          ],
          [
            -157.3689,
            20.5377
          ],
          [
            -157.4801,
            21.3867
          ],
          [
            -157.5359,
            21.8111
          ],
          [
            -157.6559,
            22.7203
          ],
          [
            -157.7524,
            23.4475
          ],
          [
            -157.8008,
            23.811
          ],
          [
            -157.9223,
            24.7197
          ],
          [
            -158.0119,
            25.3859
          ],
          [
            -158.0691,
            25.8097
          ],
          [
            -158.1265,
            26.2335
          ],
          [
            -158.2088,
            26.8389
          ],
          [
            -158.2749,
            27.3231
          ],
          [
            -158.3579,
            27.9282
          ],
          [
            -158.4413,
            28.5332
          ],
          [
            -158.5083,
            29.0171
          ],
          [
            -158.6178,
            29.8034
          ],
          [
            -158.6686,
            30.1662
          ],
          [
            -158.7707,
            30.8917
          ],
          [
            -158.8477,
            31.4357
          ],
          [
            -158.9165,
            31.9192
          ],
          [
            -158.9683,
            32.2818
          ],
          [
            -159.0377,
            32.7652
          ],
          [
            -159.1249,
            33.3693
          ],
          [
            -159.1775,
            33.7317
          ],
          [
            -159.2303,
            34.094
          ],
          [
            -159.2922,
            34.5168
          ],
          [
            -159.3366,
            34.8187
          ],
          [
            -159.4079,
            35.3017
          ],
          [
            -159.4796,
            35.7846
          ],
          [
            -159.5608,
            36.3278
          ],
          [
            -159.6608,
            36.9916
          ],
          [
            -159.7157,
            37.3536
          ],
          [
            -159.7985,
            37.8965
          ],
          [
            -159.8355,
            38.1378
          ],
          [
            -159.9192,
            38.6806
          ],
          [
            -159.966,
            38.9821
          ],
          [
            -160.0318,
            39.4042
          ],
          [
            -160.0696,
            39.6454
          ],
          [
            -160.1647,
            40.2482
          ],
          [
            -160.2414,
            40.7304
          ],
          [
            -160.2799,
            40.9714
          ],
          [
            -160.3477,
            41.3933
          ],
          [
            -160.4062,
            41.7548
          ],
          [
            -160.4552,
            42.056
          ],
          [
            -160.5242,
            42.4777
          ],
          [
            -160.5738,
            42.7789
          ],
          [
            -160.6537,
            43.2607
          ],
          [
            -160.704,
            43.5618
          ],
          [
            -160.7748,
            43.9832
          ],
          [
            -160.8462,
            44.4047
          ],
          [
            -160.8832,
            44.6214
          ]
        ]
      },
      "properties": {
        "instrument": "SHARAD_HIGHRES",
        "product_id": "R_6657401_001_SS4_700_A",
        "dat_file": "r_6657401_001_ss4_700_a.dat",
        "lbl_file": "r_6657401_001_ss4_700_a.lbl"
      }
    },
    {
      "type": "Feature",
      "geometry": {
        "type": "LineString",
        "coordinates": [
          [
            170.8198,
            0.0991
          ],
          [
            170.5729,
            2.1134
          ],
          [
            170.3857,
            3.6385
          ],
          [
            170.0857,
            6.0771
          ],
          [
            169.9504,
            7.1739
          ],
          [
            169.7998,
            8.392
          ],
          [
            169.6413,
            9.6706
          ],
          [
            169.5581,
            10.3401
          ],
          [
            169.4596,
            11.1311
          ],
          [
            169.3305,
            12.1652
          ],
          [
            169.201,
            13.199
          ],
          [
            169.0558,
            14.354
          ],
          [
            168.9561,
            15.144
          ],
          [
            168.8176,
            16.2375
          ],
          [
            168.7404,
            16.8448
          ],
          [
            168.663,
            17.452
          ],
          [
            168.5465,
            18.3626
          ],
          [
            168.4139,
            19.3943
          ],
          [
            168.3356,
            20.001
          ],
          [
            168.2413,
            20.7289
          ],
          [
            168.1229,
            21.6385
          ],
          [
            168.0357,
            22.3054
          ],
          [
            167.9322,
            23.0933
          ],
          [
            167.8041,
            24.0628
          ],
          [
            167.6833,
            24.9715
          ],
          [
            167.578,
            25.7587
          ],
          [
            167.5129,
            26.2431
          ],
          [
            167.4639,
            26.6063
          ],
          [
            167.382,
            27.2116
          ],
          [
            167.2749,
            27.9983
          ],
          [
            167.1505,
            28.9058
          ],
          [
            167.0754,
            29.4502
          ],
          [
            166.9663,
            30.2363
          ],
          [
            166.9157,
            30.5991
          ],
          [
            166.8649,
            30.9618
          ],
          [
            166.7884,
            31.5058
          ],
          [
            166.7029,
            32.1101
          ],
          [
            166.6083,
            32.7748
          ],
          [
            166.5564,
            33.1372
          ],
          [
            166.4869,
            33.6205
          ],
          [
            166.382,
            34.3452
          ],
          [
            166.2939,
            34.9489
          ],
          [
            166.1963,
            35.613
          ],
          [
            166.1069,
            36.2165
          ],
          [
            166.0078,
            36.8803
          ],
          [
            165.9443,
            37.3026
          ],
          [
            165.8987,
            37.6042
          ],
          [
            165.8438,
            37.9662
          ],
          [
            165.7886,
            38.328
          ],
          [
            165.7053,
            38.8708
          ],
          [
            165.612,
            39.4737
          ],
          [
            165.5462,
            39.8957
          ],
          [
            165.461,
            40.4381
          ],
          [
            165.4038,
            40.7997
          ],
          [
            165.3463,
            41.1613
          ],
          [
            165.2691,
            41.6433
          ],
          [
            165.1913,
            42.1252
          ],
          [
            165.0932,
            42.7275
          ],
          [
            165.0239,
            43.1491
          ],
          [
            164.9841,
            43.3899
          ],
          [
            164.9341,
            43.691
          ],
          [
            164.8939,
            43.9318
          ],
          [
            164.8434,
            44.2328
          ],
          [
            164.8028,
            44.4735
          ],
          [
            164.7518,
            44.7745
          ],
          [
            164.7005,
            45.0754
          ],
          [
            164.6489,
            45.3763
          ],
          [
            164.6074,
            45.617
          ],
          [
            164.5448,
            45.978
          ],
          [
            164.4923,
            46.2788
          ],
          [
            164.4076,
            46.76
          ],
          [
            164.3649,
            47.0006
          ],
          [
            164.3113,
            47.3013
          ],
          [
            164.2356,
            47.7222
          ],
          [
            164.1592,
            48.1431
          ],
          [
            164.0821,
            48.5639
          ],
          [
            164.0377,
            48.8043
          ],
          [
            163.9594,
            49.225
          ],
          [
            163.9071,
            49.5039
          ],
          [
            163.8746,
            49.6757
          ]
        ]
      },
      "properties": {
        "instrument": "SHARAD_HIGHRES",
        "product_id": "R_6744603_001_SS4_700_A",
        "dat_file": "r_6744603_001_ss4_700_a.dat",
        "lbl_file": "r_6744603_001_ss4_700_a.lbl"
      }
    },
    {
      "type": "Feature",
      "geometry": {
        "type": "LineString",
        "coordinates": [
          [
            170.6835,
            0.1003
          ],
          [
            170.5057,
            1.6195
          ],
          [
            170.3265,
            3.1489
          ],
          [
            170.0476,
            5.5248
          ],
          [
            169.8828,
            6.9251
          ],
          [
            169.7536,
            8.0206
          ],
          [
            169.5017,
            10.1495
          ],
          [
            169.3934,
            11.0615
          ],
          [
            169.2921,
            11.9125
          ],
          [
            169.1906,
            12.7632
          ],
          [
            169.067,
            13.7959
          ],
          [
            168.9868,
            14.464
          ],
          [
            168.8699,
            15.4354
          ],
          [
            168.7526,
            16.4066
          ],
          [
            168.6496,
            17.2561
          ],
          [
            168.5832,
            17.8021
          ],
          [
            168.4277,
            19.0757
          ],
          [
            168.2937,
            20.167
          ],
          [
            168.2414,
            20.5912
          ],
          [
            168.144,
            21.3791
          ],
          [
            168.0462,
            22.1667
          ],
          [
            167.9404,
            23.0147
          ],
          [
            167.8417,
            23.8019
          ],
          [
            167.7349,
            24.6494
          ],
          [
            167.6429,
            25.3757
          ],
          [
            167.5659,
            25.9809
          ],
          [
            167.4731,
            26.7069
          ],
          [
            167.3954,
            27.3117
          ],
          [
            167.3408,
            27.7351
          ],
          [
            167.2782,
            28.2188
          ],
          [
            167.1681,
            29.0652
          ],
          [
            167.0826,
            29.718
          ]
        ]
      },
      "properties": {
        "instrument": "SHARAD_HIGHRES",
        "product_id": "R_6995301_001_SS4_700_A",
        "dat_file": "r_6995301_001_ss4_700_a.dat",
        "lbl_file": "r_6995301_001_ss4_700_a.lbl"
      }
    },
    {
      "type": "Feature",
      "geometry": {
        "type": "LineString",
        "coordinates": [
          [
            172.2579,
            29.6683
          ],
          [
            172.2103,
            29.3051
          ],
          [
            172.1313,
            28.6996
          ],
          [
            172.0841,
            28.3362
          ],
          [
            171.9979,
            27.67
          ],
          [
            171.9355,
            27.1854
          ],
          [
            171.8888,
            26.8219
          ],
          [
            171.7958,
            26.0947
          ],
          [
            171.6879,
            25.2462
          ],
          [
            171.6418,
            24.8824
          ],
          [
            171.5576,
            24.2155
          ],
          [
            171.5042,
            23.791
          ],
          [
            171.3978,
            22.9418
          ],
          [
            171.3221,
            22.3352
          ],
          [
            171.194,
            21.3036
          ],
          [
            171.074,
            20.3323
          ],
          [
            170.9993,
            19.7252
          ],
          [
            170.9397,
            19.2394
          ],
          [
            170.8357,
            18.389
          ],
          [
            170.7099,
            17.3561
          ],
          [
            170.6067,
            16.5053
          ],
          [
            170.5038,
            15.6542
          ],
          [
            170.4305,
            15.0462
          ],
          [
            170.2333,
            13.4039
          ],
          [
            170.0588,
            11.9434
          ],
          [
            169.9718,
            11.2129
          ],
          [
            169.8488,
            10.1777
          ],
          [
            169.6612,
            8.5938
          ],
          [
            169.47,
            6.9739
          ]
        ]
      },
      "properties": {
        "instrument": "SHARAD_HIGHRES",
        "product_id": "R_7151501_001_SS4_700_A",
        "dat_file": "r_7151501_001_ss4_700_a.dat",
        "lbl_file": "r_7151501_001_ss4_700_a.lbl"
      }
    },
    {
      "type": "Feature",
      "geometry": {
        "type": "LineString",
        "coordinates": [
          [
            -166.0087,
            44.6221
          ],
          [
            -166.0591,
            44.3209
          ],
          [
            -166.1092,
            44.0197
          ],
          [
            -166.1888,
            43.5377
          ],
          [
            -166.2382,
            43.2364
          ],
          [
            -166.2873,
            42.9351
          ],
          [
            -166.346,
            42.5735
          ],
          [
            -166.3946,
            42.2721
          ],
          [
            -166.4526,
            41.9104
          ],
          [
            -166.5294,
            41.4281
          ],
          [
            -166.5676,
            41.1869
          ],
          [
            -166.653,
            40.6442
          ],
          [
            -166.7377,
            40.1014
          ],
          [
            -166.7938,
            39.7394
          ],
          [
            -166.8496,
            39.3775
          ],
          [
            -166.9051,
            39.0155
          ],
          [
            -166.9695,
            38.5931
          ],
          [
            -167.0153,
            38.2914
          ],
          [
            -167.1063,
            37.6878
          ],
          [
            -167.1515,
            37.386
          ],
          [
            -167.2325,
            36.8426
          ],
          [
            -167.2951,
            36.42
          ],
          [
            -167.3396,
            36.118
          ],
          [
            -167.4105,
            35.6349
          ],
          [
            -167.4634,
            35.2725
          ],
          [
            -167.5598,
            34.6079
          ],
          [
            -167.6555,
            33.9433
          ],
          [
            -167.7074,
            33.5807
          ],
          [
            -167.7677,
            33.1576
          ],
          [
            -167.8363,
            32.674
          ],
          [
            -167.879,
            32.3717
          ],
          [
            -167.964,
            31.7671
          ],
          [
            -168.0401,
            31.2228
          ],
          [
            -168.0822,
            30.9204
          ],
          [
            -168.1493,
            30.4365
          ],
          [
            -168.2078,
            30.013
          ],
          [
            -168.3324,
            29.1053
          ],
          [
            -168.4396,
            28.3185
          ],
          [
            -168.5298,
            27.6525
          ],
          [
            -168.6195,
            26.9865
          ],
          [
            -168.7492,
            26.0174
          ],
          [
            -168.8298,
            25.4116
          ],
          [
            -168.878,
            25.048
          ],
          [
            -169.0139,
            24.0178
          ],
          [
            -169.0855,
            23.4722
          ],
          [
            -169.141,
            23.0478
          ],
          [
            -169.2831,
            21.9563
          ],
          [
            -169.4165,
            20.925
          ],
          [
            -169.4634,
            20.561
          ],
          [
            -169.5725,
            19.7114
          ],
          [
            -169.6424,
            19.1651
          ],
          [
            -169.7121,
            18.6187
          ],
          [
            -169.7662,
            18.1937
          ],
          [
            -169.8664,
            17.4042
          ],
          [
            -169.9969,
            16.3715
          ],
          [
            -170.0887,
            15.6423
          ],
          [
            -170.1829,
            14.8917
          ]
        ]
      },
      "properties": {
        "instrument": "SHARAD_HIGHRES",
        "product_id": "R_7490301_001_SS4_700_A",
        "dat_file": "r_7490301_001_ss4_700_a.dat",
        "lbl_file": "r_7490301_001_ss4_700_a.lbl"
      }
    },
    {
      "type": "Feature",
      "geometry": {
        "type": "LineString",
        "coordinates": [
          [
            -160.7238,
            44.6109
          ],
          [
            -160.7843,
            44.2495
          ],
          [
            -160.8443,
            43.8881
          ],
          [
            -160.8941,
            43.5869
          ],
          [
            -160.9337,
            43.3459
          ],
          [
            -160.9928,
            42.9844
          ],
          [
            -161.0613,
            42.5626
          ],
          [
            -161.1293,
            42.1408
          ],
          [
            -161.1583,
            41.9599
          ],
          [
            -161.2448,
            41.4175
          ],
          [
            -161.283,
            41.1763
          ],
          [
            -161.359,
            40.694
          ],
          [
            -161.4532,
            40.091
          ],
          [
            -161.5093,
            39.7292
          ],
          [
            -161.5744,
            39.307
          ],
          [
            -161.735,
            38.3149
          ],
          [
            -161.8913,
            37.3226
          ],
          [
            -162.0435,
            36.33
          ],
          [
            -162.1918,
            35.3373
          ],
          [
            -162.3366,
            34.3444
          ],
          [
            -162.478,
            33.3513
          ],
          [
            -162.6162,
            32.3581
          ],
          [
            -162.7514,
            31.3647
          ],
          [
            -162.8837,
            30.3712
          ],
          [
            -163.0133,
            29.3775
          ],
          [
            -163.0632,
            28.99
          ],
          [
            -163.131,
            28.4933
          ],
          [
            -163.2377,
            27.7066
          ],
          [
            -163.3356,
            26.9803
          ],
          [
            -163.4168,
            26.3749
          ],
          [
            -163.5218,
            25.5877
          ],
          [
            -163.5781,
            25.1638
          ],
          [
            -163.6902,
            24.3157
          ],
          [
            -163.7858,
            23.5887
          ],
          [
            -163.8572,
            23.0433
          ],
          [
            -163.9678,
            22.1948
          ],
          [
            -164.0622,
            21.4673
          ],
          [
            -164.1562,
            20.7396
          ],
          [
            -164.2654,
            19.8905
          ],
          [
            -164.3276,
            19.4051
          ],
          [
            -164.467,
            18.3129
          ],
          [
            -164.6134,
            17.1596
          ],
          [
            -164.7361,
            16.1882
          ],
          [
            -164.8355,
            15.3986
          ],
          [
            -164.9005,
            14.8805
          ]
        ]
      },
      "properties": {
        "instrument": "SHARAD_HIGHRES",
        "product_id": "R_7590502_001_SS4_700_A",
        "dat_file": "r_7590502_001_ss4_700_a.dat",
        "lbl_file": "r_7590502_001_ss4_700_a.lbl"
      }
    },
    {
      "type": "Feature",
      "geometry": {
        "type": "LineString",
        "coordinates": [
          [
            -153.0175,
            -14.5283
          ],
          [
            -153.1708,
            -13.3026
          ],
          [
            -153.331,
            -12.0161
          ],
          [
            -153.4982,
            -10.6688
          ],
          [
            -153.5664,
            -10.1178
          ],
          [
            -153.7101,
            -8.9548
          ],
          [
            -153.7931,
            -8.2817
          ],
          [
            -154.0114,
            -6.5078
          ],
          [
            -154.274,
            -4.3681
          ],
          [
            -154.5135,
            -2.4131
          ],
          [
            -154.9169,
            0.8835
          ],
          [
            -155.141,
            2.7134
          ],
          [
            -155.3653,
            4.5423
          ],
          [
            -155.53,
            5.8828
          ],
          [
            -155.7325,
            7.5272
          ],
          [
            -155.928,
            9.1099
          ],
          [
            -156.109,
            10.5701
          ],
          [
            -156.2073,
            11.3608
          ],
          [
            -156.2982,
            12.0904
          ],
          [
            -156.4273,
            13.1239
          ],
          [
            -156.5263,
            13.9139
          ],
          [
            -156.6179,
            14.643
          ],
          [
            -156.7634,
            15.797
          ],
          [
            -156.8633,
            16.5864
          ],
          [
            -156.9558,
            17.3148
          ],
          [
            -157.0331,
            17.9217
          ],
          [
            -157.1339,
            18.7105
          ],
          [
            -157.2117,
            19.3172
          ],
          [
            -157.3366,
            20.2876
          ],
          [
            -157.4307,
            21.0152
          ],
          [
            -157.5094,
            21.6214
          ],
          [
            -157.62,
            22.4699
          ],
          [
            -157.6914,
            23.0152
          ],
          [
            -157.771,
            23.621
          ],
          [
            -157.8589,
            24.2873
          ],
          [
            -157.9311,
            24.8323
          ],
          [
            -158.0359,
            25.6194
          ],
          [
            -158.1412,
            26.4063
          ],
          [
            -158.2635,
            27.314
          ],
          [
            -158.3455,
            27.9189
          ],
          [
            -158.4444,
            28.6448
          ],
          [
            -158.5356,
            29.31
          ],
          [
            -158.6524,
            30.1564
          ],
          [
            -158.7448,
            30.8213
          ],
          [
            -158.8293,
            31.4256
          ],
          [
            -158.9228,
            32.0903
          ],
          [
            -159.0169,
            32.7548
          ],
          [
            -159.103,
            33.3587
          ],
          [
            -159.1897,
            33.9626
          ],
          [
            -159.2332,
            34.2644
          ],
          [
            -159.2944,
            34.687
          ],
          [
            -159.3823,
            35.2906
          ],
          [
            -159.4531,
            35.7734
          ],
          [
            -159.5243,
            36.2562
          ],
          [
            -159.569,
            36.5578
          ],
          [
            -159.6589,
            37.1611
          ],
          [
            -159.7495,
            37.7642
          ],
          [
            -159.8225,
            38.2466
          ],
          [
            -159.9052,
            38.7893
          ],
          [
            -159.9514,
            39.0907
          ],
          [
            -160.0071,
            39.4524
          ],
          [
            -160.0912,
            39.9948
          ],
          [
            -160.1288,
            40.2359
          ],
          [
            -160.1949,
            40.6577
          ],
          [
            -160.271,
            41.1397
          ],
          [
            -160.3669,
            41.7421
          ],
          [
            -160.4055,
            41.983
          ],
          [
            -160.454,
            42.2842
          ],
          [
            -160.5027,
            42.5853
          ],
          [
            -160.5615,
            42.9466
          ],
          [
            -160.6009,
            43.1874
          ],
          [
            -160.6603,
            43.5486
          ],
          [
            -160.7101,
            43.8496
          ],
          [
            -160.7702,
            44.2108
          ],
          [
            -160.799,
            44.3829
          ]
        ]
      },
      "properties": {
        "instrument": "SHARAD_HIGHRES",
        "product_id": "R_7860201_001_SS4_700_A",
        "dat_file": "r_7860201_001_ss4_700_a.dat",
        "lbl_file": "r_7860201_001_ss4_700_a.lbl"
      }
    },
    {
      "type": "Feature",
      "geometry": {
        "type": "LineString",
        "coordinates": [
          [
            -165.9433,
            44.6032
          ],
          [
            -165.9834,
            44.3622
          ],
          [
            -166.0533,
            43.9404
          ],
          [
            -166.1226,
            43.5185
          ],
          [
            -166.162,
            43.2774
          ],
          [
            -166.2305,
            42.8555
          ],
          [
            -166.2985,
            42.4335
          ],
          [
            -166.3372,
            42.1923
          ],
          [
            -166.4045,
            41.7702
          ],
          [
            -166.4523,
            41.4687
          ],
          [
            -166.5283,
            40.9862
          ],
          [
            -166.5755,
            40.6846
          ],
          [
            -166.6506,
            40.202
          ],
          [
            -166.7344,
            39.659
          ],
          [
            -166.7715,
            39.4176
          ],
          [
            -166.8819,
            38.6934
          ],
          [
            -166.9367,
            38.3312
          ],
          [
            -166.9912,
            37.969
          ],
          [
            -167.0545,
            37.5464
          ],
          [
            -167.1264,
            37.0633
          ],
          [
            -167.1711,
            36.7613
          ],
          [
            -167.2423,
            36.2781
          ],
          [
            -167.3219,
            35.7345
          ],
          [
            -167.3659,
            35.4324
          ],
          [
            -167.4534,
            34.8282
          ],
          [
            -167.5317,
            34.2843
          ],
          [
            -167.6095,
            33.7403
          ],
          [
            -167.6697,
            33.3171
          ],
          [
            -167.7211,
            32.9543
          ],
          [
            -167.8148,
            32.2892
          ],
          [
            -167.8826,
            31.8053
          ],
          [
            -167.9248,
            31.5029
          ],
          [
            -168.0172,
            30.8374
          ],
          [
            -168.0757,
            30.4139
          ],
          [
            -168.134,
            29.9903
          ],
          [
            -168.2086,
            29.4455
          ],
          [
            -168.2829,
            28.9007
          ],
          [
            -168.3568,
            28.3559
          ],
          [
            -168.4141,
            27.932
          ],
          [
            -168.4712,
            27.5081
          ],
          [
            -168.5281,
            27.0841
          ],
          [
            -168.601,
            26.5389
          ],
          [
            -168.6736,
            25.9936
          ],
          [
            -168.7459,
            25.4482
          ],
          [
            -168.8499,
            24.6603
          ],
          [
            -168.9454,
            23.9328
          ],
          [
            -169.0009,
            23.5083
          ],
          [
            -169.1036,
            22.7199
          ],
          [
            -169.2215,
            21.81
          ],
          [
            -169.3544,
            20.7784
          ],
          [
            -169.44,
            20.1108
          ],
          [
            -169.5253,
            19.443
          ],
          [
            -169.6335,
            18.5928
          ],
          [
            -169.6951,
            18.107
          ],
          [
            -169.8333,
            17.0134
          ],
          [
            -169.9785,
            15.8588
          ],
          [
            -170.1017,
            14.8739
          ]
        ]
      },
      "properties": {
        "instrument": "SHARAD_HIGHRES",
        "product_id": "R_8343501_001_SS4_700_A",
        "dat_file": "r_8343501_001_ss4_700_a.dat",
        "lbl_file": "r_8343501_001_ss4_700_a.lbl"
      }
    },
    {
      "type": "Feature",
      "geometry": {
        "type": "LineString",
        "coordinates": [
          [
            172.3353,
            29.6275
          ],
          [
            172.2941,
            29.3252
          ],
          [
            172.2285,
            28.8414
          ],
          [
            172.155,
            28.2972
          ],
          [
            172.0818,
            27.7528
          ],
          [
            171.9847,
            27.0269
          ],
          [
            171.9042,
            26.4218
          ],
          [
            171.824,
            25.8166
          ],
          [
            171.7203,
            25.0297
          ],
          [
            171.6092,
            24.182
          ],
          [
            171.4987,
            23.3341
          ],
          [
            171.3966,
            22.5466
          ],
          [
            171.3262,
            22.0013
          ],
          [
            171.2171,
            21.1528
          ],
          [
            171.1085,
            20.3042
          ],
          [
            171.0312,
            19.6978
          ],
          [
            170.908,
            18.7275
          ],
          [
            170.7624,
            17.5748
          ],
          [
            170.6632,
            16.7859
          ],
          [
            170.5643,
            15.9968
          ],
          [
            170.443,
            15.0254
          ],
          [
            170.307,
            13.9321
          ],
          [
            170.179,
            12.8993
          ],
          [
            170.0364,
            11.7446
          ],
          [
            169.9316,
            10.8934
          ],
          [
            169.8121,
            9.9205
          ],
          [
            169.7003,
            9.008
          ],
          [
            169.5664,
            7.9128
          ],
          [
            169.4105,
            6.6345
          ],
          [
            169.2919,
            5.6602
          ],
          [
            169.0625,
            3.7718
          ],
          [
            168.9516,
            2.8576
          ],
          [
            168.6065,
            0.0087
          ]
        ]
      },
      "properties": {
        "instrument": "SHARAD_HIGHRES",
        "product_id": "R_8496501_001_SS4_700_A",
        "dat_file": "r_8496501_001_ss4_700_a.dat",
        "lbl_file": "r_8496501_001_ss4_700_a.lbl"
      }
    },
    {
      "type": "Feature",
      "properties": {
        "product_id": "R_0400201_001_SS19_700_A",
        "instrument": "SHARAD_HIGHRES",
        "dat_file": "r_0400201_001_ss19_700_a.dat",
        "lbl_file": "r_0400201_001_ss19_700_a.lbl"
      },
      "geometry": {
        "type": "LineString",
        "coordinates": [
          [
            78.8045,
            29.6933
          ],
          [
            78.7158,
            29.0582
          ],
          [
            78.6318,
            28.4529
          ],
          [
            78.5316,
            27.7268
          ],
          [
            78.4237,
            26.9401
          ],
          [
            78.3329,
            26.2742
          ],
          [
            78.218,
            25.4265
          ],
          [
            78.1282,
            24.7604
          ],
          [
            78.0145,
            23.9124
          ],
          [
            77.8974,
            23.0338
          ],
          [
            77.813,
            22.3975
          ],
          [
            77.689,
            21.458
          ],
          [
            77.6173,
            20.9124
          ],
          [
            77.5141,
            20.1241
          ],
          [
            77.3916,
            19.1839
          ],
          [
            77.2736,
            18.2738
          ],
          [
            77.1639,
            17.4241
          ],
          [
            77.0624,
            16.635
          ],
          [
            76.9457,
            15.7242
          ],
          [
            76.8294,
            14.8131
          ],
          [
            76.7212,
            13.9626
          ],
          [
            76.621,
            13.1726
          ],
          [
            76.5057,
            12.2608
          ],
          [
            76.3907,
            11.3488
          ],
          [
            76.2607,
            10.3149
          ],
          [
            76.0739,
            8.8243
          ],
          [
            75.8573,
            7.0894
          ],
          [
            75.7246,
            6.0237
          ],
          [
            75.5429,
            4.5615
          ],
          [
            75.4068,
            3.4644
          ],
          [
            75.1915,
            1.7267
          ],
          [
            75.0067,
            0.2336
          ]
        ]
      }
    },
    {
      "type": "Feature",
      "properties": {
        "product_id": "R_0401501_001_SS19_700_A",
        "instrument": "SHARAD_HIGHRES",
        "dat_file": "r_0401501_001_ss19_700_a.dat",
        "lbl_file": "r_0401501_001_ss19_700_a.lbl"
      },
      "geometry": {
        "type": "LineString",
        "coordinates": [
          [
            83.8944,
            29.6904
          ],
          [
            83.8437,
            29.3276
          ],
          [
            83.7387,
            28.5716
          ],
          [
            83.7052,
            28.3294
          ],
          [
            83.626,
            27.7547
          ],
          [
            83.5596,
            27.2707
          ],
          [
            83.4893,
            26.7563
          ],
          [
            83.4234,
            26.2722
          ],
          [
            83.2923,
            25.3037
          ],
          [
            83.1905,
            24.5468
          ],
          [
            83.0973,
            23.8504
          ],
          [
            83.0005,
            23.1235
          ],
          [
            82.8801,
            22.2147
          ],
          [
            82.8002,
            21.6087
          ],
          [
            82.7007,
            20.8511
          ],
          [
            82.5937,
            20.0326
          ],
          [
            82.5108,
            19.3959
          ],
          [
            82.4478,
            18.9107
          ],
          [
            82.3732,
            18.3344
          ],
          [
            82.2675,
            17.5153
          ],
          [
            82.1544,
            16.6353
          ],
          [
            82.0456,
            15.7854
          ],
          [
            81.9681,
            15.1783
          ],
          [
            81.8406,
            14.1762
          ],
          [
            81.7443,
            13.4168
          ],
          [
            81.5984,
            12.2623
          ],
          [
            81.4644,
            11.1984
          ],
          [
            81.3346,
            10.1647
          ],
          [
            81.1747,
            8.8873
          ],
          [
            81.0228,
            7.6702
          ],
          [
            80.875,
            6.4831
          ],
          [
            80.7577,
            5.5392
          ],
          [
            80.5952,
            4.2295
          ],
          [
            80.4178,
            2.7973
          ],
          [
            80.0814,
            0.0771
          ]
        ]
      }
    },
    {
      "type": "Feature",
      "properties": {
        "product_id": "R_0406801_001_SS19_700_A",
        "instrument": "SHARAD_HIGHRES",
        "dat_file": "r_0406801_001_ss19_700_a.dat",
        "lbl_file": "r_0406801_001_ss19_700_a.lbl"
      },
      "geometry": {
        "type": "LineString",
        "coordinates": [
          [
            76.9051,
            29.6866
          ],
          [
            76.8375,
            29.2027
          ],
          [
            76.7912,
            28.87
          ],
          [
            76.7408,
            28.5067
          ],
          [
            76.6739,
            28.0226
          ],
          [
            76.6031,
            27.5082
          ],
          [
            76.545,
            27.0845
          ],
          [
            76.4541,
            26.4186
          ],
          [
            76.4006,
            26.0251
          ],
          [
            76.3145,
            25.3892
          ],
          [
            76.2125,
            24.6322
          ],
          [
            76.0827,
            23.6628
          ],
          [
            76.002,
            23.057
          ],
          [
            75.8895,
            22.2084
          ],
          [
            75.8055,
            21.5719
          ],
          [
            75.7417,
            21.0868
          ],
          [
            75.6384,
            20.2985
          ],
          [
            75.5,
            19.237
          ],
          [
            75.3898,
            18.3875
          ],
          [
            75.2683,
            17.4467
          ],
          [
            75.1434,
            16.4753
          ],
          [
            75.0617,
            15.8377
          ],
          [
            75.0079,
            15.4162
          ]
        ]
      }
    },
    {
      "type": "Feature",
      "properties": {
        "product_id": "R_0408101_001_SS19_700_A",
        "instrument": "SHARAD_HIGHRES",
        "dat_file": "r_0408101_001_ss19_700_a.dat",
        "lbl_file": null
      },
      "geometry": {
        "type": "LineString",
        "coordinates": [
          [
            82.006,
            29.6996
          ],
          [
            81.9384,
            29.2158
          ],
          [
            81.825,
            28.399
          ],
          [
            81.7582,
            27.915
          ],
          [
            81.6958,
            27.4612
          ],
          [
            81.5923,
            26.7048
          ],
          [
            81.4894,
            25.9482
          ],
          [
            81.4034,
            25.3125
          ],
          [
            81.2812,
            24.4042
          ],
          [
            81.2042,
            23.8288
          ],
          [
            81.1033,
            23.0715
          ],
          [
            81.0109,
            22.3747
          ],
          [
            80.9069,
            21.5868
          ],
          [
            80.7994,
            20.7685
          ],
          [
            80.7082,
            20.0712
          ],
          [
            80.6055,
            19.2828
          ],
          [
            80.4914,
            18.4031
          ],
          [
            80.3817,
            17.5537
          ],
          [
            80.2763,
            16.7344
          ],
          [
            80.1596,
            15.8237
          ],
          [
            80.0704,
            15.1253
          ],
          [
            79.9467,
            14.1536
          ],
          [
            79.8234,
            13.1814
          ],
          [
            79.6813,
            12.0571
          ],
          [
            79.5626,
            11.1147
          ],
          [
            79.448,
            10.2025
          ],
          [
            79.307,
            9.0771
          ],
          [
            79.2006,
            8.2252
          ],
          [
            79.0942,
            7.373
          ],
          [
            78.935,
            6.0944
          ],
          [
            78.7685,
            4.7543
          ],
          [
            78.5909,
            3.3222
          ],
          [
            78.3795,
            1.6151
          ],
          [
            78.1901,
            0.0837
          ]
        ]
      }
    },
    {
      "type": "Feature",
      "properties": {
        "product_id": "R_0421302_001_SS19_700_A",
        "instrument": "SHARAD_HIGHRES",
        "dat_file": "r_0421302_001_ss19_700_a.dat",
        "lbl_file": "r_0421302_001_ss19_700_a.lbl"
      },
      "geometry": {
        "type": "LineString",
        "coordinates": [
          [
            78.2962,
            29.6567
          ],
          [
            78.2623,
            29.4148
          ],
          [
            78.2117,
            29.0518
          ],
          [
            78.1403,
            28.5376
          ],
          [
            78.0483,
            27.8717
          ],
          [
            77.9527,
            27.1757
          ],
          [
            77.8576,
            26.4795
          ],
          [
            77.7671,
            25.8135
          ],
          [
            77.6893,
            25.2382
          ],
          [
            77.5996,
            24.572
          ],
          [
            77.4901,
            23.7542
          ],
          [
            77.4214,
            23.2391
          ],
          [
            77.3128,
            22.421
          ],
          [
            77.2207,
            21.7239
          ],
          [
            77.1051,
            20.8448
          ],
          [
            77.0138,
            20.1473
          ],
          [
            76.911,
            19.3588
          ],
          [
            76.844,
            18.843
          ],
          [
            76.734,
            17.9935
          ],
          [
            76.6596,
            17.4169
          ],
          [
            76.5464,
            16.5366
          ],
          [
            76.4569,
            15.8382
          ],
          [
            76.3599,
            15.079
          ],
          [
            76.2709,
            14.3804
          ],
          [
            76.159,
            13.4993
          ],
          [
            76.0205,
            12.4051
          ],
          [
            75.9131,
            11.5539
          ],
          [
            75.7983,
            10.6416
          ],
          [
            75.6685,
            9.6074
          ],
          [
            75.5428,
            8.6032
          ],
          [
            75.2959,
            6.6245
          ],
          [
            75.1254,
            5.2539
          ],
          [
            75.0143,
            4.3587
          ]
        ]
      }
    },
    {
      "type": "Feature",
      "properties": {
        "product_id": "R_0422601_001_SS19_700_A",
        "instrument": "SHARAD_HIGHRES",
        "dat_file": "r_0422601_001_ss19_700_a.dat",
        "lbl_file": "r_0422601_001_ss19_700_a.lbl"
      },
      "geometry": {
        "type": "LineString",
        "coordinates": [
          [
            83.4138,
            29.721
          ],
          [
            83.342,
            29.207
          ],
          [
            83.2161,
            28.2994
          ],
          [
            83.1161,
            27.5734
          ],
          [
            83.0167,
            26.8473
          ],
          [
            82.9055,
            26.0302
          ],
          [
            82.8154,
            25.3642
          ],
          [
            82.6932,
            24.456
          ],
          [
            82.6243,
            23.9412
          ],
          [
            82.5274,
            23.2143
          ],
          [
            82.4109,
            22.3357
          ],
          [
            82.299,
            21.4872
          ],
          [
            82.2035,
            20.7598
          ],
          [
            82.1163,
            20.0928
          ],
          [
            82.0215,
            19.3651
          ],
          [
            81.9035,
            18.4552
          ],
          [
            81.7938,
            17.6057
          ],
          [
            81.7001,
            16.8774
          ],
          [
            81.5601,
            15.7847
          ],
          [
            81.4787,
            15.1471
          ],
          [
            81.3396,
            14.0538
          ],
          [
            81.251,
            13.3551
          ],
          [
            81.1204,
            12.322
          ],
          [
            80.9787,
            11.1973
          ],
          [
            80.8565,
            10.2243
          ],
          [
            80.7536,
            9.4031
          ],
          [
            80.5901,
            8.0948
          ],
          [
            80.4384,
            6.8776
          ],
          [
            80.321,
            5.9337
          ],
          [
            80.1659,
            4.6847
          ],
          [
            80.0186,
            3.4964
          ],
          [
            79.8412,
            2.0637
          ],
          [
            79.599,
            0.1054
          ]
        ]
      }
    },
    {
      "type": "Feature",
      "properties": {
        "product_id": "R_0435802_001_SS19_700_A",
        "instrument": "SHARAD_HIGHRES",
        "dat_file": "r_0435802_001_ss19_700_a.dat",
        "lbl_file": "r_0435802_001_ss19_700_a.lbl"
      },
      "geometry": {
        "type": "LineString",
        "coordinates": [
          [
            79.6665,
            29.658
          ],
          [
            79.5862,
            29.0834
          ],
          [
            79.4896,
            28.3874
          ],
          [
            79.3811,
            27.6008
          ],
          [
            79.2857,
            26.9048
          ],
          [
            79.1908,
            26.2087
          ],
          [
            79.0882,
            25.4519
          ],
          [
            78.9943,
            24.7555
          ],
          [
            78.913,
            24.1498
          ],
          [
            78.8078,
            23.3622
          ],
          [
            78.6991,
            22.5441
          ],
          [
            78.555,
            21.4531
          ],
          [
            78.4793,
            20.8771
          ],
          [
            78.3761,
            20.0888
          ],
          [
            78.2339,
            18.9969
          ],
          [
            78.1356,
            18.2385
          ],
          [
            78.0259,
            17.3889
          ],
          [
            77.9244,
            16.5997
          ],
          [
            77.8038,
            15.6585
          ],
          [
            77.6643,
            14.5652
          ],
          [
            77.5716,
            13.8361
          ],
          [
            77.4445,
            12.8333
          ],
          [
            77.3408,
            12.0126
          ],
          [
            77.2182,
            11.0397
          ],
          [
            77.115,
            10.2186
          ],
          [
            76.9282,
            8.7279
          ],
          [
            76.7116,
            6.9929
          ],
          [
            76.5751,
            5.8966
          ],
          [
            76.3707,
            4.2515
          ],
          [
            76.2346,
            3.1543
          ],
          [
            75.8618,
            0.1438
          ]
        ]
      }
    },
    {
      "type": "Feature",
      "properties": {
        "product_id": "R_0443701_001_SS19_700_A",
        "instrument": "SHARAD_HIGHRES",
        "dat_file": "r_0443701_001_ss19_700_a.dat",
        "lbl_file": "r_0443701_001_ss19_700_a.lbl"
      },
      "geometry": {
        "type": "LineString",
        "coordinates": [
          [
            82.8526,
            29.6809
          ],
          [
            82.7892,
            29.2273
          ],
          [
            82.6716,
            28.3802
          ],
          [
            82.584,
            27.7449
          ],
          [
            82.4844,
            27.0187
          ],
          [
            82.3648,
            26.141
          ],
          [
            82.2705,
            25.4447
          ],
          [
            82.1848,
            24.8089
          ],
          [
            82.1076,
            24.2335
          ],
          [
            81.9903,
            23.3551
          ],
          [
            81.8897,
            22.5976
          ],
          [
            81.7656,
            21.6582
          ],
          [
            81.666,
            20.9004
          ],
          [
            81.5312,
            19.8695
          ],
          [
            81.4483,
            19.2326
          ],
          [
            81.3578,
            18.5349
          ],
          [
            81.2402,
            17.6246
          ],
          [
            81.1075,
            16.5928
          ],
          [
            81.0297,
            15.9856
          ],
          [
            80.9327,
            15.2265
          ],
          [
            80.7858,
            14.0723
          ],
          [
            80.6433,
            12.948
          ],
          [
            80.5473,
            12.1882
          ],
          [
            80.463,
            11.5194
          ],
          [
            80.3101,
            10.3031
          ],
          [
            80.1196,
            8.782
          ],
          [
            79.9942,
            7.7777
          ],
          [
            79.8728,
            6.8035
          ],
          [
            79.744,
            5.7681
          ],
          [
            79.6116,
            4.7019
          ],
          [
            79.434,
            3.2696
          ],
          [
            79.1811,
            1.2267
          ],
          [
            79.0502,
            0.1678
          ]
        ]
      }
    },
    {
      "type": "Feature",
      "properties": {
        "product_id": "R_0562402_001_SS19_700_A",
        "instrument": "SHARAD_HIGHRES",
        "dat_file": "r_0562402_001_ss19_700_a.dat",
        "lbl_file": "r_0562402_001_ss19_700_a.lbl"
      },
      "geometry": {
        "type": "LineString",
        "coordinates": [
          [
            74.8083,
            19.7999
          ],
          [
            74.7056,
            19.0117
          ],
          [
            74.5601,
            17.8893
          ],
          [
            74.4544,
            17.0702
          ],
          [
            74.2985,
            15.8564
          ],
          [
            74.1743,
            14.885
          ],
          [
            74.0081,
            13.5793
          ],
          [
            73.8695,
            12.4858
          ],
          [
            73.7122,
            11.24
          ],
          [
            73.5783,
            10.1761
          ],
          [
            73.4257,
            8.9598
          ],
          [
            73.2963,
            7.9256
          ],
          [
            73.1064,
            6.4041
          ],
          [
            72.9207,
            4.9123
          ],
          [
            72.7542,
            3.5722
          ],
          [
            72.5803,
            2.1706
          ],
          [
            72.3307,
            0.1565
          ]
        ]
      }
    },
    {
      "type": "Feature",
      "properties": {
        "product_id": "R_0790503_001_SS19_700_A",
        "instrument": "SHARAD_HIGHRES",
        "dat_file": "r_0790503_001_ss19_700_a.dat",
        "lbl_file": "r_0790503_001_ss19_700_a.lbl"
      },
      "geometry": {
        "type": "LineString",
        "coordinates": [
          [
            74.371,
            22.4582
          ],
          [
            74.2907,
            21.8518
          ],
          [
            74.1628,
            20.8811
          ],
          [
            74.0277,
            19.8497
          ],
          [
            73.9388,
            19.1679
          ]
        ]
      }
    },
    {
      "type": "Feature",
      "properties": {
        "product_id": "R_0805001_001_SS19_700_A",
        "instrument": "SHARAD_HIGHRES",
        "dat_file": "r_0805001_001_ss19_700_a.dat",
        "lbl_file": "r_0805001_001_ss19_700_a.lbl"
      },
      "geometry": {
        "type": "LineString",
        "coordinates": [
          [
            75.0154,
            22.4555
          ],
          [
            74.9471,
            21.9405
          ],
          [
            74.8112,
            20.91
          ],
          [
            74.688,
            19.9704
          ],
          [
            74.5834,
            19.1685
          ]
        ]
      }
    },
    {
      "type": "Feature",
      "properties": {
        "product_id": "R_0869601_001_SS19_700_A",
        "instrument": "SHARAD_HIGHRES",
        "dat_file": "r_0869601_001_ss19_700_a.dat",
        "lbl_file": "r_0869601_001_ss19_700_a.lbl"
      },
      "geometry": {
        "type": "LineString",
        "coordinates": [
          [
            74.3061,
            22.4714
          ],
          [
            74.2258,
            21.865
          ],
          [
            74.0899,
            20.8335
          ],
          [
            73.9746,
            19.9536
          ],
          [
            73.8738,
            19.1808
          ]
        ]
      }
    },
    {
      "type": "Feature",
      "properties": {
        "product_id": "R_0884101_001_SS19_700_A",
        "instrument": "SHARAD_HIGHRES",
        "dat_file": "r_0884101_001_ss19_700_a.dat",
        "lbl_file": "r_0884101_001_ss19_700_a.lbl"
      },
      "geometry": {
        "type": "LineString",
        "coordinates": [
          [
            74.6212,
            22.4673
          ],
          [
            74.4969,
            21.5281
          ],
          [
            74.3812,
            20.6491
          ],
          [
            74.274,
            19.8307
          ],
          [
            74.1892,
            19.1804
          ]
        ]
      }
    },
    {
      "type": "Feature",
      "properties": {
        "product_id": "R_0898602_001_SS19_700_A",
        "instrument": "SHARAD_HIGHRES",
        "dat_file": "r_0898602_001_ss19_700_a.dat",
        "lbl_file": "r_0898602_001_ss19_700_a.lbl"
      },
      "geometry": {
        "type": "LineString",
        "coordinates": [
          [
            75.0362,
            22.5138
          ],
          [
            74.9679,
            21.999
          ],
          [
            74.8479,
            21.0899
          ],
          [
            74.7405,
            20.2719
          ]
        ]
      }
    },
    {
      "type": "Feature",
      "properties": {
        "product_id": "R_0919701_001_SS19_700_A",
        "instrument": "SHARAD_HIGHRES",
        "dat_file": "r_0919701_001_ss19_700_a.dat",
        "lbl_file": "r_0919701_001_ss19_700_a.lbl"
      },
      "geometry": {
        "type": "LineString",
        "coordinates": [
          [
            74.3127,
            22.4666
          ],
          [
            74.2845,
            22.2544
          ],
          [
            74.2003,
            21.6177
          ],
          [
            74.1044,
            20.8896
          ],
          [
            74.0129,
            20.192
          ],
          [
            73.9336,
            19.5852
          ],
          [
            73.8804,
            19.1765
          ]
        ]
      }
    },
    {
      "type": "Feature",
      "properties": {
        "product_id": "R_0955302_001_SS19_700_A",
        "instrument": "SHARAD_HIGHRES",
        "dat_file": "r_0955302_001_ss19_700_a.dat",
        "lbl_file": "r_0955302_001_ss19_700_a.lbl"
      },
      "geometry": {
        "type": "LineString",
        "coordinates": [
          [
            74.9151,
            22.4995
          ],
          [
            74.8227,
            21.8022
          ],
          [
            74.6908,
            20.8012
          ],
          [
            74.6192,
            20.2554
          ],
          [
            74.5478,
            19.7094
          ],
          [
            74.4758,
            19.1567
          ]
        ]
      }
    },
    {
      "type": "Feature",
      "properties": {
        "product_id": "R_1006101_001_SS19_700_A",
        "instrument": "SHARAD_HIGHRES",
        "dat_file": "r_1006101_001_ss19_700_a.dat",
        "lbl_file": "r_1006101_001_ss19_700_a.lbl"
      },
      "geometry": {
        "type": "LineString",
        "coordinates": [
          [
            74.4882,
            19.0623
          ],
          [
            74.3933,
            19.7899
          ],
          [
            74.278,
            20.6692
          ],
          [
            74.1542,
            21.6085
          ],
          [
            74.049,
            22.4022
          ]
        ]
      }
    },
    {
      "type": "Feature",
      "properties": {
        "product_id": "R_1068702_001_SS11_700_A",
        "instrument": "SHARAD_HIGHRES",
        "dat_file": "r_1068702_001_ss11_700_a.dat",
        "lbl_file": "r_1068702_001_ss11_700_a.lbl"
      },
      "geometry": {
        "type": "LineString",
        "coordinates": [
          [
            75.1904,
            22.5017
          ],
          [
            75.094,
            21.7746
          ],
          [
            74.9821,
            20.9262
          ],
          [
            74.8627,
            20.0163
          ],
          [
            74.7993,
            19.5313
          ],
          [
            74.7513,
            19.1626
          ]
        ]
      }
    },
    {
      "type": "Feature",
      "properties": {
        "product_id": "R_1089801_001_SS19_700_A",
        "instrument": "SHARAD_HIGHRES",
        "dat_file": "r_1089801_001_ss19_700_a.dat",
        "lbl_file": "r_1089801_001_ss19_700_a.lbl"
      },
      "geometry": {
        "type": "LineString",
        "coordinates": [
          [
            74.4086,
            22.5009
          ],
          [
            74.3122,
            21.7731
          ],
          [
            74.1763,
            20.7415
          ],
          [
            74.061,
            19.8615
          ],
          [
            73.969,
            19.1563
          ]
        ]
      }
    },
    {
      "type": "Feature",
      "properties": {
        "product_id": "R_1198601_001_SS19_700_A",
        "instrument": "SHARAD_HIGHRES",
        "dat_file": "r_1198601_001_ss19_700_a.dat",
        "lbl_file": "r_1198601_001_ss19_700_a.lbl"
      },
      "geometry": {
        "type": "LineString",
        "coordinates": [
          [
            81.6022,
            0.0539
          ],
          [
            81.3658,
            1.9766
          ],
          [
            81.1856,
            3.4405
          ],
          [
            80.8961,
            5.7876
          ],
          [
            80.7567,
            6.9148
          ],
          [
            80.6133,
            8.0721
          ],
          [
            80.4923,
            9.0464
          ],
          [
            80.3521,
            10.1726
          ],
          [
            80.1849,
            11.5113
          ],
          [
            80.1087,
            12.1197
          ],
          [
            80.0018,
            12.9712
          ],
          [
            79.8601,
            14.0961
          ],
          [
            79.741,
            15.0382
          ],
          [
            79.6485,
            15.7675
          ],
          [
            79.548,
            16.5573
          ],
          [
            79.4394,
            17.4078
          ],
          [
            79.3499,
            18.1062
          ],
          [
            79.221,
            19.108
          ],
          [
            79.1347,
            19.7757
          ],
          [
            79.0363,
            20.5343
          ],
          [
            78.9177,
            21.4444
          ],
          [
            78.8184,
            22.2026
          ],
          [
            78.7066,
            23.0518
          ],
          [
            78.6104,
            23.7793
          ],
          [
            78.5137,
            24.5068
          ],
          [
            78.4287,
            25.1432
          ],
          [
            78.3311,
            25.8703
          ],
          [
            78.2248,
            26.658
          ],
          [
            78.1261,
            27.3848
          ],
          [
            78.031,
            28.0813
          ],
          [
            77.977,
            28.4748
          ],
          [
            77.9103,
            28.9592
          ],
          [
            77.8601,
            29.3224
          ],
          [
            77.8234,
            29.5866
          ]
        ]
      }
    },
    {
      "type": "Feature",
      "properties": {
        "product_id": "R_1205201_001_SS19_700_A",
        "instrument": "SHARAD_HIGHRES",
        "dat_file": "r_1205201_001_ss19_700_a.dat",
        "lbl_file": "r_1205201_001_ss19_700_a.lbl"
      },
      "geometry": {
        "type": "LineString",
        "coordinates": [
          [
            79.7097,
            0.0466
          ],
          [
            79.5144,
            1.6343
          ],
          [
            79.319,
            3.2209
          ],
          [
            79.1648,
            4.4713
          ],
          [
            79.0104,
            5.7213
          ],
          [
            78.8973,
            6.6356
          ],
          [
            78.7538,
            7.7934
          ],
          [
            78.6138,
            8.9203
          ],
          [
            78.5304,
            9.5902
          ],
          [
            78.3404,
            11.1122
          ],
          [
            78.2604,
            11.7512
          ],
          [
            78.1229,
            12.8464
          ],
          [
            78.0118,
            13.7284
          ],
          [
            77.8927,
            14.671
          ],
          [
            77.7616,
            15.7045
          ],
          [
            77.661,
            16.4946
          ],
          [
            77.5562,
            17.3149
          ],
          [
            77.4276,
            18.3172
          ],
          [
            77.3337,
            19.046
          ],
          [
            77.2198,
            19.9264
          ],
          [
            77.1212,
            20.6852
          ],
          [
            77.0341,
            21.3528
          ],
          [
            76.9148,
            22.2629
          ],
          [
            76.8229,
            22.9605
          ],
          [
            76.6984,
            23.9007
          ],
          [
            76.6096,
            24.5677
          ],
          [
            76.5204,
            25.2345
          ],
          [
            76.4226,
            25.9619
          ],
          [
            76.3202,
            26.7194
          ],
          [
            76.2172,
            27.4767
          ],
          [
            76.1219,
            28.1733
          ],
          [
            76.0135,
            28.9606
          ],
          [
            75.9265,
            29.5882
          ]
        ]
      }
    },
    {
      "type": "Feature",
      "properties": {
        "product_id": "R_1232901_001_SS19_700_A",
        "instrument": "SHARAD_HIGHRES",
        "dat_file": "r_1232901_001_ss19_700_a.dat",
        "lbl_file": "r_1232901_001_ss19_700_a.lbl"
      },
      "geometry": {
        "type": "LineString",
        "coordinates": [
          [
            75.0693,
            19.1219
          ],
          [
            74.9592,
            19.9716
          ],
          [
            74.8565,
            20.7607
          ],
          [
            74.7216,
            21.7917
          ],
          [
            74.6399,
            22.4124
          ]
        ]
      }
    },
    {
      "type": "Feature",
      "properties": {
        "product_id": "R_1289601_001_SS19_700_A",
        "instrument": "SHARAD_HIGHRES",
        "dat_file": "r_1289601_001_ss19_700_a.dat",
        "lbl_file": "r_1289601_001_ss19_700_a.lbl"
      },
      "geometry": {
        "type": "LineString",
        "coordinates": [
          [
            74.9205,
            19.1275
          ],
          [
            74.8183,
            19.917
          ],
          [
            74.7235,
            20.6459
          ],
          [
            74.6045,
            21.5564
          ],
          [
            74.4909,
            22.4209
          ]
        ]
      }
    },
    {
      "type": "Feature",
      "properties": {
        "product_id": "R_1295501_001_SS19_700_A",
        "instrument": "SHARAD_HIGHRES",
        "dat_file": "r_1295501_001_ss19_700_a.dat",
        "lbl_file": "r_1295501_001_ss19_700_a.lbl"
      },
      "geometry": {
        "type": "LineString",
        "coordinates": [
          [
            74.9902,
            17.767
          ],
          [
            74.8774,
            16.8873
          ],
          [
            74.7495,
            15.8857
          ],
          [
            74.6684,
            15.2483
          ],
          [
            74.5644,
            14.4287
          ],
          [
            74.4607,
            13.6089
          ],
          [
            74.3152,
            12.4547
          ],
          [
            74.1702,
            11.3002
          ],
          [
            74.0827,
            10.6012
          ],
          [
            73.9497,
            9.5372
          ],
          [
            73.8057,
            8.3816
          ],
          [
            73.6658,
            7.2561
          ],
          [
            73.5186,
            6.0693
          ],
          [
            73.3641,
            4.8212
          ],
          [
            73.1797,
            3.3289
          ],
          [
            73.003,
            1.8969
          ],
          [
            72.7802,
            0.0893
          ]
        ]
      }
    },
    {
      "type": "Feature",
      "properties": {
        "product_id": "R_1302102_001_SS19_700_A",
        "instrument": "SHARAD_HIGHRES",
        "dat_file": "r_1302102_001_ss19_700_a.dat",
        "lbl_file": "r_1302102_001_ss19_700_a.lbl"
      },
      "geometry": {
        "type": "LineString",
        "coordinates": [
          [
            73.4326,
            19.7514
          ],
          [
            73.2992,
            18.7208
          ],
          [
            73.1898,
            17.8715
          ],
          [
            73.0498,
            16.7796
          ],
          [
            72.9143,
            15.7177
          ],
          [
            72.7678,
            14.5644
          ],
          [
            72.6487,
            13.6232
          ],
          [
            72.5147,
            12.5603
          ],
          [
            72.3811,
            11.497
          ],
          [
            72.2669,
            10.5854
          ],
          [
            72.0771,
            9.0654
          ],
          [
            71.9446,
            8.001
          ],
          [
            71.7482,
            6.4189
          ],
          [
            71.5673,
            4.9579
          ],
          [
            71.4017,
            3.618
          ],
          [
            71.1536,
            1.6071
          ],
          [
            70.9693,
            0.1112
          ]
        ]
      }
    },
    {
      "type": "Feature",
      "properties": {
        "product_id": "R_1316602_001_SS19_700_A",
        "instrument": "SHARAD_HIGHRES",
        "dat_file": "r_1316602_001_ss19_700_a.dat",
        "lbl_file": "r_1316602_001_ss19_700_a.lbl"
      },
      "geometry": {
        "type": "LineString",
        "coordinates": [
          [
            74.765,
            19.7598
          ],
          [
            74.6472,
            18.8503
          ],
          [
            74.5221,
            17.8795
          ],
          [
            74.3937,
            16.8783
          ],
          [
            74.2465,
            15.7251
          ],
          [
            74.1269,
            14.784
          ],
          [
            74.0,
            13.7818
          ],
          [
            73.8544,
            12.6274
          ],
          [
            73.7093,
            11.4726
          ],
          [
            73.6255,
            10.8038
          ],
          [
            73.4128,
            9.1009
          ],
          [
            73.2651,
            7.9143
          ],
          [
            73.0913,
            6.5142
          ],
          [
            72.9329,
            5.2352
          ],
          [
            72.7371,
            3.651
          ],
          [
            72.4513,
            1.3342
          ],
          [
            72.3007,
            0.1113
          ]
        ]
      }
    },
    {
      "type": "Feature",
      "properties": {
        "product_id": "R_1317301_001_SS19_700_A",
        "instrument": "SHARAD_HIGHRES",
        "dat_file": "r_1317301_001_ss19_700_a.dat",
        "lbl_file": "r_1317301_001_ss19_700_a.lbl"
      },
      "geometry": {
        "type": "LineString",
        "coordinates": [
          [
            74.9838,
            0.0836
          ],
          [
            74.7468,
            2.006
          ],
          [
            74.5511,
            3.5916
          ],
          [
            74.3514,
            5.2068
          ],
          [
            74.1929,
            6.4862
          ],
          [
            74.0114,
            7.9477
          ],
          [
            73.856,
            9.1956
          ],
          [
            73.704,
            10.4125
          ],
          [
            73.5897,
            11.3249
          ],
          [
            73.4522,
            12.4194
          ],
          [
            73.3296,
            13.392
          ],
          [
            73.1681,
            14.668
          ],
          [
            73.0291,
            15.7613
          ],
          [
            72.8934,
            16.8239
          ],
          [
            72.7571,
            17.8862
          ],
          [
            72.628,
            18.8874
          ],
          [
            72.5245,
            19.6863
          ]
        ]
      }
    },
    {
      "type": "Feature",
      "properties": {
        "product_id": "R_1373301_001_SS19_700_A",
        "instrument": "SHARAD_HIGHRES",
        "dat_file": "r_1373301_001_ss19_700_a.dat",
        "lbl_file": "r_1373301_001_ss19_700_a.lbl"
      },
      "geometry": {
        "type": "LineString",
        "coordinates": [
          [
            75.0315,
            22.4942
          ],
          [
            74.9119,
            21.5854
          ],
          [
            74.8167,
            20.858
          ],
          [
            74.714,
            20.07
          ],
          [
            74.6235,
            19.3728
          ],
          [
            74.5953,
            19.1545
          ]
        ]
      }
    },
    {
      "type": "Feature",
      "properties": {
        "product_id": "R_1394401_001_SS19_700_A",
        "instrument": "SHARAD_HIGHRES",
        "dat_file": "r_1394401_001_ss19_700_a.dat",
        "lbl_file": null
      },
      "geometry": {
        "type": "LineString",
        "coordinates": [
          [
            74.1972,
            22.4445
          ],
          [
            74.1572,
            22.1415
          ],
          [
            74.0975,
            21.6872
          ],
          [
            73.9745,
            20.7476
          ],
          [
            73.8561,
            19.8383
          ],
          [
            73.7679,
            19.1576
          ]
        ]
      }
    },
    {
      "type": "Feature",
      "properties": {
        "product_id": "R_1592201_001_SS19_700_A",
        "instrument": "SHARAD_HIGHRES",
        "dat_file": "r_1592201_001_ss19_700_a.dat",
        "lbl_file": "r_1592201_001_ss19_700_a.lbl"
      },
      "geometry": {
        "type": "LineString",
        "coordinates": [
          [
            74.3746,
            22.4126
          ],
          [
            74.3067,
            21.8968
          ],
          [
            74.247,
            21.4418
          ],
          [
            74.1557,
            20.7437
          ],
          [
            74.049,
            19.9243
          ],
          [
            73.9448,
            19.1201
          ]
        ]
      }
    },
    {
      "type": "Feature",
      "properties": {
        "product_id": "R_1600801_001_SS19_700_A",
        "instrument": "SHARAD_HIGHRES",
        "dat_file": "r_1600801_001_ss19_700_a.dat",
        "lbl_file": "r_1600801_001_ss19_700_a.lbl"
      },
      "geometry": {
        "type": "LineString",
        "coordinates": [
          [
            75.0342,
            19.1571
          ],
          [
            74.9989,
            19.4302
          ],
          [
            74.9398,
            19.8852
          ],
          [
            74.8172,
            20.8258
          ],
          [
            74.7179,
            21.584
          ],
          [
            74.6043,
            22.4471
          ]
        ]
      }
    },
    {
      "type": "Feature",
      "properties": {
        "product_id": "R_1627801_001_SS19_700_A",
        "instrument": "SHARAD_HIGHRES",
        "dat_file": "r_1627801_001_ss19_700_a.dat",
        "lbl_file": "r_1627801_001_ss19_700_a.lbl"
      },
      "geometry": {
        "type": "LineString",
        "coordinates": [
          [
            75.1466,
            22.485
          ],
          [
            75.0349,
            21.6368
          ],
          [
            74.9277,
            20.8185
          ],
          [
            74.8131,
            19.9394
          ],
          [
            74.7101,
            19.1452
          ]
        ]
      }
    },
    {
      "type": "Feature",
      "properties": {
        "product_id": "R_1648902_001_SS19_700_A",
        "instrument": "SHARAD_HIGHRES",
        "dat_file": "r_1648902_001_ss19_700_a.dat",
        "lbl_file": null
      },
      "geometry": {
        "type": "LineString",
        "coordinates": [
          [
            74.6951,
            22.4311
          ],
          [
            74.6033,
            21.7341
          ],
          [
            74.4762,
            20.7636
          ],
          [
            74.3695,
            19.9448
          ],
          [
            74.2654,
            19.1419
          ]
        ]
      }
    },
    {
      "type": "Feature",
      "properties": {
        "product_id": "R_1670003_001_SS19_700_A",
        "instrument": "SHARAD_HIGHRES",
        "dat_file": "r_1670003_001_ss19_700_a.dat",
        "lbl_file": "r_1670003_001_ss19_700_a.lbl"
      },
      "geometry": {
        "type": "LineString",
        "coordinates": [
          [
            74.3305,
            22.439
          ],
          [
            74.2506,
            21.8323
          ],
          [
            74.171,
            21.2252
          ],
          [
            74.1115,
            20.77
          ],
          [
            74.0166,
            20.0416
          ],
          [
            73.9005,
            19.1464
          ]
        ]
      }
    },
    {
      "type": "Feature",
      "properties": {
        "product_id": "R_1699701_001_SS19_700_A",
        "instrument": "SHARAD_HIGHRES",
        "dat_file": "r_1699701_001_ss19_700_a.dat",
        "lbl_file": "r_1699701_001_ss19_700_a.lbl"
      },
      "geometry": {
        "type": "LineString",
        "coordinates": [
          [
            74.4993,
            19.1293
          ],
          [
            74.4167,
            19.7667
          ],
          [
            74.306,
            20.6167
          ],
          [
            74.1789,
            21.5875
          ],
          [
            74.1191,
            22.0425
          ],
          [
            74.0691,
            22.4213
          ]
        ]
      }
    },
    {
      "type": "Feature",
      "properties": {
        "product_id": "R_1726701_001_SS19_700_A",
        "instrument": "SHARAD_HIGHRES",
        "dat_file": "r_1726701_001_ss19_700_a.dat",
        "lbl_file": "r_1726701_001_ss19_700_a.lbl"
      },
      "geometry": {
        "type": "LineString",
        "coordinates": [
          [
            74.2441,
            22.4416
          ],
          [
            74.1404,
            21.6538
          ],
          [
            74.0371,
            20.8654
          ],
          [
            73.9067,
            19.8648
          ],
          [
            73.8144,
            19.153
          ]
        ]
      }
    },
    {
      "type": "Feature",
      "properties": {
        "product_id": "R_1741202_001_SS19_700_A",
        "instrument": "SHARAD_HIGHRES",
        "dat_file": "r_1741202_001_ss19_700_a.dat",
        "lbl_file": "r_1741202_001_ss19_700_a.lbl"
      },
      "geometry": {
        "type": "LineString",
        "coordinates": [
          [
            75.1676,
            20.4196
          ],
          [
            75.0532,
            19.5398
          ],
          [
            74.9981,
            19.1146
          ],
          [
            74.904,
            18.3862
          ],
          [
            74.7712,
            17.354
          ],
          [
            74.639,
            16.3214
          ],
          [
            74.4803,
            15.0758
          ],
          [
            74.3454,
            14.0122
          ],
          [
            74.2225,
            13.0394
          ],
          [
            74.0617,
            11.7621
          ],
          [
            73.9091,
            10.5452
          ],
          [
            73.7,
            8.8712
          ],
          [
            73.5673,
            7.8054
          ],
          [
            73.4462,
            6.8307
          ],
          [
            73.246,
            5.2157
          ],
          [
            73.0763,
            3.8438
          ],
          [
            72.839,
            1.9221
          ],
          [
            72.6166,
            0.1184
          ]
        ]
      }
    },
    {
      "type": "Feature",
      "properties": {
        "product_id": "R_1770203_001_SS19_700_A",
        "instrument": "SHARAD_HIGHRES",
        "dat_file": "r_1770203_001_ss19_700_a.dat",
        "lbl_file": "r_1770203_001_ss19_700_a.lbl"
      },
      "geometry": {
        "type": "LineString",
        "coordinates": [
          [
            77.5566,
            20.7235
          ],
          [
            77.5012,
            20.2989
          ],
          [
            77.4144,
            19.6315
          ],
          [
            77.3161,
            18.8728
          ],
          [
            77.2221,
            18.1445
          ],
          [
            77.1518,
            17.5981
          ],
          [
            77.0195,
            16.566
          ],
          [
            76.9187,
            15.7764
          ],
          [
            76.8113,
            14.9324
          ]
        ]
      }
    },
    {
      "type": "Feature",
      "properties": {
        "product_id": "R_1819001_001_SS19_700_A",
        "instrument": "SHARAD_HIGHRES",
        "dat_file": "r_1819001_001_ss19_700_a.dat",
        "lbl_file": "r_1819001_001_ss19_700_a.lbl"
      },
      "geometry": {
        "type": "LineString",
        "coordinates": [
          [
            74.4642,
            22.4389
          ],
          [
            74.3763,
            21.7719
          ],
          [
            74.265,
            20.9226
          ],
          [
            74.1424,
            19.9823
          ],
          [
            74.0479,
            19.2541
          ],
          [
            74.0137,
            18.9894
          ]
        ]
      }
    },
    {
      "type": "Feature",
      "properties": {
        "product_id": "R_1826901_001_SS19_700_A",
        "instrument": "SHARAD_HIGHRES",
        "dat_file": "r_1826901_001_ss19_700_a.dat",
        "lbl_file": "r_1826901_001_ss19_700_a.lbl"
      },
      "geometry": {
        "type": "LineString",
        "coordinates": [
          [
            77.4629,
            20.9289
          ],
          [
            77.3995,
            20.4435
          ],
          [
            77.2811,
            19.5329
          ],
          [
            77.1868,
            18.8046
          ],
          [
            77.0889,
            18.0457
          ],
          [
            76.9602,
            17.0436
          ],
          [
            76.8747,
            16.3755
          ],
          [
            76.7817,
            15.6464
          ],
          [
            76.7101,
            15.083
          ]
        ]
      }
    },
    {
      "type": "Feature",
      "properties": {
        "product_id": "R_1848001_001_SS19_700_A",
        "instrument": "SHARAD_HIGHRES",
        "dat_file": "r_1848001_001_ss19_700_a.dat",
        "lbl_file": "r_1848001_001_ss19_700_a.lbl"
      },
      "geometry": {
        "type": "LineString",
        "coordinates": [
          [
            77.1378,
            22.5665
          ],
          [
            77.0379,
            21.8085
          ],
          [
            76.9742,
            21.323
          ],
          [
            76.8909,
            20.6861
          ],
          [
            76.7645,
            19.7152
          ],
          [
            76.6152,
            18.5621
          ],
          [
            76.4784,
            17.4996
          ],
          [
            76.35,
            16.4975
          ],
          [
            76.2492,
            15.7077
          ],
          [
            76.1796,
            15.1609
          ],
          [
            76.054,
            14.1709
          ]
        ]
      }
    },
    {
      "type": "Feature",
      "properties": {
        "product_id": "R_1848701_001_SS19_700_A",
        "instrument": "SHARAD_HIGHRES",
        "dat_file": "r_1848701_001_ss19_700_a.dat",
        "lbl_file": "r_1848701_001_ss19_700_a.lbl"
      },
      "geometry": {
        "type": "LineString",
        "coordinates": [
          [
            74.6012,
            19.0838
          ],
          [
            74.5698,
            19.3266
          ],
          [
            74.4752,
            20.0547
          ],
          [
            74.3802,
            20.783
          ],
          [
            74.2769,
            21.5715
          ],
          [
            74.2171,
            22.0263
          ],
          [
            74.1642,
            22.4271
          ]
        ]
      }
    },
    {
      "type": "Feature",
      "properties": {
        "product_id": "R_1854601_001_SS19_700_A",
        "instrument": "SHARAD_HIGHRES",
        "dat_file": "r_1854601_001_ss19_700_a.dat",
        "lbl_file": "r_1854601_001_ss19_700_a.lbl"
      },
      "geometry": {
        "type": "LineString",
        "coordinates": [
          [
            75.258,
            22.4386
          ],
          [
            75.1662,
            21.7414
          ],
          [
            75.0549,
            20.8921
          ],
          [
            74.9481,
            20.0731
          ],
          [
            74.8929,
            19.6484
          ],
          [
            74.8282,
            19.1488
          ]
        ]
      }
    },
    {
      "type": "Feature",
      "properties": {
        "product_id": "R_1869101_001_SS19_700_A",
        "instrument": "SHARAD_HIGHRES",
        "dat_file": "r_1869101_001_ss19_700_a.dat",
        "lbl_file": "r_1869101_001_ss19_700_a.lbl"
      },
      "geometry": {
        "type": "LineString",
        "coordinates": [
          [
            76.3973,
            20.6967
          ],
          [
            76.3143,
            20.0602
          ],
          [
            76.2394,
            19.4839
          ],
          [
            76.1138,
            18.5136
          ],
          [
            76.0434,
            17.9676
          ],
          [
            75.9498,
            17.2396
          ],
          [
            75.8565,
            16.5114
          ],
          [
            75.7596,
            15.7527
          ],
          [
            75.6523,
            14.9097
          ]
        ]
      }
    },
    {
      "type": "Feature",
      "properties": {
        "product_id": "R_1875702_001_SS19_700_A",
        "instrument": "SHARAD_HIGHRES",
        "dat_file": "r_1875702_001_ss19_700_a.dat",
        "lbl_file": "r_1875702_001_ss19_700_a.lbl"
      },
      "geometry": {
        "type": "LineString",
        "coordinates": [
          [
            74.6371,
            22.4094
          ],
          [
            74.5254,
            21.5611
          ],
          [
            74.4103,
            20.682
          ],
          [
            74.2997,
            19.8333
          ],
          [
            74.2075,
            19.1223
          ]
        ]
      }
    },
    {
      "type": "Feature",
      "properties": {
        "product_id": "R_1911302_001_SS19_700_A",
        "instrument": "SHARAD_HIGHRES",
        "dat_file": "r_1911302_001_ss19_700_a.dat",
        "lbl_file": null
      },
      "geometry": {
        "type": "LineString",
        "coordinates": [
          [
            75.0488,
            22.4267
          ],
          [
            74.9689,
            21.8201
          ],
          [
            74.8496,
            20.9098
          ],
          [
            74.7112,
            19.8478
          ],
          [
            74.6188,
            19.1349
          ]
        ]
      }
    },
    {
      "type": "Feature",
      "properties": {
        "product_id": "R_1932401_001_SS19_700_A",
        "instrument": "SHARAD_HIGHRES",
        "dat_file": "r_1932401_001_ss19_700_a.dat",
        "lbl_file": "r_1932401_001_ss19_700_a.lbl"
      },
      "geometry": {
        "type": "LineString",
        "coordinates": [
          [
            74.4234,
            22.4397
          ],
          [
            74.3515,
            21.894
          ],
          [
            74.2878,
            21.4089
          ],
          [
            74.1965,
            20.7111
          ],
          [
            74.0819,
            19.8314
          ],
          [
            73.9935,
            19.1495
          ]
        ]
      }
    },
    {
      "type": "Feature",
      "properties": {
        "product_id": "R_1968002_001_SS19_700_A",
        "instrument": "SHARAD_HIGHRES",
        "dat_file": "r_1968002_001_ss19_700_a.dat",
        "lbl_file": "r_1968002_001_ss19_700_a.lbl"
      },
      "geometry": {
        "type": "LineString",
        "coordinates": [
          [
            75.2577,
            21.8714
          ],
          [
            75.1979,
            21.4168
          ],
          [
            75.0868,
            20.5677
          ],
          [
            74.992,
            19.84
          ],
          [
            74.9046,
            19.1665
          ]
        ]
      }
    },
    {
      "type": "Feature",
      "properties": {
        "product_id": "R_1989102_001_SS19_700_A",
        "instrument": "SHARAD_HIGHRES",
        "dat_file": "r_1989102_001_ss19_700_a.dat",
        "lbl_file": "r_1989102_001_ss19_700_a.lbl"
      },
      "geometry": {
        "type": "LineString",
        "coordinates": [
          [
            74.9966,
            22.4036
          ],
          [
            74.9008,
            21.6757
          ],
          [
            74.7895,
            20.8261
          ],
          [
            74.6748,
            19.9461
          ],
          [
            74.5666,
            19.1118
          ]
        ]
      }
    },
    {
      "type": "Feature",
      "properties": {
        "product_id": "R_2010201_001_SS19_700_A",
        "instrument": "SHARAD_HIGHRES",
        "dat_file": "r_2010201_001_ss19_700_a.dat",
        "lbl_file": "r_2010201_001_ss19_700_a.lbl"
      },
      "geometry": {
        "type": "LineString",
        "coordinates": [
          [
            74.7828,
            22.4778
          ],
          [
            74.7228,
            22.023
          ],
          [
            74.663,
            21.568
          ],
          [
            74.5478,
            20.6881
          ],
          [
            74.4253,
            19.7475
          ],
          [
            74.3458,
            19.1339
          ]
        ]
      }
    },
    {
      "type": "Feature",
      "properties": {
        "product_id": "R_2045801_001_SS19_700_A",
        "instrument": "SHARAD_HIGHRES",
        "dat_file": "r_2045801_001_ss19_700_a.dat",
        "lbl_file": "r_2045801_001_ss19_700_a.lbl"
      },
      "geometry": {
        "type": "LineString",
        "coordinates": [
          [
            75.0967,
            22.4126
          ],
          [
            74.977,
            21.5033
          ],
          [
            74.8936,
            20.8668
          ],
          [
            74.7789,
            19.9876
          ],
          [
            74.6668,
            19.1242
          ]
        ]
      }
    },
    {
      "type": "Feature",
      "properties": {
        "product_id": "R_2066902_001_SS19_700_A",
        "instrument": "SHARAD_HIGHRES",
        "dat_file": "r_2066902_001_ss19_700_a.dat",
        "lbl_file": "r_2066902_001_ss19_700_a.lbl"
      },
      "geometry": {
        "type": "LineString",
        "coordinates": [
          [
            74.4703,
            22.48
          ],
          [
            74.3624,
            21.6611
          ],
          [
            74.2432,
            20.7513
          ],
          [
            74.1246,
            19.8413
          ],
          [
            74.0332,
            19.1368
          ]
        ]
      }
    },
    {
      "type": "Feature",
      "properties": {
        "product_id": "R_2075501_001_SS19_700_A",
        "instrument": "SHARAD_HIGHRES",
        "dat_file": "r_2075501_001_ss19_700_a.dat",
        "lbl_file": "r_2075501_001_ss19_700_a.lbl"
      },
      "geometry": {
        "type": "LineString",
        "coordinates": [
          [
            75.1108,
            19.5932
          ],
          [
            75.024,
            20.2607
          ],
          [
            74.917,
            21.0793
          ],
          [
            74.8414,
            21.6554
          ],
          [
            74.7357,
            22.4573
          ]
        ]
      }
    },
    {
      "type": "Feature",
      "properties": {
        "product_id": "R_2153301_001_SS19_700_A",
        "instrument": "SHARAD_HIGHRES",
        "dat_file": "r_2153301_001_ss19_700_a.dat",
        "lbl_file": "r_2153301_001_ss19_700_a.lbl"
      },
      "geometry": {
        "type": "LineString",
        "coordinates": [
          [
            74.481,
            19.139
          ],
          [
            74.418,
            19.6244
          ],
          [
            74.3429,
            20.2011
          ],
          [
            74.2597,
            20.8379
          ],
          [
            74.1523,
            21.6566
          ],
          [
            74.0505,
            22.4288
          ]
        ]
      }
    },
    {
      "type": "Feature",
      "properties": {
        "product_id": "R_2180301_001_SS19_700_A",
        "instrument": "SHARAD_HIGHRES",
        "dat_file": "r_2180301_001_ss19_700_a.dat",
        "lbl_file": "r_2180301_001_ss19_700_a.lbl"
      },
      "geometry": {
        "type": "LineString",
        "coordinates": [
          [
            74.1181,
            22.4023
          ],
          [
            73.9983,
            21.4923
          ],
          [
            73.9069,
            20.7947
          ],
          [
            73.7882,
            19.8846
          ],
          [
            73.6879,
            19.1117
          ]
        ]
      }
    },
    {
      "type": "Feature",
      "properties": {
        "product_id": "R_2188901_001_SS19_700_A",
        "instrument": "SHARAD_HIGHRES",
        "dat_file": "r_2188901_001_ss19_700_a.dat",
        "lbl_file": "r_2188901_001_ss19_700_a.lbl"
      },
      "geometry": {
        "type": "LineString",
        "coordinates": [
          [
            74.8399,
            19.0722
          ],
          [
            74.8006,
            19.3757
          ],
          [
            74.7058,
            20.1042
          ],
          [
            74.6028,
            20.8929
          ],
          [
            74.5073,
            21.6207
          ],
          [
            74.4025,
            22.4158
          ]
        ]
      }
    },
    {
      "type": "Feature",
      "properties": {
        "product_id": "R_2245601_001_SS19_700_A",
        "instrument": "SHARAD_HIGHRES",
        "dat_file": "r_2245601_001_ss19_700_a.dat",
        "lbl_file": "r_2245601_001_ss19_700_a.lbl"
      },
      "geometry": {
        "type": "LineString",
        "coordinates": [
          [
            75.0254,
            19.1368
          ],
          [
            74.911,
            20.0167
          ],
          [
            74.8239,
            20.6838
          ],
          [
            74.7006,
            21.6236
          ],
          [
            74.5948,
            22.4259
          ]
        ]
      }
    },
    {
      "type": "Feature",
      "properties": {
        "product_id": "R_2266701_001_SS19_700_A",
        "instrument": "SHARAD_HIGHRES",
        "dat_file": "r_2266701_001_ss19_700_a.dat",
        "lbl_file": "r_2266701_001_ss19_700_a.lbl"
      },
      "geometry": {
        "type": "LineString",
        "coordinates": [
          [
            74.6753,
            19.1297
          ],
          [
            74.5688,
            19.9492
          ],
          [
            74.4539,
            20.8288
          ],
          [
            74.3584,
            21.5566
          ],
          [
            74.2446,
            22.4198
          ]
        ]
      }
    },
    {
      "type": "Feature",
      "properties": {
        "product_id": "R_2272601_001_SS19_700_A",
        "instrument": "SHARAD_HIGHRES",
        "dat_file": "r_2272601_001_ss19_700_a.dat",
        "lbl_file": "r_2272601_001_ss19_700_a.lbl"
      },
      "geometry": {
        "type": "LineString",
        "coordinates": [
          [
            75.1792,
            22.4327
          ],
          [
            75.0872,
            21.7355
          ],
          [
            74.9758,
            20.8867
          ],
          [
            74.8728,
            20.0984
          ],
          [
            74.7487,
            19.1439
          ]
        ]
      }
    },
    {
      "type": "Feature",
      "properties": {
        "product_id": "R_2293701_001_SS19_700_A",
        "instrument": "SHARAD_HIGHRES",
        "dat_file": "r_2293701_001_ss19_700_a.dat",
        "lbl_file": "r_2293701_001_ss19_700_a.lbl"
      },
      "geometry": {
        "type": "LineString",
        "coordinates": [
          [
            74.3808,
            22.4786
          ],
          [
            74.2968,
            21.842
          ],
          [
            74.1734,
            20.9022
          ],
          [
            74.0704,
            20.1139
          ],
          [
            73.9875,
            19.477
          ],
          [
            73.9434,
            19.1366
          ]
        ]
      }
    },
    {
      "type": "Feature",
      "properties": {
        "product_id": "R_2449301_001_SS19_700_A",
        "instrument": "SHARAD_HIGHRES",
        "dat_file": "r_2449301_001_ss19_700_a.dat",
        "lbl_file": "r_2449301_001_ss19_700_a.lbl"
      },
      "geometry": {
        "type": "LineString",
        "coordinates": [
          [
            74.6466,
            22.4172
          ],
          [
            74.5147,
            21.4166
          ],
          [
            74.4153,
            20.6585
          ],
          [
            74.3084,
            19.8396
          ],
          [
            74.2159,
            19.1275
          ]
        ]
      }
    },
    {
      "type": "Feature",
      "properties": {
        "product_id": "R_2484901_001_SS19_700_A",
        "instrument": "SHARAD_HIGHRES",
        "dat_file": "r_2484901_001_ss19_700_a.dat",
        "lbl_file": "r_2484901_001_ss19_700_a.lbl"
      },
      "geometry": {
        "type": "LineString",
        "coordinates": [
          [
            74.6904,
            22.4058
          ],
          [
            74.5983,
            21.7084
          ],
          [
            74.4749,
            20.7686
          ],
          [
            74.3877,
            20.1015
          ],
          [
            74.2596,
            19.1167
          ]
        ]
      }
    },
    {
      "type": "Feature",
      "properties": {
        "product_id": "R_2535701_001_SS19_700_A",
        "instrument": "SHARAD_HIGHRES",
        "dat_file": "r_2535701_001_ss19_700_a.dat",
        "lbl_file": "r_2535701_001_ss19_700_a.lbl"
      },
      "geometry": {
        "type": "LineString",
        "coordinates": [
          [
            74.2955,
            19.1067
          ],
          [
            74.181,
            19.9866
          ],
          [
            74.062,
            20.8963
          ],
          [
            73.9504,
            21.7452
          ],
          [
            73.8574,
            22.4489
          ]
        ]
      }
    },
    {
      "type": "Feature",
      "properties": {
        "product_id": "R_2541601_001_SS19_700_A",
        "instrument": "SHARAD_HIGHRES",
        "dat_file": "r_2541601_001_ss19_700_a.dat",
        "lbl_file": "r_2541601_001_ss19_700_a.lbl"
      },
      "geometry": {
        "type": "LineString",
        "coordinates": [
          [
            75.0175,
            22.46
          ],
          [
            74.9974,
            22.3085
          ],
          [
            74.9014,
            21.5804
          ],
          [
            74.7979,
            20.7919
          ],
          [
            74.6909,
            19.9728
          ],
          [
            74.6198,
            19.4266
          ],
          [
            74.5796,
            19.1165
          ]
        ]
      }
    },
    {
      "type": "Feature",
      "properties": {
        "product_id": "R_2562701_001_SS19_700_A",
        "instrument": "SHARAD_HIGHRES",
        "dat_file": "r_2562701_001_ss19_700_a.dat",
        "lbl_file": "r_2562701_001_ss19_700_a.lbl"
      },
      "geometry": {
        "type": "LineString",
        "coordinates": [
          [
            74.8085,
            22.4231
          ],
          [
            74.7044,
            21.6346
          ],
          [
            74.5969,
            20.8159
          ],
          [
            74.4622,
            19.7847
          ],
          [
            74.3776,
            19.1333
          ]
        ]
      }
    },
    {
      "type": "Feature",
      "properties": {
        "product_id": "R_2583801_001_SS19_700_A",
        "instrument": "SHARAD_HIGHRES",
        "dat_file": "r_2583801_001_ss19_700_a.dat",
        "lbl_file": "r_2583801_001_ss19_700_a.lbl"
      },
      "geometry": {
        "type": "LineString",
        "coordinates": [
          [
            74.7407,
            22.3954
          ],
          [
            74.6406,
            21.6374
          ],
          [
            74.5331,
            20.8188
          ],
          [
            74.3984,
            19.7879
          ],
          [
            74.3098,
            19.1063
          ]
        ]
      }
    },
    {
      "type": "Feature",
      "properties": {
        "product_id": "R_2640501_001_SS19_700_A",
        "instrument": "SHARAD_HIGHRES",
        "dat_file": "r_2640501_001_ss19_700_a.dat",
        "lbl_file": "r_2640501_001_ss19_700_a.lbl"
      },
      "geometry": {
        "type": "LineString",
        "coordinates": [
          [
            74.8588,
            22.4065
          ],
          [
            74.7348,
            21.4665
          ],
          [
            74.6393,
            20.7388
          ],
          [
            74.5244,
            19.8593
          ],
          [
            74.4279,
            19.117
          ]
        ]
      }
    },
    {
      "type": "Feature",
      "properties": {
        "product_id": "R_2661601_001_SS19_700_A",
        "instrument": "SHARAD_HIGHRES",
        "dat_file": "r_2661601_001_ss19_700_a.dat",
        "lbl_file": "r_2661601_001_ss19_700_a.lbl"
      },
      "geometry": {
        "type": "LineString",
        "coordinates": [
          [
            74.4312,
            22.4115
          ],
          [
            74.3192,
            21.5628
          ],
          [
            74.1919,
            20.5928
          ],
          [
            74.085,
            19.7742
          ],
          [
            74.0004,
            19.1231
          ]
        ]
      }
    },
    {
      "type": "Feature",
      "properties": {
        "product_id": "R_2682702_001_SS19_700_A",
        "instrument": "SHARAD_HIGHRES",
        "dat_file": "r_2682702_001_ss19_700_a.dat",
        "lbl_file": "r_2682702_001_ss19_700_a.lbl"
      },
      "geometry": {
        "type": "LineString",
        "coordinates": [
          [
            74.1094,
            22.4172
          ],
          [
            74.0013,
            21.5984
          ],
          [
            73.8938,
            20.7796
          ],
          [
            73.767,
            19.809
          ],
          [
            73.6784,
            19.1273
          ]
        ]
      }
    },
    {
      "type": "Feature",
      "properties": {
        "product_id": "R_2691301_001_SS19_700_A",
        "instrument": "SHARAD_HIGHRES",
        "dat_file": "r_2691301_001_ss19_700_a.dat",
        "lbl_file": "r_2691301_001_ss19_700_a.lbl"
      },
      "geometry": {
        "type": "LineString",
        "coordinates": [
          [
            74.9097,
            19.1698
          ],
          [
            74.8189,
            19.8677
          ],
          [
            74.692,
            20.8379
          ],
          [
            74.6004,
            21.5351
          ],
          [
            74.4784,
            22.4586
          ]
        ]
      }
    },
    {
      "type": "Feature",
      "properties": {
        "product_id": "R_2712402_001_SS19_700_A",
        "instrument": "SHARAD_HIGHRES",
        "dat_file": "r_2712402_001_ss19_700_a.dat",
        "lbl_file": "r_2712402_001_ss19_700_a.lbl"
      },
      "geometry": {
        "type": "LineString",
        "coordinates": [
          [
            74.7566,
            19.1086
          ],
          [
            74.6539,
            19.8978
          ],
          [
            74.519,
            20.9291
          ],
          [
            74.4233,
            21.657
          ],
          [
            74.3183,
            22.4519
          ]
        ]
      }
    },
    {
      "type": "Feature",
      "properties": {
        "product_id": "R_3541801_001_SS19_700_A",
        "instrument": "SHARAD_HIGHRES",
        "dat_file": "r_3541801_001_ss19_700_a.dat",
        "lbl_file": "r_3541801_001_ss19_700_a.lbl"
      },
      "geometry": {
        "type": "LineString",
        "coordinates": [
          [
            70.0928,
            61.3408
          ],
          [
            70.1202,
            61.2453
          ],
          [
            70.1713,
            61.0657
          ],
          [
            70.2051,
            60.9459
          ],
          [
            70.2471,
            60.7962
          ],
          [
            70.2722,
            60.7063
          ],
          [
            70.3303,
            60.4967
          ],
          [
            70.4124,
            60.1971
          ],
          [
            70.4773,
            59.9575
          ],
          [
            70.5095,
            59.8376
          ],
          [
            70.5575,
            59.6579
          ],
          [
            70.6051,
            59.4781
          ],
          [
            70.6524,
            59.2983
          ],
          [
            70.6993,
            59.1185
          ],
          [
            70.7304,
            58.9986
          ],
          [
            70.8075,
            58.6988
          ],
          [
            70.8533,
            58.519
          ],
          [
            70.8912,
            58.3691
          ],
          [
            70.9214,
            58.2492
          ],
          [
            70.9664,
            58.0693
          ],
          [
            71.0111,
            57.8894
          ],
          [
            71.0481,
            57.7394
          ],
          [
            71.0849,
            57.5895
          ],
          [
            71.1288,
            57.4096
          ],
          [
            71.2013,
            57.1096
          ],
          [
            71.273,
            56.8097
          ],
          [
            71.3298,
            56.5697
          ],
          [
            71.3721,
            56.3897
          ],
          [
            71.4281,
            56.1496
          ],
          [
            71.4767,
            55.9396
          ],
          [
            71.5112,
            55.7895
          ],
          [
            71.5592,
            55.5795
          ],
          [
            71.6001,
            55.3994
          ],
          [
            71.6744,
            55.0692
          ],
          [
            71.7213,
            54.8591
          ],
          [
            71.7612,
            54.679
          ],
          [
            71.8404,
            54.3187
          ],
          [
            71.9122,
            53.9884
          ],
          [
            71.9897,
            53.628
          ],
          [
            72.06,
            53.2976
          ],
          [
            72.1107,
            53.0573
          ],
          [
            72.1422,
            52.9071
          ],
          [
            72.1923,
            52.6668
          ],
          [
            72.2297,
            52.4865
          ],
          [
            72.31,
            52.0959
          ],
          [
            72.359,
            51.8555
          ],
          [
            72.4016,
            51.6451
          ],
          [
            72.462,
            51.3446
          ],
          [
            72.522,
            51.044
          ],
          [
            72.5518,
            50.8937
          ],
          [
            72.5874,
            50.7133
          ],
          [
            72.6405,
            50.4427
          ],
          [
            72.6874,
            50.2022
          ],
          [
            72.7282,
            49.9917
          ],
          [
            72.8034,
            49.6008
          ],
          [
            72.8722,
            49.2399
          ],
          [
            72.9234,
            48.9691
          ],
          [
            72.963,
            48.7586
          ],
          [
            73.0024,
            48.548
          ],
          [
            73.0472,
            48.3073
          ],
          [
            73.1084,
            47.9763
          ],
          [
            73.1416,
            47.7958
          ],
          [
            73.2021,
            47.4648
          ],
          [
            73.2676,
            47.1036
          ],
          [
            73.3056,
            46.8929
          ],
          [
            73.3488,
            46.6521
          ],
          [
            73.4132,
            46.2909
          ],
          [
            73.4665,
            45.9898
          ],
          [
            73.5089,
            45.7489
          ],
          [
            73.5931,
            45.2671
          ],
          [
            73.6349,
            45.0262
          ],
          [
            73.6817,
            44.7551
          ],
          [
            73.754,
            44.3334
          ],
          [
            73.8002,
            44.0623
          ],
          [
            73.8716,
            43.6405
          ],
          [
            73.9071,
            43.4295
          ],
          [
            73.9777,
            43.0077
          ],
          [
            74.0178,
            42.7666
          ],
          [
            74.0677,
            42.4652
          ],
          [
            74.1569,
            41.9226
          ],
          [
            74.2355,
            41.4402
          ],
          [
            74.2843,
            41.1387
          ],
          [
            74.3426,
            40.7768
          ],
          [
            74.4198,
            40.2943
          ],
          [
            74.5012,
            39.7815
          ],
          [
            74.563,
            39.3893
          ],
          [
            74.6245,
            38.9971
          ],
          [
            74.7231,
            38.3633
          ],
          [
            74.793,
            37.9106
          ],
          [
            74.8717,
            37.3975
          ],
          [
            74.9636,
            36.7937
          ],
          [
            75.0093,
            36.4917
          ],
          [
            75.0639,
            36.1293
          ],
          [
            75.1273,
            35.7065
          ],
          [
            75.2173,
            35.1024
          ],
          [
            75.2933,
            34.5888
          ],
          [
            75.36,
            34.1355
          ],
          [
            75.4131,
            33.7729
          ],
          [
            75.4792,
            33.3196
          ],
          [
            75.5537,
            32.8057
          ],
          [
            75.6365,
            32.2313
          ],
          [
            75.6929,
            31.8382
          ],
          [
            75.7663,
            31.3241
          ],
          [
            75.8479,
            30.7494
          ],
          [
            75.8992,
            30.3864
          ],
          [
            75.9886,
            29.751
          ],
          [
            76.0479,
            29.3273
          ],
          [
            76.1112,
            28.8734
          ],
          [
            76.2036,
            28.2074
          ],
          [
            76.3163,
            27.39
          ],
          [
            76.3786,
            26.9357
          ],
          [
            76.4572,
            26.3603
          ],
          [
            76.5519,
            25.6635
          ],
          [
            76.6175,
            25.1787
          ],
          [
            76.6951,
            24.603
          ],
          [
            76.7724,
            24.0271
          ],
          [
            76.8575,
            23.3905
          ],
          [
            76.9221,
            22.9054
          ],
          [
            77.0026,
            22.2989
          ],
          [
            77.0708,
            21.7832
          ],
          [
            77.1308,
            21.3282
          ],
          [
            77.2225,
            20.6304
          ],
          [
            77.3693,
            19.5075
          ],
          [
            77.4562,
            18.8396
          ],
          [
            77.5664,
            17.9894
          ],
          [
            77.6879,
            17.0478
          ],
          [
            77.8323,
            15.9237
          ],
          [
            77.9683,
            14.8599
          ],
          [
            78.1231,
            13.6437
          ],
          [
            78.2965,
            12.275
          ],
          [
            78.4079,
            11.3926
          ],
          [
            78.5764,
            10.0534
          ],
          [
            78.7177,
            8.9268
          ],
          [
            78.8815,
            7.617
          ],
          [
            78.9993,
            6.6724
          ],
          [
            79.1474,
            5.4836
          ],
          [
            79.2725,
            4.4774
          ],
          [
            79.4429,
            3.1048
          ],
          [
            79.6472,
            1.4569
          ],
          [
            80.0783,
            -2.0247
          ],
          [
            80.3131,
            -3.9197
          ],
          [
            80.4838,
            -5.2958
          ],
          [
            80.7005,
            -7.0397
          ],
          [
            80.8835,
            -8.5089
          ],
          [
            81.0786,
            -10.0706
          ],
          [
            81.2706,
            -11.6023
          ],
          [
            81.4403,
            -12.9508
          ],
          [
            81.5293,
            -13.6559
          ],
          [
            81.6263,
            -14.4224
          ],
          [
            81.7002,
            -15.0051
          ],
          [
            81.8016,
            -15.8026
          ],
          [
            81.9151,
            -16.6924
          ],
          [
            82.0015,
            -17.3675
          ],
          [
            82.1672,
            -18.6567
          ],
          [
            82.2584,
            -19.3628
          ],
          [
            82.33,
            -19.9156
          ],
          [
            82.4418,
            -20.7755
          ],
          [
            82.522,
            -21.3899
          ],
          [
            82.5904,
            -21.9122
          ],
          [
            82.6671,
            -22.4961
          ],
          [
            82.7238,
            -22.9263
          ],
          [
            82.801,
            -23.5103
          ],
          [
            82.8785,
            -24.0943
          ],
          [
            82.9481,
            -24.617
          ],
          [
            83.0262,
            -25.2012
          ],
          [
            83.0881,
            -25.6625
          ],
          [
            83.1668,
            -26.2468
          ],
          [
            83.2417,
            -26.8005
          ],
          [
            83.3253,
            -27.4158
          ],
          [
            83.4009,
            -27.9696
          ],
          [
            83.4811,
            -28.5543
          ],
          [
            83.5702,
            -29.2006
          ],
          [
            83.6299,
            -29.6315
          ],
          [
            83.7027,
            -30.1548
          ],
          [
            83.7845,
            -30.7397
          ],
          [
            83.8581,
            -31.2632
          ],
          [
            83.9277,
            -31.7559
          ],
          [
            84.0152,
            -32.3718
          ],
          [
            84.0768,
            -32.803
          ],
          [
            84.1653,
            -33.4191
          ],
          [
            84.2276,
            -33.8504
          ],
          [
            84.2947,
            -34.3125
          ],
          [
            84.3802,
            -34.8979
          ],
          [
            84.4436,
            -35.3294
          ],
          [
            84.4982,
            -35.6992
          ],
          [
            84.5714,
            -36.1923
          ],
          [
            84.6266,
            -36.5622
          ],
          [
            84.6867,
            -36.9629
          ],
          [
            84.7658,
            -37.487
          ],
          [
            84.7985,
            -37.7028
          ],
          [
            84.902,
            -38.3811
          ],
          [
            84.9779,
            -38.8744
          ],
          [
            85.0209,
            -39.152
          ]
        ]
      }
    },
    {
      "type": "Feature",
      "properties": {
        "product_id": "R_3611002_001_SS19_700_A",
        "instrument": "SHARAD_HIGHRES",
        "dat_file": "r_3611002_001_ss19_700_a.dat",
        "lbl_file": "r_3611002_001_ss19_700_a.lbl"
      },
      "geometry": {
        "type": "LineString",
        "coordinates": [
          [
            76.8274,
            17.6007
          ],
          [
            76.7138,
            16.7196
          ],
          [
            76.5734,
            15.6255
          ],
          [
            76.4491,
            14.6527
          ],
          [
            76.3755,
            14.0749
          ],
          [
            76.2403,
            13.0104
          ],
          [
            76.1286,
            12.128
          ],
          [
            76.0172,
            11.2454
          ],
          [
            75.8869,
            10.2103
          ],
          [
            75.7493,
            9.114
          ],
          [
            75.612,
            8.0172
          ],
          [
            75.5054,
            7.164
          ],
          [
            75.304,
            5.5482
          ],
          [
            75.1409,
            4.2367
          ],
          [
            75.0045,
            3.1383
          ],
          [
            74.7622,
            1.1846
          ],
          [
            74.5882,
            -0.2201
          ]
        ]
      }
    },
    {
      "type": "Feature",
      "properties": {
        "product_id": "R_3680902_001_SS19_700_A",
        "instrument": "SHARAD_HIGHRES",
        "dat_file": "r_3680902_001_ss19_700_a.dat",
        "lbl_file": "r_3680902_001_ss19_700_a.lbl"
      },
      "geometry": {
        "type": "LineString",
        "coordinates": [
          [
            74.0418,
            21.9452
          ],
          [
            73.9177,
            21.0047
          ],
          [
            73.842,
            20.4281
          ],
          [
            73.7705,
            19.8818
          ],
          [
            73.6992,
            19.3353
          ],
          [
            73.6211,
            18.7345
          ]
        ]
      }
    },
    {
      "type": "Feature",
      "properties": {
        "product_id": "R_3689502_001_SS19_700_A",
        "instrument": "SHARAD_HIGHRES",
        "dat_file": "r_3689502_001_ss19_700_a.dat",
        "lbl_file": "r_3689502_001_ss19_700_a.lbl"
      },
      "geometry": {
        "type": "LineString",
        "coordinates": [
          [
            74.5558,
            19.3341
          ],
          [
            74.4646,
            20.0324
          ],
          [
            74.3611,
            20.8215
          ],
          [
            74.2291,
            21.8227
          ],
          [
            74.1544,
            22.3867
          ]
        ]
      }
    },
    {
      "type": "Feature",
      "properties": {
        "product_id": "R_3695402_001_SS19_700_A",
        "instrument": "SHARAD_HIGHRES",
        "dat_file": "r_3695402_001_ss19_700_a.dat",
        "lbl_file": "r_3695402_001_ss19_700_a.lbl"
      },
      "geometry": {
        "type": "LineString",
        "coordinates": [
          [
            74.7427,
            19.4374
          ],
          [
            74.6045,
            18.3748
          ],
          [
            74.4631,
            17.2815
          ],
          [
            74.3692,
            16.5524
          ],
          [
            74.2211,
            15.3976
          ],
          [
            74.0659,
            14.1817
          ],
          [
            73.9422,
            13.2086
          ],
          [
            73.8035,
            12.1135
          ],
          [
            73.6844,
            11.1702
          ],
          [
            73.5656,
            10.2266
          ],
          [
            73.3898,
            8.826
          ],
          [
            73.2259,
            7.5161
          ],
          [
            73.089,
            6.4191
          ],
          [
            72.9105,
            4.9862
          ],
          [
            72.702,
            3.3088
          ],
          [
            72.4748,
            1.4778
          ],
          [
            72.2814,
            -0.0827
          ]
        ]
      }
    },
    {
      "type": "Feature",
      "properties": {
        "product_id": "R_3899201_001_SS19_700_A",
        "instrument": "SHARAD_HIGHRES",
        "dat_file": "r_3899201_001_ss19_700_a.dat",
        "lbl_file": "r_3899201_001_ss19_700_a.lbl"
      },
      "geometry": {
        "type": "LineString",
        "coordinates": [
          [
            80.8675,
            0.1023
          ],
          [
            80.5034,
            3.061
          ],
          [
            80.3531,
            4.2803
          ],
          [
            80.2064,
            5.4686
          ],
          [
            80.0595,
            6.6566
          ],
          [
            79.935,
            7.6614
          ],
          [
            79.7838,
            8.879
          ],
          [
            79.655,
            9.9135
          ],
          [
            79.5221,
            10.9782
          ],
          [
            79.3812,
            12.1033
          ],
          [
            79.2437,
            13.1976
          ],
          [
            79.1441,
            13.9877
          ],
          [
            79.025,
            14.9295
          ],
          [
            78.9055,
            15.871
          ],
          [
            78.8243,
            16.5087
          ],
          [
            78.6885,
            17.5711
          ],
          [
            78.5677,
            18.5119
          ],
          [
            78.4699,
            19.2703
          ],
          [
            78.3363,
            20.3016
          ],
          [
            78.2455,
            20.999
          ],
          [
            78.1385,
            21.8175
          ],
          [
            78.031,
            22.6358
          ],
          [
            77.939,
            23.3327
          ],
          [
            77.8627,
            23.9083
          ],
          [
            77.7659,
            24.6352
          ],
          [
            77.6727,
            25.3317
          ],
          [
            77.5668,
            26.1188
          ],
          [
            77.4644,
            26.8755
          ],
          [
            77.3738,
            27.5413
          ],
          [
            77.2661,
            28.3279
          ],
          [
            77.1577,
            29.1143
          ],
          [
            77.0733,
            29.7225
          ]
        ]
      }
    },
    {
      "type": "Feature",
      "properties": {
        "product_id": "R_3905101_001_SS19_700_A",
        "instrument": "SHARAD_HIGHRES",
        "dat_file": "r_3905101_001_ss19_700_a.dat",
        "lbl_file": null
      },
      "geometry": {
        "type": "LineString",
        "coordinates": [
          [
            79.8486,
            29.7012
          ],
          [
            79.8191,
            29.4893
          ],
          [
            79.752,
            29.0047
          ],
          [
            79.6477,
            28.2475
          ],
          [
            79.5606,
            27.6113
          ],
          [
            79.4657,
            26.9143
          ],
          [
            79.3713,
            26.2172
          ],
          [
            79.2611,
            25.3987
          ],
          [
            79.1313,
            24.4283
          ],
          [
            79.0506,
            23.8216
          ],
          [
            78.9622,
            23.1542
          ],
          [
            78.8542,
            22.3349
          ],
          [
            78.7507,
            21.5457
          ],
          [
            78.6516,
            20.7867
          ],
          [
            78.5529,
            20.0275
          ],
          [
            78.4389,
            19.1466
          ],
          [
            78.341,
            18.387
          ],
          [
            78.2123,
            17.3841
          ],
          [
            78.1113,
            16.5937
          ],
          [
            77.9797,
            15.5597
          ],
          [
            77.8756,
            14.7385
          ],
          [
            77.7487,
            13.7344
          ],
          [
            77.6299,
            12.7909
          ],
          [
            77.5038,
            11.7862
          ],
          [
            77.4047,
            10.9944
          ],
          [
            77.2602,
            9.8368
          ],
          [
            77.1464,
            8.9226
          ],
          [
            77.0101,
            7.8252
          ],
          [
            76.8854,
            6.819
          ],
          [
            76.7458,
            5.6904
          ],
          [
            76.5838,
            4.3783
          ],
          [
            76.4596,
            3.3709
          ],
          [
            76.2603,
            1.7525
          ],
          [
            76.0548,
            0.0819
          ]
        ]
      }
    },
    {
      "type": "Feature",
      "properties": {
        "product_id": "R_3976302_001_SS19_700_A",
        "instrument": "SHARAD_HIGHRES",
        "dat_file": "r_3976302_001_ss19_700_a.dat",
        "lbl_file": "r_3976302_001_ss19_700_a.lbl"
      },
      "geometry": {
        "type": "LineString",
        "coordinates": [
          [
            81.3665,
            29.6651
          ],
          [
            81.316,
            29.3018
          ],
          [
            81.2699,
            28.9687
          ],
          [
            81.1906,
            28.3933
          ],
          [
            81.0951,
            27.6967
          ],
          [
            80.9919,
            26.9393
          ],
          [
            80.8852,
            26.1514
          ],
          [
            80.7954,
            25.4846
          ],
          [
            80.6898,
            24.6964
          ],
          [
            80.5888,
            23.9382
          ],
          [
            80.4923,
            23.2103
          ],
          [
            80.3683,
            22.2697
          ],
          [
            80.2688,
            21.511
          ],
          [
            80.1895,
            20.9039
          ],
          [
            80.0789,
            20.0537
          ],
          [
            79.9845,
            19.3248
          ],
          [
            79.8787,
            18.5046
          ],
          [
            79.7655,
            17.6234
          ],
          [
            79.6605,
            16.8027
          ],
          [
            79.5636,
            16.0426
          ],
          [
            79.4477,
            15.1303
          ],
          [
            79.3168,
            14.096
          ],
          [
            79.1902,
            13.0917
          ],
          [
            79.0869,
            12.2698
          ],
          [
            78.9686,
            11.3259
          ],
          [
            78.8544,
            10.4122
          ],
          [
            78.7063,
            9.2239
          ],
          [
            78.6002,
            8.3705
          ],
          [
            78.4527,
            7.1814
          ],
          [
            78.2904,
            5.8699
          ],
          [
            78.0794,
            4.161
          ],
          [
            77.9176,
            2.8482
          ],
          [
            77.6845,
            0.9543
          ],
          [
            77.5728,
            0.0454
          ]
        ]
      }
    },
    {
      "type": "Feature",
      "properties": {
        "product_id": "R_4004001_001_SS19_700_A",
        "instrument": "SHARAD_HIGHRES",
        "dat_file": "r_4004001_001_ss19_700_a.dat",
        "lbl_file": "r_4004001_001_ss19_700_a.lbl"
      },
      "geometry": {
        "type": "LineString",
        "coordinates": [
          [
            78.9291,
            29.7136
          ],
          [
            78.887,
            29.4111
          ],
          [
            78.8283,
            28.9874
          ],
          [
            78.7448,
            28.3821
          ],
          [
            78.6286,
            27.5345
          ],
          [
            78.5502,
            26.9592
          ],
          [
            78.4271,
            26.0506
          ],
          [
            78.3292,
            25.3236
          ],
          [
            78.2399,
            24.657
          ],
          [
            78.1631,
            24.0812
          ],
          [
            78.0344,
            23.1112
          ],
          [
            77.9344,
            22.3532
          ],
          [
            77.8229,
            21.504
          ],
          [
            77.7436,
            20.8973
          ],
          [
            77.6133,
            19.896
          ],
          [
            77.5072,
            19.0766
          ],
          [
            77.4015,
            18.2569
          ],
          [
            77.2923,
            17.4066
          ],
          [
            77.168,
            16.4347
          ],
          [
            77.0751,
            15.7055
          ],
          [
            76.9786,
            14.9458
          ],
          [
            76.8593,
            14.0035
          ],
          [
            76.7442,
            13.0913
          ],
          [
            76.6027,
            11.9659
          ],
          [
            76.4921,
            11.0836
          ],
          [
            76.3628,
            10.0489
          ],
          [
            76.2337,
            9.0138
          ],
          [
            76.0898,
            7.8566
          ],
          [
            75.9273,
            6.5466
          ],
          [
            75.8292,
            5.7542
          ],
          [
            75.6521,
            4.3214
          ],
          [
            75.4677,
            2.827
          ],
          [
            75.1311,
            0.0944
          ]
        ]
      }
    },
    {
      "type": "Feature",
      "properties": {
        "product_id": "R_4018501_001_SS19_700_A",
        "instrument": "SHARAD_HIGHRES",
        "dat_file": "r_4018501_001_ss19_700_a.dat",
        "lbl_file": "r_4018501_001_ss19_700_a.lbl"
      },
      "geometry": {
        "type": "LineString",
        "coordinates": [
          [
            80.0295,
            29.6749
          ],
          [
            79.9246,
            28.9187
          ],
          [
            79.8495,
            28.3741
          ],
          [
            79.7416,
            27.5873
          ],
          [
            79.6426,
            26.8609
          ],
          [
            79.5934,
            26.4976
          ],
          [
            79.5892,
            26.4674
          ],
          [
            79.5237,
            25.9829
          ],
          [
            79.434,
            25.3168
          ],
          [
            79.3164,
            24.4384
          ],
          [
            79.2357,
            23.8325
          ],
          [
            79.1513,
            23.1961
          ],
          [
            79.0313,
            22.2869
          ],
          [
            78.9437,
            21.6199
          ],
          [
            78.8406,
            20.8315
          ],
          [
            78.734,
            20.0126
          ],
          [
            78.62,
            19.1327
          ],
          [
            78.5143,
            18.3134
          ],
          [
            78.4051,
            17.4634
          ],
          [
            78.2963,
            16.6133
          ],
          [
            78.1531,
            15.4895
          ],
          [
            78.0413,
            14.6085
          ],
          [
            77.9068,
            13.5448
          ],
          [
            77.7919,
            12.6328
          ],
          [
            77.6506,
            11.5076
          ],
          [
            77.5592,
            10.7776
          ],
          [
            77.3882,
            9.4083
          ],
          [
            77.2745,
            8.4951
          ],
          [
            77.1421,
            7.4294
          ],
          [
            77.0401,
            6.607
          ],
          [
            76.893,
            5.4188
          ],
          [
            76.7461,
            4.2301
          ],
          [
            76.5655,
            2.7665
          ],
          [
            76.2315,
            0.055
          ]
        ]
      }
    },
    {
      "type": "Feature",
      "properties": {
        "product_id": "R_4033001_001_SS19_700_A",
        "instrument": "SHARAD_HIGHRES",
        "dat_file": "r_4033001_001_ss19_700_a.dat",
        "lbl_file": "r_4033001_001_ss19_700_a.lbl"
      },
      "geometry": {
        "type": "LineString",
        "coordinates": [
          [
            81.3888,
            29.6777
          ],
          [
            81.309,
            29.103
          ],
          [
            81.2088,
            28.3769
          ],
          [
            81.1092,
            27.6507
          ],
          [
            81.0225,
            27.0151
          ],
          [
            80.8953,
            26.0766
          ],
          [
            80.83,
            25.5921
          ],
          [
            80.7446,
            24.9561
          ],
          [
            80.6152,
            23.9867
          ],
          [
            80.5227,
            23.2897
          ],
          [
            80.4266,
            22.5623
          ],
          [
            80.3349,
            21.8651
          ],
          [
            80.2,
            20.8341
          ],
          [
            80.0816,
            19.9241
          ],
          [
            79.9755,
            19.1048
          ],
          [
            79.862,
            18.2247
          ],
          [
            79.7801,
            17.5872
          ],
          [
            79.6635,
            16.6763
          ],
          [
            79.528,
            15.6132
          ],
          [
            79.4046,
            14.6409
          ],
          [
            79.2893,
            13.7291
          ],
          [
            79.1705,
            12.7866
          ],
          [
            79.0406,
            11.7526
          ],
          [
            78.9339,
            10.9008
          ],
          [
            78.8085,
            9.8966
          ],
          [
            78.6719,
            8.8007
          ],
          [
            78.5659,
            7.9481
          ],
          [
            78.4223,
            6.7906
          ],
          [
            78.2978,
            5.7851
          ],
          [
            78.0116,
            3.4681
          ],
          [
            77.8499,
            2.1564
          ],
          [
            77.5915,
            0.0581
          ]
        ]
      }
    },
    {
      "type": "Feature",
      "properties": {
        "product_id": "R_4060701_001_SS19_700_A",
        "instrument": "SHARAD_HIGHRES",
        "dat_file": "r_4060701_001_ss19_700_a.dat",
        "lbl_file": "r_4060701_001_ss19_700_a.lbl"
      },
      "geometry": {
        "type": "LineString",
        "coordinates": [
          [
            79.5124,
            29.6933
          ],
          [
            79.4158,
            28.9973
          ],
          [
            79.3281,
            28.3616
          ],
          [
            79.2243,
            27.6047
          ],
          [
            79.1376,
            26.9687
          ],
          [
            79.0513,
            26.3327
          ],
          [
            78.9491,
            25.5752
          ],
          [
            78.8434,
            24.7873
          ],
          [
            78.7423,
            24.0296
          ],
          [
            78.6216,
            23.12
          ],
          [
            78.5056,
            22.2405
          ],
          [
            78.4299,
            21.6641
          ],
          [
            78.3505,
            21.0573
          ],
          [
            78.224,
            20.0861
          ],
          [
            78.1256,
            19.3272
          ],
          [
            78.0041,
            18.3858
          ],
          [
            77.9065,
            17.6265
          ],
          [
            77.817,
            16.9277
          ],
          [
            77.6929,
            15.9553
          ],
          [
            77.5577,
            14.8913
          ],
          [
            77.4576,
            14.1007
          ],
          [
            77.3616,
            13.3403
          ],
          [
            77.2467,
            12.4275
          ],
          [
            77.1283,
            11.4841
          ],
          [
            77.0178,
            10.6013
          ],
          [
            76.8468,
            9.2309
          ],
          [
            76.7255,
            8.256
          ],
          [
            76.5515,
            6.8541
          ],
          [
            76.442,
            5.9699
          ],
          [
            76.2874,
            4.7195
          ],
          [
            76.1104,
            3.2855
          ],
          [
            75.8433,
            1.118
          ],
          [
            75.7148,
            0.0737
          ]
        ]
      }
    },
    {
      "type": "Feature",
      "properties": {
        "product_id": "R_4067301_001_SS19_700_A",
        "instrument": "SHARAD_HIGHRES",
        "dat_file": "r_4067301_001_ss19_700_a.dat",
        "lbl_file": "r_4067301_001_ss19_700_a.lbl"
      },
      "geometry": {
        "type": "LineString",
        "coordinates": [
          [
            77.3777,
            29.6196
          ],
          [
            77.3356,
            29.3169
          ],
          [
            77.2393,
            28.6205
          ],
          [
            77.1311,
            27.833
          ],
          [
            77.0566,
            27.2878
          ],
          [
            76.9783,
            26.7122
          ],
          [
            76.8431,
            25.7121
          ],
          [
            76.7332,
            24.8937
          ],
          [
            76.6522,
            24.2873
          ],
          [
            76.5836,
            23.7717
          ],
          [
            76.4751,
            22.9528
          ],
          [
            76.3831,
            22.255
          ],
          [
            76.2875,
            21.5267
          ],
          [
            76.1567,
            20.525
          ],
          [
            76.062,
            19.7963
          ],
          [
            75.9912,
            19.2496
          ],
          [
            75.8658,
            18.2776
          ],
          [
            75.7215,
            17.1533
          ],
          [
            75.6632,
            16.6974
          ],
          [
            75.5624,
            15.907
          ],
          [
            75.5044,
            15.4509
          ],
          [
            75.3617,
            14.3256
          ],
          [
            75.1889,
            12.9564
          ],
          [
            75.055,
            11.8911
          ],
          [
            75.0313,
            11.7014
          ]
        ]
      }
    },
    {
      "type": "Feature",
      "properties": {
        "product_id": "R_4096301_001_SS19_700_A",
        "instrument": "SHARAD_HIGHRES",
        "dat_file": "r_4096301_001_ss19_700_a.dat",
        "lbl_file": "r_4096301_001_ss19_700_a.lbl"
      },
      "geometry": {
        "type": "LineString",
        "coordinates": [
          [
            79.6121,
            29.6749
          ],
          [
            79.5197,
            29.0092
          ],
          [
            79.4195,
            28.2828
          ],
          [
            79.3199,
            27.5562
          ],
          [
            79.2291,
            26.8901
          ],
          [
            79.106,
            25.9815
          ],
          [
            79.0244,
            25.3756
          ],
          [
            78.9472,
            24.8
          ],
          [
            78.838,
            23.9817
          ],
          [
            78.7334,
            23.1936
          ],
          [
            78.6293,
            22.4053
          ],
          [
            78.5416,
            21.7381
          ],
          [
            78.4265,
            20.8585
          ],
          [
            78.3159,
            20.0089
          ],
          [
            78.2254,
            19.3109
          ],
          [
            78.1039,
            18.3699
          ],
          [
            78.0063,
            17.6108
          ],
          [
            77.8935,
            16.73
          ],
          [
            77.7811,
            15.849
          ],
          [
            77.6421,
            14.755
          ],
          [
            77.5459,
            13.9951
          ],
          [
            77.4461,
            13.2046
          ],
          [
            77.3045,
            12.0793
          ],
          [
            77.1824,
            11.1058
          ],
          [
            77.0416,
            9.9798
          ],
          [
            76.886,
            8.7316
          ],
          [
            76.7951,
            8.0007
          ],
          [
            76.6703,
            6.9955
          ],
          [
            76.5042,
            5.6548
          ],
          [
            76.4024,
            4.8318
          ],
          [
            76.1953,
            3.1547
          ],
          [
            75.9696,
            1.3241
          ],
          [
            75.8134,
            0.0556
          ]
        ]
      }
    },
    {
      "type": "Feature",
      "properties": {
        "product_id": "R_4104901_001_SS19_700_A",
        "instrument": "SHARAD_HIGHRES",
        "dat_file": "r_4104901_001_ss19_700_a.dat",
        "lbl_file": null
      },
      "geometry": {
        "type": "LineString",
        "coordinates": [
          [
            79.6274,
            17.2657
          ],
          [
            79.4676,
            18.5121
          ],
          [
            79.3893,
            19.12
          ],
          [
            79.3147,
            19.6973
          ],
          [
            79.232,
            20.3353
          ],
          [
            79.1609,
            20.882
          ],
          [
            79.0737,
            21.5501
          ],
          [
            79.0061,
            22.0663
          ],
          [
            78.9263,
            22.6735
          ],
          [
            78.8382,
            23.3412
          ],
          [
            78.7618,
            23.9178
          ],
          [
            78.7013,
            24.3729
          ],
          [
            78.6325,
            24.8886
          ],
          [
            78.5431,
            25.5559
          ],
          [
            78.4451,
            26.2837
          ],
          [
            78.3957,
            26.6484
          ]
        ]
      }
    },
    {
      "type": "Feature",
      "properties": {
        "product_id": "R_4117401_001_SS19_700_A",
        "instrument": "SHARAD_HIGHRES",
        "dat_file": "r_4117401_001_ss19_700_a.dat",
        "lbl_file": "r_4117401_001_ss19_700_a.lbl"
      },
      "geometry": {
        "type": "LineString",
        "coordinates": [
          [
            79.346,
            29.6957
          ],
          [
            79.2703,
            29.1513
          ],
          [
            79.1575,
            28.3346
          ],
          [
            79.062,
            27.6387
          ],
          [
            78.9588,
            26.8821
          ],
          [
            78.8521,
            26.095
          ],
          [
            78.7338,
            25.2169
          ],
          [
            78.6324,
            24.4597
          ],
          [
            78.5436,
            23.7933
          ],
          [
            78.4672,
            23.2176
          ],
          [
            78.3591,
            22.3993
          ],
          [
            78.2754,
            21.7628
          ],
          [
            78.1405,
            20.7318
          ],
          [
            78.0339,
            19.9129
          ],
          [
            77.9356,
            19.1545
          ],
          [
            77.8103,
            18.1834
          ],
          [
            77.7128,
            17.4246
          ],
          [
            77.6156,
            16.6656
          ],
          [
            77.4994,
            15.7545
          ],
          [
            77.3874,
            14.8735
          ],
          [
            77.2681,
            13.9315
          ],
          [
            77.1415,
            12.9284
          ],
          [
            77.0344,
            12.0771
          ],
          [
            76.9123,
            11.1038
          ],
          [
            76.7791,
            10.039
          ],
          [
            76.6652,
            9.126
          ],
          [
            76.525,
            7.9996
          ],
          [
            76.4002,
            6.9946
          ],
          [
            76.2454,
            5.7455
          ],
          [
            76.1323,
            4.8313
          ],
          [
            75.9026,
            2.9715
          ],
          [
            75.7258,
            1.5378
          ],
          [
            75.5457,
            0.0756
          ]
        ]
      }
    },
    {
      "type": "Feature",
      "properties": {
        "product_id": "R_4131901_001_SS19_700_A",
        "instrument": "SHARAD_HIGHRES",
        "dat_file": "r_4131901_001_ss19_700_a.dat",
        "lbl_file": "r_4131901_001_ss19_700_a.lbl"
      },
      "geometry": {
        "type": "LineString",
        "coordinates": [
          [
            81.0675,
            29.7163
          ],
          [
            81.0212,
            29.3836
          ],
          [
            80.9583,
            28.9298
          ],
          [
            80.8665,
            28.2641
          ],
          [
            80.7628,
            27.5075
          ],
          [
            80.6597,
            26.7507
          ],
          [
            80.5572,
            25.9938
          ],
          [
            80.4634,
            25.2972
          ],
          [
            80.3417,
            24.3884
          ],
          [
            80.261,
            23.7824
          ],
          [
            80.1365,
            22.8428
          ],
          [
            80.0446,
            22.1456
          ],
          [
            79.9491,
            21.4178
          ],
          [
            79.8619,
            20.7506
          ],
          [
            79.7356,
            19.7798
          ],
          [
            79.6413,
            19.0515
          ],
          [
            79.5434,
            18.2927
          ],
          [
            79.4147,
            17.2908
          ],
          [
            79.3137,
            16.5012
          ],
          [
            79.1821,
            15.4683
          ],
          [
            79.0895,
            14.739
          ],
          [
            78.9741,
            13.8271
          ],
          [
            78.8399,
            12.763
          ],
          [
            78.7214,
            11.8201
          ],
          [
            78.6032,
            10.877
          ],
          [
            78.4929,
            9.9945
          ],
          [
            78.3752,
            9.0508
          ],
          [
            78.2199,
            7.8022
          ],
          [
            78.0876,
            6.736
          ],
          [
            77.9555,
            5.6695
          ],
          [
            77.7671,
            4.1452
          ],
          [
            77.609,
            2.8642
          ],
          [
            77.3871,
            1.0639
          ],
          [
            77.2681,
            0.0971
          ]
        ]
      }
    },
    {
      "type": "Feature",
      "properties": {
        "product_id": "R_4138501_001_SS19_700_A",
        "instrument": "SHARAD_HIGHRES",
        "dat_file": "r_4138501_001_ss19_700_a.dat",
        "lbl_file": null
      },
      "geometry": {
        "type": "LineString",
        "coordinates": [
          [
            78.8786,
            29.6654
          ],
          [
            78.7987,
            29.0905
          ],
          [
            78.7443,
            28.6971
          ],
          [
            78.6776,
            28.2128
          ],
          [
            78.5863,
            27.5468
          ],
          [
            78.5161,
            27.0321
          ],
          [
            78.4421,
            26.4871
          ],
          [
            78.3683,
            25.9419
          ],
          [
            78.3193,
            25.5784
          ],
          [
            78.2095,
            24.7603
          ],
          [
            78.1326,
            24.1846
          ],
          [
            78.0198,
            23.3359
          ],
          [
            77.8996,
            22.4263
          ],
          [
            77.8079,
            21.7287
          ],
          [
            77.7007,
            20.9097
          ],
          [
            77.5782,
            19.9691
          ],
          [
            77.4877,
            19.271
          ],
          [
            77.3701,
            18.3603
          ],
          [
            77.2569,
            17.4796
          ],
          [
            77.1519,
            16.6595
          ],
          [
            77.0666,
            15.9911
          ],
          [
            76.9352,
            14.9578
          ],
          [
            76.8312,
            14.137
          ],
          [
            76.7275,
            13.316
          ],
          [
            76.5667,
            12.0384
          ],
          [
            76.4789,
            11.3386
          ],
          [
            76.3608,
            10.3951
          ],
          [
            76.2126,
            9.2077
          ],
          [
            76.1178,
            8.4463
          ],
          [
            75.9437,
            7.0449
          ],
          [
            75.8115,
            5.9782
          ],
          [
            75.6757,
            4.8806
          ],
          [
            75.5024,
            3.4776
          ],
          [
            75.2766,
            1.6467
          ],
          [
            75.0794,
            0.0456
          ]
        ]
      }
    },
    {
      "type": "Feature",
      "properties": {
        "product_id": "R_4260503_001_SS19_700_A",
        "instrument": "SHARAD_HIGHRES",
        "dat_file": "r_4260503_001_ss19_700_a.dat",
        "lbl_file": "r_4260503_001_ss19_700_a.lbl"
      },
      "geometry": {
        "type": "LineString",
        "coordinates": [
          [
            78.9865,
            0.0297
          ],
          [
            78.6075,
            3.1448
          ],
          [
            78.4252,
            4.6402
          ],
          [
            78.2762,
            5.8604
          ],
          [
            78.1195,
            7.1412
          ],
          [
            77.9812,
            8.269
          ],
          [
            77.8876,
            9.0309
          ],
          [
            77.7488,
            10.1581
          ],
          [
            77.6247,
            11.1632
          ],
          [
            77.5267,
            11.9548
          ],
          [
            77.4285,
            12.7462
          ],
          [
            77.3149,
            13.6592
          ],
          [
            77.1591,
            14.9064
          ],
          [
            77.0714,
            15.6059
          ],
          [
            76.972,
            16.3965
          ],
          [
            76.83,
            17.5211
          ],
          [
            76.7491,
            18.1593
          ],
          [
            76.637,
            19.0403
          ],
          [
            76.5361,
            19.83
          ],
          [
            76.427,
            20.6803
          ],
          [
            76.3174,
            21.5303
          ],
          [
            76.2073,
            22.3801
          ],
          [
            76.1006,
            23.1993
          ],
          [
            76.0093,
            23.897
          ],
          [
            75.9615,
            24.261
          ],
          [
            75.9015,
            24.7159
          ],
          [
            75.8415,
            25.1707
          ],
          [
            75.7933,
            25.5345
          ],
          [
            75.6763,
            26.4136
          ],
          [
            75.6033,
            26.9591
          ],
          [
            75.5055,
            27.6862
          ],
          [
            75.3989,
            28.4739
          ],
          [
            75.3082,
            29.1402
          ],
          [
            75.2384,
            29.6498
          ]
        ]
      }
    },
    {
      "type": "Feature",
      "properties": {
        "product_id": "R_4274301_001_SS19_700_A",
        "instrument": "SHARAD_HIGHRES",
        "dat_file": "r_4274301_001_ss19_700_a.dat",
        "lbl_file": "r_4274301_001_ss19_700_a.lbl"
      },
      "geometry": {
        "type": "LineString",
        "coordinates": [
          [
            81.1621,
            29.6545
          ],
          [
            81.0751,
            29.0192
          ],
          [
            81.0133,
            28.5653
          ],
          [
            80.8863,
            27.6271
          ],
          [
            80.7805,
            26.84
          ],
          [
            80.6955,
            26.2041
          ],
          [
            80.6149,
            25.5984
          ],
          [
            80.5627,
            25.2046
          ],
          [
            80.4587,
            24.4169
          ],
          [
            80.391,
            23.9018
          ],
          [
            80.2681,
            22.9622
          ],
          [
            80.1813,
            22.2953
          ],
          [
            80.087,
            21.5675
          ],
          [
            80.0126,
            20.9912
          ],
          [
            79.8956,
            20.0812
          ],
          [
            79.8179,
            19.4743
          ],
          [
            79.7095,
            18.6245
          ],
          [
            79.5669,
            17.5012
          ],
          [
            79.4518,
            16.5901
          ],
          [
            79.3409,
            15.7091
          ],
          [
            79.2418,
            14.9191
          ],
          [
            79.124,
            13.9768
          ],
          [
            79.0217,
            13.156
          ],
          [
            78.897,
            12.1524
          ],
          [
            78.7388,
            10.8746
          ],
          [
            78.6111,
            9.8399
          ],
          [
            78.5099,
            9.0179
          ],
          [
            78.3827,
            7.9826
          ],
          [
            78.2408,
            6.825
          ],
          [
            78.0917,
            5.6061
          ],
          [
            77.9428,
            4.3867
          ],
          [
            77.7792,
            3.0448
          ],
          [
            77.5303,
            1.0004
          ],
          [
            77.4129,
            0.0348
          ]
        ]
      }
    },
    {
      "type": "Feature",
      "properties": {
        "product_id": "R_4379801_001_SS19_700_A",
        "instrument": "SHARAD_HIGHRES",
        "dat_file": "r_4379801_001_ss19_700_a.dat",
        "lbl_file": "r_4379801_001_ss19_700_a.lbl"
      },
      "geometry": {
        "type": "LineString",
        "coordinates": [
          [
            78.5458,
            29.6516
          ],
          [
            78.5001,
            29.3187
          ],
          [
            78.4381,
            28.8646
          ],
          [
            78.3558,
            28.2591
          ],
          [
            78.2494,
            27.4717
          ],
          [
            78.168,
            26.8659
          ],
          [
            78.091,
            26.2903
          ],
          [
            78.0103,
            25.6843
          ],
          [
            77.9179,
            24.9872
          ],
          [
            77.81,
            24.1687
          ],
          [
            77.7106,
            23.4107
          ],
          [
            77.6156,
            22.6828
          ],
          [
            77.4935,
            21.7423
          ],
          [
            77.3955,
            20.9837
          ],
          [
            77.2979,
            20.2249
          ],
          [
            77.1968,
            19.4355
          ],
          [
            77.0922,
            18.6156
          ],
          [
            76.988,
            17.7954
          ],
          [
            76.8765,
            16.9143
          ],
          [
            76.7807,
            16.1545
          ],
          [
            76.6661,
            15.2425
          ],
          [
            76.5747,
            14.5127
          ],
          [
            76.4456,
            13.4785
          ],
          [
            76.3396,
            12.6266
          ],
          [
            76.2414,
            11.8353
          ],
          [
            76.1133,
            10.8003
          ],
          [
            76.0043,
            9.9172
          ],
          [
            75.8543,
            8.6987
          ],
          [
            75.7196,
            7.6016
          ],
          [
            75.5926,
            6.5652
          ],
          [
            75.3354,
            4.4608
          ],
          [
            75.1196,
            2.6908
          ],
          [
            75.0071,
            1.7663
          ]
        ]
      }
    },
    {
      "type": "Feature",
      "properties": {
        "product_id": "R_4436501_001_SS19_700_A",
        "instrument": "SHARAD_HIGHRES",
        "dat_file": "r_4436501_001_ss19_700_a.dat",
        "lbl_file": "r_4436501_001_ss19_700_a.lbl"
      },
      "geometry": {
        "type": "LineString",
        "coordinates": [
          [
            80.0703,
            29.6615
          ],
          [
            80.0329,
            29.3892
          ],
          [
            79.975,
            28.9655
          ],
          [
            79.868,
            28.1786
          ],
          [
            79.778,
            27.5126
          ],
          [
            79.6844,
            26.8161
          ],
          [
            79.5711,
            25.9681
          ],
          [
            79.4906,
            25.3622
          ],
          [
            79.3545,
            24.3319
          ],
          [
            79.3027,
            23.9379
          ],
          [
            79.1797,
            22.9981
          ],
          [
            79.0889,
            22.3007
          ],
          [
            78.971,
            21.3908
          ],
          [
            78.8693,
            20.602
          ],
          [
            78.7758,
            19.8737
          ],
          [
            78.671,
            19.0542
          ],
          [
            78.5589,
            18.1737
          ],
          [
            78.4703,
            17.4752
          ],
          [
            78.3513,
            16.5336
          ],
          [
            78.2442,
            15.6828
          ],
          [
            78.1641,
            15.0446
          ],
          [
            78.0348,
            14.011
          ],
          [
            77.94,
            13.2507
          ],
          [
            77.8152,
            12.247
          ],
          [
            77.6983,
            11.3038
          ],
          [
            77.5779,
            10.3298
          ],
          [
            77.4278,
            9.112
          ],
          [
            77.3267,
            8.2897
          ],
          [
            77.222,
            7.4367
          ],
          [
            77.0093,
            5.6995
          ],
          [
            76.8752,
            4.6019
          ],
          [
            76.6966,
            3.1378
          ],
          [
            76.4587,
            1.1847
          ],
          [
            76.3197,
            0.0418
          ]
        ]
      }
    },
    {
      "type": "Feature",
      "properties": {
        "product_id": "R_4443102_001_SS19_700_A",
        "instrument": "SHARAD_HIGHRES",
        "dat_file": "r_4443102_001_ss19_700_a.dat",
        "lbl_file": "r_4443102_001_ss19_700_a.lbl"
      },
      "geometry": {
        "type": "LineString",
        "coordinates": [
          [
            78.3895,
            29.6815
          ],
          [
            78.3355,
            29.2881
          ],
          [
            78.2241,
            28.4709
          ],
          [
            78.1175,
            27.6837
          ],
          [
            78.0197,
            26.957
          ],
          [
            77.9184,
            26.1998
          ],
          [
            77.8297,
            25.5333
          ],
          [
            77.7414,
            24.8666
          ],
          [
            77.6535,
            24.1999
          ],
          [
            77.5779,
            23.6239
          ],
          [
            77.4986,
            23.0175
          ],
          [
            77.3999,
            22.2594
          ],
          [
            77.2977,
            21.4707
          ],
          [
            77.1725,
            20.4998
          ],
          [
            77.0868,
            19.8321
          ],
          [
            77.0014,
            19.1643
          ],
          [
            76.9008,
            18.3748
          ],
          [
            76.8198,
            17.7371
          ],
          [
            76.716,
            16.9169
          ],
          [
            76.6202,
            16.1573
          ],
          [
            76.5056,
            15.2455
          ],
          [
            76.418,
            14.5463
          ],
          [
            76.2851,
            13.482
          ],
          [
            76.198,
            12.7824
          ],
          [
            76.0545,
            11.6263
          ],
          [
            75.9227,
            10.561
          ],
          [
            75.8025,
            9.5867
          ],
          [
            75.6863,
            8.6426
          ],
          [
            75.5703,
            7.6981
          ],
          [
            75.4545,
            6.7535
          ],
          [
            75.309,
            5.5646
          ],
          [
            75.093,
            3.7957
          ],
          [
            74.9891,
            2.9432
          ]
        ]
      }
    },
    {
      "type": "Feature",
      "properties": {
        "product_id": "R_4478701_001_SS19_700_A",
        "instrument": "SHARAD_HIGHRES",
        "dat_file": "r_4478701_001_ss19_700_a.dat",
        "lbl_file": "r_4478701_001_ss19_700_a.lbl"
      },
      "geometry": {
        "type": "LineString",
        "coordinates": [
          [
            80.474,
            29.6111
          ],
          [
            80.387,
            28.9753
          ],
          [
            80.3005,
            28.3394
          ],
          [
            80.1981,
            27.5821
          ],
          [
            80.0882,
            26.7641
          ],
          [
            80.0072,
            26.1581
          ],
          [
            79.8904,
            25.2791
          ],
          [
            79.7663,
            24.3392
          ],
          [
            79.6946,
            23.7933
          ],
          [
            79.6073,
            23.126
          ],
          [
            79.5164,
            22.4283
          ],
          [
            79.3984,
            21.5179
          ],
          [
            79.2966,
            20.7287
          ],
          [
            79.2069,
            20.0304
          ],
          [
            79.071,
            18.9675
          ],
          [
            78.9512,
            18.0257
          ],
          [
            78.8588,
            17.2964
          ],
          [
            78.7322,
            16.2934
          ],
          [
            78.6328,
            15.5029
          ],
          [
            78.5337,
            14.7122
          ],
          [
            78.4083,
            13.7084
          ],
          [
            78.2644,
            12.552
          ],
          [
            78.17,
            11.791
          ],
          [
            78.0532,
            10.8471
          ],
          [
            77.9517,
            10.0248
          ],
          [
            77.8204,
            8.9586
          ],
          [
            77.7193,
            8.1358
          ],
          [
            77.6034,
            7.1908
          ],
          [
            77.428,
            5.7576
          ],
          [
            77.2678,
            4.4458
          ],
          [
            77.0892,
            2.9809
          ],
          [
            76.7252,
            -0.0097
          ]
        ]
      }
    },
    {
      "type": "Feature",
      "properties": {
        "product_id": "R_4485301_001_SS19_700_A",
        "instrument": "SHARAD_HIGHRES",
        "dat_file": "r_4485301_001_ss19_700_a.dat",
        "lbl_file": "r_4485301_001_ss19_700_a.lbl"
      },
      "geometry": {
        "type": "LineString",
        "coordinates": [
          [
            78.8838,
            29.68
          ],
          [
            78.8671,
            29.5589
          ],
          [
            78.7967,
            29.0442
          ],
          [
            78.6978,
            28.3174
          ],
          [
            78.5954,
            27.5601
          ],
          [
            78.5058,
            26.8935
          ],
          [
            78.4045,
            26.1359
          ],
          [
            78.3118,
            25.4387
          ],
          [
            78.2596,
            25.0446
          ],
          [
            78.1956,
            24.5595
          ],
          [
            78.1078,
            23.8923
          ],
          [
            78.0125,
            23.1643
          ],
          [
            77.9058,
            22.3451
          ],
          [
            77.8153,
            21.6471
          ],
          [
            77.7056,
            20.7972
          ],
          [
            77.5886,
            19.8863
          ],
          [
            77.5109,
            19.2789
          ],
          [
            77.3716,
            18.1853
          ],
          [
            77.2522,
            17.2432
          ],
          [
            77.1256,
            16.2401
          ],
          [
            77.0453,
            15.6016
          ],
          [
            76.9233,
            14.6284
          ],
          [
            76.8093,
            13.7158
          ],
          [
            76.7032,
            12.8638
          ],
          [
            76.5936,
            11.9811
          ],
          [
            76.4466,
            10.7936
          ],
          [
            76.3526,
            10.0322
          ],
          [
            76.1913,
            8.7221
          ],
          [
            76.0977,
            7.9602
          ],
          [
            75.9594,
            6.8322
          ],
          [
            75.8549,
            5.9783
          ],
          [
            75.717,
            4.8497
          ],
          [
            75.542,
            3.4154
          ],
          [
            75.3077,
            1.4919
          ],
          [
            75.1335,
            0.0601
          ]
        ]
      }
    },
    {
      "type": "Feature",
      "properties": {
        "product_id": "R_4499801_001_SS19_700_A",
        "instrument": "SHARAD_HIGHRES",
        "dat_file": "r_4499801_001_ss19_700_a.dat",
        "lbl_file": null
      },
      "geometry": {
        "type": "LineString",
        "coordinates": [
          [
            80.8786,
            29.6571
          ],
          [
            80.8081,
            29.1425
          ],
          [
            80.7215,
            28.5068
          ],
          [
            80.664,
            28.0829
          ],
          [
            80.6108,
            27.6892
          ],
          [
            80.513,
            26.9623
          ],
          [
            80.4036,
            26.1443
          ],
          [
            80.3069,
            25.417
          ],
          [
            80.1947,
            24.5684
          ],
          [
            80.103,
            23.8711
          ],
          [
            80.0117,
            23.1736
          ],
          [
            79.9129,
            22.4154
          ],
          [
            79.8067,
            21.5963
          ],
          [
            79.7205,
            20.9287
          ],
          [
            79.5918,
            19.9271
          ],
          [
            79.5141,
            19.3199
          ],
          [
            79.3864,
            18.3177
          ],
          [
            79.2708,
            17.4064
          ],
          [
            79.1595,
            16.5253
          ],
          [
            79.0562,
            15.7047
          ],
          [
            78.938,
            14.7622
          ],
          [
            78.8126,
            13.7587
          ],
          [
            78.7103,
            12.9374
          ],
          [
            78.5743,
            11.842
          ],
          [
            78.4575,
            10.8984
          ],
          [
            78.356,
            10.0763
          ],
          [
            78.2247,
            9.0104
          ],
          [
            78.075,
            7.7918
          ],
          [
            77.9144,
            6.4813
          ],
          [
            77.8137,
            5.6581
          ],
          [
            77.6796,
            4.5602
          ],
          [
            77.5196,
            3.2484
          ],
          [
            77.2631,
            1.1422
          ],
          [
            77.1287,
            0.037
          ]
        ]
      }
    }
  ]
}